-- phpMyAdmin SQL Dump
-- version 5.2.1
-- https://www.phpmyadmin.net/
--
-- Host: localhost:3306
-- Generation Time: Jun 10, 2024 at 11:47 AM
-- Server version: 10.6.16-MariaDB
-- PHP Version: 8.1.26

SET SQL_MODE = "NO_AUTO_VALUE_ON_ZERO";
START TRANSACTION;
SET time_zone = "+00:00";


/*!40101 SET @OLD_CHARACTER_SET_CLIENT=@@CHARACTER_SET_CLIENT */;
/*!40101 SET @OLD_CHARACTER_SET_RESULTS=@@CHARACTER_SET_RESULTS */;
/*!40101 SET @OLD_COLLATION_CONNECTION=@@COLLATION_CONNECTION */;
/*!40101 SET NAMES utf8mb4 */;

--
-- Database: `washonlineapp_malhofy`
--

-- --------------------------------------------------------

--
-- Table structure for table `addresses`
--

CREATE TABLE `addresses` (
  `id` bigint(20) UNSIGNED NOT NULL,
  `user_id` bigint(20) UNSIGNED NOT NULL,
  `region_id` bigint(20) UNSIGNED NOT NULL,
  `block` varchar(255) NOT NULL,
  `road` varchar(255) NOT NULL,
  `floor_no` varchar(255) NOT NULL,
  `appartment_no` varchar(255) NOT NULL,
  `note` varchar(255) DEFAULT NULL,
  `created_at` timestamp NULL DEFAULT NULL,
  `updated_at` timestamp NULL DEFAULT NULL,
  `is_active` tinyint(1) DEFAULT NULL,
  `long` varchar(255) DEFAULT NULL,
  `lat` varchar(255) DEFAULT NULL
) ENGINE=InnoDB DEFAULT CHARSET=utf8mb4 COLLATE=utf8mb4_unicode_ci;

--
-- Dumping data for table `addresses`
--

INSERT INTO `addresses` (`id`, `user_id`, `region_id`, `block`, `road`, `floor_no`, `appartment_no`, `note`, `created_at`, `updated_at`, `is_active`, `long`, `lat`) VALUES
(1, 4, 1, '2', '3', '4', '5', 'sasa', '2023-12-14 06:35:56', '2023-12-14 06:35:56', 1, 'bla bla', 'bla'),
(9, 12, 9, '55', 'jhhbvbbvv', '8', '888', 'b', '2023-12-25 21:29:30', '2024-06-10 04:43:45', 1, '31.41244646161795', '31.05721330057649'),
(12, 14, 5, '555', 'shush', '979791', '79797', NULL, '2023-12-26 17:36:27', '2024-06-07 06:24:25', 0, '49.57385636866093', '25.42151705946051'),
(13, 14, 5, '555', 'shush', '979791', '79797', NULL, '2023-12-26 17:37:25', '2024-06-07 06:24:25', 0, '49.57385636866093', '25.42151705946051'),
(14, 10, 2, 'تلات', '688', '888', '578', NULL, '2023-12-27 11:46:01', '2023-12-27 14:16:22', 0, '29.9463502', '31.2223557'),
(15, 10, 3, 'ابا', '68', '88', '88', NULL, '2023-12-27 11:49:49', '2023-12-27 14:16:22', 0, '29.9463674', '31.222359'),
(18, 10, 3, 'تل', '685', '654', '55', NULL, '2023-12-27 14:10:48', '2023-12-27 14:16:22', 0, '29.9463294', '31.2223437'),
(19, 10, 2, 'ترل', '88', '577', '87', NULL, '2023-12-27 14:12:32', '2023-12-27 14:16:22', 0, '29.9463435', '31.2223437'),
(21, 10, 2, 'فبر', '578', '577', '577', NULL, '2023-12-27 14:16:22', '2023-12-27 14:16:22', 1, '29.9463281', '31.2223431'),
(22, 22, 2, 'للتلب', '6', '2', '3', NULL, '2023-12-31 09:27:09', '2023-12-31 09:27:09', 1, '29.9463199', '31.2223455'),
(23, 23, 4, 'gfg', '3556', '588', '88', NULL, '2024-01-08 08:11:07', '2024-01-24 08:57:27', 1, '29.946354', '31.2223836'),
(25, 24, 1, 'القارع', '25', '33', '3', NULL, '2024-01-11 12:06:54', '2024-01-18 12:29:28', 1, '29.9463329', '31.2223304'),
(26, 24, 2, 'اللتان', '٤٥', '٥', '٢', NULL, '2024-01-14 11:05:33', '2024-01-18 12:29:28', 0, '29.946408681571484', '31.22248575458186'),
(31, 26, 1, '5', '12', '5', '5', NULL, '2024-01-24 09:06:05', '2024-06-05 07:27:25', 0, '29.94641404598951', '31.22241378908131'),
(32, 26, 1, '5', '12', '5', '5', NULL, '2024-01-24 09:08:30', '2024-06-05 07:27:25', 0, '29.94641404598951', '31.22241378908131'),
(33, 14, 5, 'الهفوف', 'الاستراحه', '2', '664', NULL, '2024-05-21 16:21:50', '2024-06-07 06:24:25', 1, '49.582065269351006', '25.37326207427292'),
(34, 37, 5, 'الشهابية', 'الهفوف', '334', '656', NULL, '2024-05-22 08:28:03', '2024-05-22 08:28:03', 1, '49.61051043123007', '25.35243539606273'),
(35, 26, 2, 'test', 'rest', '5', '2', NULL, '2024-05-27 04:28:34', '2024-06-05 07:27:25', 0, '29.956407956779007', '31.227884731155143'),
(38, 26, 2, 'try', 'tttt', '2', '2', NULL, '2024-06-05 07:23:14', '2024-06-05 07:27:25', 0, '30.00299122184515', '31.251365586395707'),
(39, 26, 2, 'try', 'tttt', '2', '2', NULL, '2024-06-05 07:24:33', '2024-06-05 07:27:25', 1, '30.00299122184515', '31.251365586395707'),
(40, 12, 5, '99', '99', '99', '99', NULL, '2024-06-05 07:34:30', '2024-06-10 04:43:45', 0, '-1.8263999372720716', '51.17889991879489');

-- --------------------------------------------------------

--
-- Table structure for table `admins`
--

CREATE TABLE `admins` (
  `id` bigint(20) UNSIGNED NOT NULL,
  `name` varchar(255) NOT NULL,
  `email` varchar(255) NOT NULL,
  `password` varchar(255) NOT NULL,
  `created_at` timestamp NULL DEFAULT NULL,
  `updated_at` timestamp NULL DEFAULT NULL,
  `company_id` varchar(255) DEFAULT NULL,
  `phone` varchar(255) DEFAULT NULL,
  `phone_code` varchar(255) DEFAULT '+966',
  `is_approved` tinyint(1) NOT NULL DEFAULT 0
) ENGINE=InnoDB DEFAULT CHARSET=utf8mb4 COLLATE=utf8mb4_unicode_ci;

--
-- Dumping data for table `admins`
--

INSERT INTO `admins` (`id`, `name`, `email`, `password`, `created_at`, `updated_at`, `company_id`, `phone`, `phone_code`, `is_approved`) VALUES
(123, 'admin', 'admin@admin.com', '$2a$10$UMQcTMEgKdpA5ZGQnrPPPePLT5zeUrKMr4hSF2IOrnkvFcP7zoJdq', '2024-05-20 09:54:44', NULL, NULL, '‎123456789', NULL, 0),
(133, 'nouran', 'nouran.ssp@gmail.com', '$2y$10$3UuGda57zvIl7AIut1VaCeNjvuqIEH2Kcngi5RPi9MiBqwjr9qNw.', '2024-05-25 09:22:57', '2024-05-31 14:13:20', '129', '+201017944211', '+20', 1),
(134, 'test', 'rodainaosama00@gmail.com', '$2y$10$yGA0Z08rfoUi9rVKBAZzOu5AWaEgshXfuVBnUkMqT7apCa5zt9vyi', '2024-05-27 04:12:33', '2024-05-27 07:39:43', '130', '+201090414929', '+20', 1),
(135, 'hhj', 'rodaina@gmail.com', '$2y$10$GP7kIOpeiIYYMVZ/hW5pauAs9iPLJNy6o7bNRFvrNbO.WNed.jnhu', '2024-05-27 04:44:50', '2024-05-27 04:44:58', '131', '+966123456788', '+966', 1),
(138, 'test', 'doniaelshenawyali@gmail.com', '$2y$10$ZtQ1zURPVAH7fxe6EYfrPOHXIt9ydQkLLUSnIbceN.vOV1SRCw2Kq', '2024-05-27 05:23:24', '2024-05-27 05:24:09', '134', '+966123456789', '+966', 1),
(139, 'rodina', 'rodina@gmail.com', '$2y$10$c0ycph8Avfan.TjfncBCMeSvRSPlhGQ8LvYgZNEa4LZKCCwB.D.hi', '2024-05-27 07:10:06', '2024-05-27 07:25:06', '135', '+966123456780', '+966', 1),
(140, 'testttt', 'rodainaosam0@gmail.com', '$2y$10$bEjxtKtrAhjJ1hX34bRLJeScvjPHrE6VjTCDqia4ckrrw32n4aZY2', '2024-05-27 07:26:44', '2024-05-27 07:31:05', '136', '+201090414928', '+20', 1),
(142, 'test', 'testt@gmail.com', '$2y$10$OjRH0wqAxviQksHaLFuh2OUN7xG.9AKVksWy9ICsslH54KlBwlily', '2024-06-02 07:17:12', '2024-06-02 07:17:58', '138', '+201090414927', '+20', 1),
(145, 'ghjj', 'ghj@gh.hj', '$2y$10$8oUgoPTc0eEMUYMZg/Z6EurODt1aosffOGcjTFzGlCQR5ZQ9ElGlC', '2024-06-02 07:39:32', '2024-06-02 07:39:32', '140', '+201090414992', '+20', 0),
(146, 'Ebrahim', 'ebrahim@gmail.com', '$2y$10$h8MWhTe7Io9YdduOTqZ.aOE.Ll1qwbjTio9uc2ORWAFmyrupVh6A.', '2024-06-02 07:41:47', '2024-06-02 07:43:20', '141', '+201223701860', '+20', 1),
(148, 'alahssa', 'stn@hotmail.com', '$2y$10$OOH0eUcWZNk6HQBKl7ax3.vPEZjtNHsZUAEX9YE.vLm5LmDXZYs1K', '2024-06-02 15:31:38', '2024-06-02 15:32:59', '143', '+966532244995', '+966', 1),
(154, 'test today', 'rodainao0@gmail.com', '$2y$10$IrvF94adSOpTCGE8cJHWUON/yCzkN5985nzWgsVMlzkkEjEkc/mda', '2024-06-03 07:42:58', '2024-06-03 07:44:18', '147', '+966123456787', '+966', 1),
(155, 'Khobar. Shamaliyah', 'ibrsapad@gmail.com', '$2y$10$a8id5aUC3ximxQj1wFwKjuEQ4udO2L17lm/TT5c.5mjS832fjYsSm', '2024-06-03 14:34:47', '2024-06-03 14:34:47', '148', '+966504814992', '+966', 0);

-- --------------------------------------------------------

--
-- Table structure for table `admin_notifications`
--

CREATE TABLE `admin_notifications` (
  `id` bigint(20) UNSIGNED NOT NULL,
  `admin_id` bigint(20) UNSIGNED NOT NULL,
  `body_ar` varchar(255) NOT NULL,
  `body_en` varchar(255) NOT NULL,
  `created_at` timestamp NULL DEFAULT NULL,
  `updated_at` timestamp NULL DEFAULT NULL
) ENGINE=InnoDB DEFAULT CHARSET=utf8mb4 COLLATE=utf8mb4_general_ci;

--
-- Dumping data for table `admin_notifications`
--

INSERT INTO `admin_notifications` (`id`, `admin_id`, `body_ar`, `body_en`, `created_at`, `updated_at`) VALUES
(118, 133, 'تم قبول الحساب', 'Your Account Is Approved', '2024-05-25 09:23:24', '2024-05-25 09:23:24'),
(119, 134, 'تم قبول الحساب', 'Your Account Is Approved', '2024-05-27 04:13:23', '2024-05-27 04:13:23'),
(120, 135, 'تم قبول الحساب', 'Your Account Is Approved', '2024-05-27 04:44:58', '2024-05-27 04:44:58'),
(122, 138, 'تم قبول الحساب', 'Your Account Is Approved', '2024-05-27 05:24:09', '2024-05-27 05:24:09'),
(123, 139, 'تم قبول الحساب', 'Your Account Is Approved', '2024-05-27 07:10:44', '2024-05-27 07:10:44'),
(124, 140, 'تم قبول الحساب', 'Your Account Is Approved', '2024-05-27 07:28:39', '2024-05-27 07:28:39'),
(125, 142, 'تم قبول الحساب', 'Your Account Is Approved', '2024-06-02 07:17:58', '2024-06-02 07:17:58'),
(128, 146, 'تم قبول الحساب', 'Your Account Is Approved', '2024-06-02 07:43:20', '2024-06-02 07:43:20'),
(129, 148, 'تم قبول الحساب', 'Your Account Is Approved', '2024-06-02 15:32:59', '2024-06-02 15:32:59'),
(130, 154, 'تم قبول الحساب', 'Your Account Is Approved', '2024-06-03 07:44:18', '2024-06-03 07:44:18');

-- --------------------------------------------------------

--
-- Table structure for table `cards`
--

CREATE TABLE `cards` (
  `id` bigint(20) UNSIGNED NOT NULL,
  `category_id` bigint(20) UNSIGNED NOT NULL,
  `title_ar` varchar(255) NOT NULL,
  `title_en` varchar(255) NOT NULL,
  `image` varchar(255) NOT NULL,
  `price` double(8,2) UNSIGNED NOT NULL,
  `discount` double(8,2) UNSIGNED NOT NULL,
  `created_at` timestamp NULL DEFAULT NULL,
  `updated_at` timestamp NULL DEFAULT NULL
) ENGINE=InnoDB DEFAULT CHARSET=utf8mb4 COLLATE=utf8mb4_unicode_ci;

--
-- Dumping data for table `cards`
--

INSERT INTO `cards` (`id`, `category_id`, `title_ar`, `title_en`, `image`, `price`, `discount`, `created_at`, `updated_at`) VALUES
(1, 6, 'نبثىشنمبىشنتبى', 'jkeanfkjdanfkjn', '/storage/cards/1702308953_6026.webp', 120.00, 20.00, '2023-12-11 13:35:53', '2023-12-11 13:35:53');

-- --------------------------------------------------------

--
-- Table structure for table `card_group`
--

CREATE TABLE `card_group` (
  `id` bigint(20) UNSIGNED NOT NULL,
  `card_id` bigint(20) UNSIGNED NOT NULL,
  `group_id` bigint(20) UNSIGNED NOT NULL,
  `created_at` timestamp NULL DEFAULT NULL,
  `updated_at` timestamp NULL DEFAULT NULL
) ENGINE=InnoDB DEFAULT CHARSET=utf8mb4 COLLATE=utf8mb4_unicode_ci;

--
-- Dumping data for table `card_group`
--

INSERT INTO `card_group` (`id`, `card_id`, `group_id`, `created_at`, `updated_at`) VALUES
(1, 1, 1, NULL, NULL),
(2, 1, 2, NULL, NULL),
(3, 1, 3, NULL, NULL),
(4, 1, 4, NULL, NULL),
(5, 1, 5, NULL, NULL);

-- --------------------------------------------------------

--
-- Table structure for table `carts`
--

CREATE TABLE `carts` (
  `id` bigint(20) UNSIGNED NOT NULL,
  `user_id` bigint(20) UNSIGNED NOT NULL,
  `company_service_id` bigint(20) UNSIGNED NOT NULL,
  `standard_quantity` int(10) UNSIGNED NOT NULL,
  `need_materials` tinyint(1) NOT NULL DEFAULT 0,
  `created_at` timestamp NULL DEFAULT NULL,
  `updated_at` timestamp NULL DEFAULT NULL,
  `note` text DEFAULT NULL
) ENGINE=InnoDB DEFAULT CHARSET=utf8mb4 COLLATE=utf8mb4_unicode_ci;

--
-- Dumping data for table `carts`
--

INSERT INTO `carts` (`id`, `user_id`, `company_service_id`, `standard_quantity`, `need_materials`, `created_at`, `updated_at`, `note`) VALUES
(157, 26, 78, 1, 1, '2024-06-05 07:22:35', '2024-06-05 07:22:35', 'Add your own instructions...'),
(161, 12, 57, 1, 1, '2024-06-10 04:43:32', '2024-06-10 04:43:32', 'Add your own instructions...');

-- --------------------------------------------------------

--
-- Table structure for table `categories`
--

CREATE TABLE `categories` (
  `id` bigint(20) UNSIGNED NOT NULL,
  `parent_id` bigint(20) UNSIGNED DEFAULT NULL,
  `title_ar` varchar(255) NOT NULL,
  `title_en` varchar(255) NOT NULL,
  `image` varchar(255) DEFAULT NULL,
  `created_at` timestamp NULL DEFAULT NULL,
  `updated_at` timestamp NULL DEFAULT NULL
) ENGINE=InnoDB DEFAULT CHARSET=utf8mb4 COLLATE=utf8mb4_unicode_ci;

--
-- Dumping data for table `categories`
--

INSERT INTO `categories` (`id`, `parent_id`, `title_ar`, `title_en`, `image`, `created_at`, `updated_at`) VALUES
(1, NULL, 'بلايستيشن', 'Playstation', NULL, '2023-12-04 07:29:35', '2023-12-04 07:29:35'),
(2, NULL, 'ايتيونز', 'Itunes', NULL, '2023-12-04 07:29:35', '2023-12-04 07:29:35'),
(3, NULL, 'جوجل ماركت', 'Google Play', NULL, '2023-12-04 07:29:35', '2023-12-04 07:29:35'),
(4, NULL, 'ستيم', 'Steam', NULL, '2023-12-04 07:29:35', '2023-12-04 07:29:35'),
(5, NULL, 'خدمات الموبايل والانترنت', 'Mobile and Internet', NULL, '2023-12-04 07:29:35', '2023-12-04 07:29:35'),
(6, 1, 'بلايستيشن مصري', 'Playstation eg', '/storage/categories/1702308901_7500.webp', '2023-12-11 13:35:01', '2023-12-11 13:35:01');

-- --------------------------------------------------------

--
-- Table structure for table `change_password_tokens`
--

CREATE TABLE `change_password_tokens` (
  `id` bigint(20) UNSIGNED NOT NULL,
  `user_id` bigint(20) UNSIGNED NOT NULL,
  `token` varchar(255) NOT NULL,
  `created_at` timestamp NULL DEFAULT NULL,
  `updated_at` timestamp NULL DEFAULT NULL
) ENGINE=InnoDB DEFAULT CHARSET=utf8mb4 COLLATE=utf8mb4_unicode_ci;

-- --------------------------------------------------------

--
-- Table structure for table `cities`
--

CREATE TABLE `cities` (
  `id` bigint(20) UNSIGNED NOT NULL,
  `region_id` bigint(20) UNSIGNED NOT NULL,
  `title_ar` varchar(255) DEFAULT NULL,
  `title_en` varchar(255) DEFAULT NULL,
  `lat` varchar(255) DEFAULT NULL,
  `long` varchar(255) DEFAULT NULL,
  `delivery_cost` decimal(9,3) NOT NULL DEFAULT 0.000,
  `status` tinyint(4) NOT NULL DEFAULT 1,
  `created_at` timestamp NULL DEFAULT NULL,
  `updated_at` timestamp NULL DEFAULT NULL
) ENGINE=InnoDB DEFAULT CHARSET=utf8mb4 COLLATE=utf8mb4_unicode_ci;

--
-- Dumping data for table `cities`
--

INSERT INTO `cities` (`id`, `region_id`, `title_ar`, `title_en`, `lat`, `long`, `delivery_cost`, `status`, `created_at`, `updated_at`) VALUES
(1, 7, 'آمدان', 'Amdan', NULL, NULL, 0.000, 1, NULL, NULL),
(2, 7, 'أكباد', 'Akbad', NULL, NULL, 0.000, 1, NULL, NULL),
(3, 1, 'الرياض', 'Riyadh', NULL, NULL, 0.000, 1, NULL, NULL),
(4, 7, 'أم الريح', 'Umm Ar Rih', NULL, NULL, 0.000, 1, NULL, NULL),
(5, 2, 'اعلى وادي عرضة', 'Aala Wadi Ardah', NULL, NULL, 0.000, 1, NULL, NULL),
(6, 2, 'عبال', 'Ad Dilam', NULL, NULL, 0.000, 1, NULL, NULL),
(7, 7, 'ابا القزاز', 'Aba Al Qizaz', NULL, NULL, 0.000, 1, NULL, NULL),
(8, 7, 'ابار قنا', 'Abar Qana', NULL, NULL, 0.000, 1, NULL, NULL),
(9, 7, 'ابو الحنشان', 'Abu Al Hinshan', NULL, NULL, 0.000, 1, NULL, NULL),
(10, 8, 'أبلة', 'Ablah', NULL, NULL, 0.000, 1, NULL, NULL),
(11, 4, 'بريدة', 'Buraydah', NULL, NULL, 0.000, 1, NULL, NULL),
(12, 5, 'أم العراد', 'Umm Al \'arad', NULL, NULL, 0.000, 1, NULL, NULL),
(13, 5, 'أم غور', 'Umm Ghawr', NULL, NULL, 0.000, 1, NULL, NULL),
(14, 3, 'آبار دحمولة', 'Abar Dahmulah', NULL, NULL, 0.000, 1, NULL, NULL),
(15, 6, 'ابها', 'Abha', NULL, NULL, 0.000, 1, NULL, NULL),
(16, 7, 'الاخضر', 'Al Akhdar', NULL, NULL, 0.000, 1, NULL, NULL),
(17, 10, 'عبدالله العيافي (العيافي)', 'Abdullah Al Eyafi (Al Eyafi)', NULL, NULL, 0.000, 1, NULL, NULL),
(18, 2, 'عباسة', 'abbasah', NULL, NULL, 0.000, 1, NULL, NULL),
(19, 7, 'البدع', 'Al Bada\'', NULL, NULL, 0.000, 1, NULL, NULL),
(20, 7, 'البديع', 'Al Badi\'', NULL, NULL, 0.000, 1, NULL, NULL),
(21, 7, 'البديعة', 'Al Badi\'ah', NULL, NULL, 0.000, 1, NULL, NULL),
(22, 7, 'البيانة', 'Al Bayyanah', NULL, NULL, 0.000, 1, NULL, NULL),
(23, 7, 'البيت', 'Al Bayt', NULL, NULL, 0.000, 1, NULL, NULL),
(24, 1, 'المجمعة', 'Al Majma\'ah', NULL, NULL, 0.000, 1, NULL, NULL),
(25, 7, 'الثميد', 'Ath Thumayd', NULL, NULL, 0.000, 1, NULL, NULL),
(26, 7, 'الجبعاوية', 'Al Jab\'awiyah', NULL, NULL, 0.000, 1, NULL, NULL),
(27, 7, 'الجدة', 'Al Jiddah', NULL, NULL, 0.000, 1, NULL, NULL),
(28, 7, 'الجهراء', 'Al Jahara', NULL, NULL, 0.000, 1, NULL, NULL),
(29, 7, 'الحرة', 'Al Harrah', NULL, NULL, 0.000, 1, NULL, NULL),
(30, 7, 'الحشا', 'Al Hasha', NULL, NULL, 0.000, 1, NULL, NULL),
(31, 5, 'ابرقية', 'Abraqiyah', NULL, NULL, 0.000, 1, NULL, NULL),
(32, 7, 'الحفيرة', 'Al Hufayrah', NULL, NULL, 0.000, 1, NULL, NULL),
(33, 7, 'الحميرة', 'Al Humayrah', NULL, NULL, 0.000, 1, NULL, NULL),
(34, 7, 'الحميضة', 'Al Humaydah', NULL, NULL, 0.000, 1, NULL, NULL),
(35, 7, 'الحواويط', 'Al Hawawit', NULL, NULL, 0.000, 1, NULL, NULL),
(36, 7, 'الحوي', 'Al Hawi', NULL, NULL, 0.000, 1, NULL, NULL),
(37, 7, 'الخريبة', 'Al Khuraybah', NULL, NULL, 0.000, 1, NULL, NULL),
(38, 7, 'الخريطة', 'Al Khuraytah', NULL, NULL, 0.000, 1, NULL, NULL),
(39, 7, 'الخشة', 'Al Khashah', NULL, NULL, 0.000, 1, NULL, NULL),
(40, 7, 'الخضراء الجديدة', 'Al Khadra Al Jadidah', NULL, NULL, 0.000, 1, NULL, NULL),
(41, 7, 'الدرة', 'Ad Durrah', NULL, NULL, 0.000, 1, NULL, NULL),
(42, 7, 'الدقم', 'Ad Duqum', NULL, NULL, 0.000, 1, NULL, NULL),
(43, 7, 'الديسة', 'Ad Disah', NULL, NULL, 0.000, 1, NULL, NULL),
(44, 5, 'ابن سرحان', 'Ibn Sirhan', NULL, NULL, 0.000, 1, NULL, NULL),
(45, 5, 'ابن شرار', 'Ibn Sharar', NULL, NULL, 0.000, 1, NULL, NULL),
(46, 5, 'ابن طوالة', 'Ibn Tuwalah', NULL, NULL, 0.000, 1, NULL, NULL),
(47, 5, 'ابن لغيصم', 'Ibn Lughaisim', NULL, NULL, 0.000, 1, NULL, NULL),
(48, 5, 'ابو حدرية', 'Abu Hadriyah', NULL, NULL, 0.000, 1, NULL, NULL),
(49, 5, 'ابو طوطاحه البرازي', 'Abu Tutahah Al Barazi', NULL, NULL, 0.000, 1, NULL, NULL),
(50, 5, 'ابو قعر', 'Abu Qa\'ar', NULL, NULL, 0.000, 1, NULL, NULL),
(51, 5, 'ابو معن', 'Abu Ma\'an', NULL, NULL, 0.000, 1, NULL, NULL),
(52, 5, 'الاحساء', 'Al Ahsa', NULL, NULL, 0.000, 1, NULL, NULL),
(53, 5, 'البطالية', 'Al Bataliyah', NULL, NULL, 0.000, 1, NULL, NULL),
(54, 5, 'البويبيات', 'Al Buwaybiyat', NULL, NULL, 0.000, 1, NULL, NULL),
(55, 5, 'التهيمية', 'At Tuhaymiyah', NULL, NULL, 0.000, 1, NULL, NULL),
(56, 5, 'التوبي', 'At Tubi', NULL, NULL, 0.000, 1, NULL, NULL),
(57, 5, 'التويثير', 'Al Tuwaythir', NULL, NULL, 0.000, 1, NULL, NULL),
(58, 5, 'الثقبة', 'Ath Thuqbah', NULL, NULL, 0.000, 1, NULL, NULL),
(59, 5, 'الجابرية', 'Al Jabiriyah', NULL, NULL, 0.000, 1, NULL, NULL),
(60, 5, 'الجبو', 'Al Jabu', NULL, NULL, 0.000, 1, NULL, NULL),
(61, 5, 'الجبيل', 'Al Jubail', NULL, NULL, 0.000, 1, NULL, NULL),
(62, 6, 'خميس مشيط', 'Khamis Mushayt', NULL, NULL, 0.000, 1, NULL, NULL),
(63, 5, 'الجديدة', 'Al Jadidah', NULL, NULL, 0.000, 1, NULL, NULL),
(64, 5, 'الجرن', 'Al Jarn', NULL, NULL, 0.000, 1, NULL, NULL),
(65, 6, 'احد رفيده', 'Ahad Rifaydah', NULL, NULL, 0.000, 1, NULL, NULL),
(66, 5, 'الجش', 'Al Jish', NULL, NULL, 0.000, 1, NULL, NULL),
(67, 5, 'الجشة', 'Al Jishshah', NULL, NULL, 0.000, 1, NULL, NULL),
(68, 7, 'الراس', 'Ar Ras', NULL, NULL, 0.000, 1, NULL, NULL),
(69, 7, 'الرويضات', 'Al Ruwaydat', NULL, NULL, 0.000, 1, NULL, NULL),
(70, 7, 'الزغلية', 'Az Zaghliyah', NULL, NULL, 0.000, 1, NULL, NULL),
(71, 7, 'الزيتة', 'Az Zaytah', NULL, NULL, 0.000, 1, NULL, NULL),
(72, 7, 'السنانيات', 'As Sananiyat', NULL, NULL, 0.000, 1, NULL, NULL),
(73, 7, 'الشايب', 'Ash Shayib', NULL, NULL, 0.000, 1, NULL, NULL),
(74, 7, 'الشبحة', 'Ash Shibahah', NULL, NULL, 0.000, 1, NULL, NULL),
(75, 7, 'الشبعان', 'Ash Shaban', NULL, NULL, 0.000, 1, NULL, NULL),
(76, 3, 'أبو طاقة', 'Abu Taqah', NULL, NULL, 0.000, 1, NULL, NULL),
(77, 7, 'الشدخ', 'Ash Shidakh', NULL, NULL, 0.000, 1, NULL, NULL),
(78, 7, 'الشرف', 'Ash Sharaf', NULL, NULL, 0.000, 1, NULL, NULL),
(79, 7, 'الصورة', 'As Surah', NULL, NULL, 0.000, 1, NULL, NULL),
(80, 4, 'عنيزة', 'Unayzah', NULL, NULL, 0.000, 1, NULL, NULL),
(81, 5, 'الجفر', 'Al Jafr', NULL, NULL, 0.000, 1, NULL, NULL),
(82, 5, 'الجليجلة', 'Al Julijlah', NULL, NULL, 0.000, 1, NULL, NULL),
(83, 5, 'الجوية', 'Al Jawiyah', NULL, NULL, 0.000, 1, NULL, NULL),
(84, 5, 'الجيشية', 'Al Jaishiyah', NULL, NULL, 0.000, 1, NULL, NULL),
(85, 5, 'الحبل', 'Al Habl', NULL, NULL, 0.000, 1, NULL, NULL),
(86, 5, 'الحرملية', 'Al Harmaliyah', NULL, NULL, 0.000, 1, NULL, NULL),
(87, 5, 'الحسي', 'Al Husayy', NULL, NULL, 0.000, 1, NULL, NULL),
(88, 5, 'الحفاير', 'Al Hafayer', NULL, NULL, 0.000, 1, NULL, NULL),
(89, 5, 'الحليسية', 'Al Hulaysiyah', NULL, NULL, 0.000, 1, NULL, NULL),
(90, 5, 'الحليلة', 'Al Halilah', NULL, NULL, 0.000, 1, NULL, NULL),
(91, 5, 'الحماطيات', 'Al Hamatiyat', NULL, NULL, 0.000, 1, NULL, NULL),
(92, 5, 'الحناة', 'Al Hinnah', NULL, NULL, 0.000, 1, NULL, NULL),
(93, 5, 'الحني', 'Al Hunayy', NULL, NULL, 0.000, 1, NULL, NULL),
(94, 5, 'الحوطة', 'Al Hawtah', NULL, NULL, 0.000, 1, NULL, NULL),
(95, 5, 'الحوية', 'Al Hawiyah', NULL, NULL, 0.000, 1, NULL, NULL),
(96, 5, 'الحيرا', 'Al Hayra', NULL, NULL, 0.000, 1, NULL, NULL),
(97, 5, 'الخبر', 'Al Khobar', NULL, NULL, 0.000, 1, NULL, NULL),
(98, 5, 'الخترشية', 'Al Khatrashiyah', NULL, NULL, 0.000, 1, NULL, NULL),
(99, 5, 'الخرس', 'Al Khars', NULL, NULL, 0.000, 1, NULL, NULL),
(100, 5, 'الخفجي', 'Al Khafji', NULL, NULL, 0.000, 1, NULL, NULL),
(101, 1, 'العيطلية', 'Al \'aytaliyah', NULL, NULL, 0.000, 1, NULL, NULL),
(102, 5, 'الخن', 'Al Khinn', NULL, NULL, 0.000, 1, NULL, NULL),
(103, 5, 'الخويس', 'Al Khuways', NULL, NULL, 0.000, 1, NULL, NULL),
(104, 5, 'الخويلدية', 'Al Khuwildiyah', NULL, NULL, 0.000, 1, NULL, NULL),
(105, 5, 'الدالوة', 'Ad Dalwah', NULL, NULL, 0.000, 1, NULL, NULL),
(106, 5, 'الدريدي', 'Ad Duraidy', NULL, NULL, 0.000, 1, NULL, NULL),
(107, 5, 'الدغيمية', 'Ad Dughaymiyah', NULL, NULL, 0.000, 1, NULL, NULL),
(108, 1, 'حزوة / العمانية', 'Hizwah (Al Umaniyah)', NULL, NULL, 0.000, 1, NULL, NULL),
(109, 5, 'الدمام', 'Dammam', NULL, NULL, 0.000, 1, NULL, NULL),
(110, 5, 'الذيبية', 'Adh Dhibiyah', NULL, NULL, 0.000, 1, NULL, NULL),
(111, 5, 'الرافعية', 'Ar Raf\'iyah', NULL, NULL, 0.000, 1, NULL, NULL),
(112, 5, 'الراكة', 'Ar Rakah', NULL, NULL, 0.000, 1, NULL, NULL),
(113, 5, 'الربيعية', 'Ar Rabi\'iyah', NULL, NULL, 0.000, 1, NULL, NULL),
(114, 5, 'الرفيعة', 'Ar Rafi\'ah', NULL, NULL, 0.000, 1, NULL, NULL),
(115, 5, 'الرقعى', 'Ar Ruq\'i', NULL, NULL, 0.000, 1, NULL, NULL),
(116, 5, 'الرقعي الجديدة', 'Ar Ruq\'i Al Jadidah', NULL, NULL, 0.000, 1, NULL, NULL),
(117, 5, 'الرميلة', 'Ar Rumaylah', NULL, NULL, 0.000, 1, NULL, NULL),
(118, 5, 'الزبر', 'Az Zabr', NULL, NULL, 0.000, 1, NULL, NULL),
(119, 5, 'الزغين', 'Az Zughayn', NULL, NULL, 0.000, 1, NULL, NULL),
(120, 5, 'الزور', 'Az Zawr', NULL, NULL, 0.000, 1, NULL, NULL),
(121, 5, 'السالمية', 'As Salmiyah', NULL, NULL, 0.000, 1, NULL, NULL),
(122, 5, 'السباط', 'As Sabat', NULL, NULL, 0.000, 1, NULL, NULL),
(123, 5, 'السبايرة', 'As Sabayirah', NULL, NULL, 0.000, 1, NULL, NULL),
(124, 5, 'السعيرة', 'As Su\'ayyirah', NULL, NULL, 0.000, 1, NULL, NULL),
(125, 5, 'السفانية', 'As Saffaniyah', NULL, NULL, 0.000, 1, NULL, NULL),
(126, 5, 'السيح', 'As Seeh', NULL, NULL, 0.000, 1, NULL, NULL),
(127, 5, 'الشامية', 'Ash Shamiyah', NULL, NULL, 0.000, 1, NULL, NULL),
(128, 5, 'الشعبة', 'Ash Shu\'abah', NULL, NULL, 0.000, 1, NULL, NULL),
(129, 5, 'الشقيق', 'Ash Shaqiq', NULL, NULL, 0.000, 1, NULL, NULL),
(130, 5, 'الشملول / ام عقلا', 'Ash Shamlul (Umm Aqla)', NULL, NULL, 0.000, 1, NULL, NULL),
(131, 5, 'الشهادين', 'Ash Shahadin', NULL, NULL, 0.000, 1, NULL, NULL),
(132, 5, 'الشهارين', 'Ash Shaharin', NULL, NULL, 0.000, 1, NULL, NULL),
(133, 5, 'الشيحية', 'Ash Shihiyah', NULL, NULL, 0.000, 1, NULL, NULL),
(134, 5, 'الشيط', 'Ash Shayyit', NULL, NULL, 0.000, 1, NULL, NULL),
(135, 5, 'الصحاف', 'As Sahaf', NULL, NULL, 0.000, 1, NULL, NULL),
(136, 5, 'الصداوي', 'As Sidawi', NULL, NULL, 0.000, 1, NULL, NULL),
(137, 5, 'الصرار', 'As Sarrar', NULL, NULL, 0.000, 1, NULL, NULL),
(138, 1, 'الافلاج', 'Al Aflaj', NULL, NULL, 0.000, 1, NULL, NULL),
(139, 4, 'خيطان', 'Khaitan', NULL, NULL, 0.000, 1, NULL, NULL),
(140, 1, 'الوسيعة', 'Al Wasi\'ah', NULL, NULL, 0.000, 1, NULL, NULL),
(141, 1, 'تمرية', 'Tamriyah', NULL, NULL, 0.000, 1, NULL, NULL),
(142, 1, 'ابو خسيفاء', 'Abu Khusayfa', NULL, NULL, 0.000, 1, NULL, NULL),
(143, 1, 'النخيل', 'An Nakhil', NULL, NULL, 0.000, 1, NULL, NULL),
(144, 1, 'السحيمي', 'As Suhaymi', NULL, NULL, 0.000, 1, NULL, NULL),
(145, 1, 'مصدة', 'Masadah', NULL, NULL, 0.000, 1, NULL, NULL),
(146, 1, 'أم سديرة', 'Umm Sudayrah', NULL, NULL, 0.000, 1, NULL, NULL),
(147, 1, 'التنهاة', 'At Tanhah', NULL, NULL, 0.000, 1, NULL, NULL),
(148, 1, 'قري التويم', 'Qura At Tuwaym', NULL, NULL, 0.000, 1, NULL, NULL),
(149, 1, 'الشحمة', 'Ash Shahmah', NULL, NULL, 0.000, 1, NULL, NULL),
(150, 1, 'الودي', 'Al Wuday', NULL, NULL, 0.000, 1, NULL, NULL),
(151, 1, 'جوي', 'Juwayy', NULL, NULL, 0.000, 1, NULL, NULL),
(152, 1, 'مقبلة', 'Muqbilah', NULL, NULL, 0.000, 1, NULL, NULL),
(153, 1, 'حرمة', 'Harmah', NULL, NULL, 0.000, 1, NULL, NULL),
(154, 7, 'العسافية', 'Al Assafiyah', NULL, NULL, 0.000, 1, NULL, NULL),
(155, 1, 'جراب', 'Jirab', NULL, NULL, 0.000, 1, NULL, NULL),
(156, 1, 'العقلة', 'Al \'uqlah', NULL, NULL, 0.000, 1, NULL, NULL),
(157, 1, 'النغيق', 'An Nughayq', NULL, NULL, 0.000, 1, NULL, NULL),
(158, 1, 'حويمضة', 'Huwaimidah', NULL, NULL, 0.000, 1, NULL, NULL),
(159, 1, 'البتيراء', 'Al Butaira\'', NULL, NULL, 0.000, 1, NULL, NULL),
(160, 1, 'المشاش', 'Al Mishash', NULL, NULL, 0.000, 1, NULL, NULL),
(161, 1, 'الفروثي', 'Al Furuthi', NULL, NULL, 0.000, 1, NULL, NULL),
(162, 1, 'جلاجل', 'Jalajil', NULL, NULL, 0.000, 1, NULL, NULL),
(163, 1, 'الدخيلة', 'Ad Dakhilah', NULL, NULL, 0.000, 1, NULL, NULL),
(164, 1, 'الحصون', 'Al Husun', NULL, NULL, 0.000, 1, NULL, NULL),
(165, 1, 'حوطة سدير', 'Hawtat Sudair', NULL, NULL, 0.000, 1, NULL, NULL),
(166, 1, 'روضة سدير', 'Rawdat Sudair', NULL, NULL, 0.000, 1, NULL, NULL),
(167, 1, 'تمير', 'Tumair', NULL, NULL, 0.000, 1, NULL, NULL),
(168, 1, 'الارطاوية', 'Al Artawiyah', NULL, NULL, 0.000, 1, NULL, NULL),
(169, 1, 'العمار', 'Al \'amar', NULL, NULL, 0.000, 1, NULL, NULL),
(170, 1, 'الخيس', 'Al Khis', NULL, NULL, 0.000, 1, NULL, NULL),
(171, 1, 'المعشبة', 'Al Ma\'ashbah', NULL, NULL, 0.000, 1, NULL, NULL),
(172, 1, 'التويم', 'At Tuwaym', NULL, NULL, 0.000, 1, NULL, NULL),
(173, 1, 'الخطامة', 'Al Khutamah', NULL, NULL, 0.000, 1, NULL, NULL),
(174, 1, 'الرويضة', 'Ar Ruwaydah', NULL, NULL, 0.000, 1, NULL, NULL),
(175, 1, 'الشعب', 'Ash Shi\'b', NULL, NULL, 0.000, 1, NULL, NULL),
(176, 1, 'عشيرة سدير', 'Asharat Sudair', NULL, NULL, 0.000, 1, NULL, NULL),
(177, 1, 'الجنيفي', 'Al Junayfi', NULL, NULL, 0.000, 1, NULL, NULL),
(178, 1, 'العطار', 'Al \'attar', NULL, NULL, 0.000, 1, NULL, NULL),
(179, 1, 'ام الجماجم', 'Umm Al Jamajim', NULL, NULL, 0.000, 1, NULL, NULL),
(180, 1, 'مشلح', 'Mishlah', NULL, NULL, 0.000, 1, NULL, NULL),
(181, 1, 'ام رجوم', 'Umm Rujum', NULL, NULL, 0.000, 1, NULL, NULL),
(182, 1, 'الرويضة', 'Ar Ruwaydah', NULL, NULL, 0.000, 1, NULL, NULL),
(183, 1, 'الفيصلية', 'Al Faysaliyah', NULL, NULL, 0.000, 1, NULL, NULL),
(184, 1, 'بوضاء', 'Bawda\'', NULL, NULL, 0.000, 1, NULL, NULL),
(185, 1, 'الحائر', 'Al Hair', NULL, NULL, 0.000, 1, NULL, NULL),
(186, 1, 'وشي', 'Wushayy', NULL, NULL, 0.000, 1, NULL, NULL),
(187, 1, 'عودة سدير', 'awdat Sudayr', NULL, NULL, 0.000, 1, NULL, NULL),
(188, 1, 'مبايض', 'Mubayid', NULL, NULL, 0.000, 1, NULL, NULL),
(189, 1, 'القاعية', 'Al Qa\'iyah', NULL, NULL, 0.000, 1, NULL, NULL),
(190, 3, 'أبو قرن', 'Abu Qarn', NULL, NULL, 0.000, 1, NULL, NULL),
(191, 3, 'أبو كبير', 'Abu Kabir', NULL, NULL, 0.000, 1, NULL, NULL),
(192, 3, 'أبو مغير', 'Abu Mughayr', NULL, NULL, 0.000, 1, NULL, NULL),
(193, 3, 'أبو نمصات', 'Abu Numasat', NULL, NULL, 0.000, 1, NULL, NULL),
(194, 3, 'أرباق', 'Arbaq', NULL, NULL, 0.000, 1, NULL, NULL),
(195, 3, 'أم البرك', 'Umm Al Birak', NULL, NULL, 0.000, 1, NULL, NULL),
(196, 3, 'أم العراد', 'Umm Al \'arad', NULL, NULL, 0.000, 1, NULL, NULL),
(197, 3, 'أم العيال', 'Umm Al \'iyal', NULL, NULL, 0.000, 1, NULL, NULL),
(198, 3, 'أم الغيران', 'Umm Al Ghiran', NULL, NULL, 0.000, 1, NULL, NULL),
(199, 3, 'أم المسن', 'Umm Al Misin', NULL, NULL, 0.000, 1, NULL, NULL),
(200, 7, 'العمبجة', 'Al \'ambijah', NULL, NULL, 0.000, 1, NULL, NULL),
(201, 3, 'أم زرب', 'Umm Zarb', NULL, NULL, 0.000, 1, NULL, NULL),
(202, 3, 'أم صمدين', 'Umm Sumdayn', NULL, NULL, 0.000, 1, NULL, NULL),
(203, 3, 'أم فحي', 'Umm Fahi', NULL, NULL, 0.000, 1, NULL, NULL),
(204, 3, 'أويدك', 'Uwaydik', NULL, NULL, 0.000, 1, NULL, NULL),
(205, 3, 'ابا البقر', 'Aba Al Baqar', NULL, NULL, 0.000, 1, NULL, NULL),
(206, 3, 'ابو اراكة', 'Abu Arakah', NULL, NULL, 0.000, 1, NULL, NULL),
(207, 3, 'ابو ضباع', 'Abu Diba\'', NULL, NULL, 0.000, 1, NULL, NULL),
(208, 3, 'ابيار الماشي', 'Abyar Al Mashi', NULL, NULL, 0.000, 1, NULL, NULL),
(209, 3, 'ابيار علي', 'Abyar Ali', NULL, NULL, 0.000, 1, NULL, NULL),
(210, 3, 'الأثود', 'Al Athud', NULL, NULL, 0.000, 1, NULL, NULL),
(211, 3, 'الأحمر', 'Al Ahmar', NULL, NULL, 0.000, 1, NULL, NULL),
(212, 3, 'الأسطح', 'Al Astah', NULL, NULL, 0.000, 1, NULL, NULL),
(213, 3, 'الابرق', 'Al Abraq', NULL, NULL, 0.000, 1, NULL, NULL),
(214, 3, 'الاصيحر', 'Al Asayhir', NULL, NULL, 0.000, 1, NULL, NULL),
(215, 3, 'الاكحل', 'Al Akhal', NULL, NULL, 0.000, 1, NULL, NULL),
(216, 3, 'البثنة', 'Al Bathnah', NULL, NULL, 0.000, 1, NULL, NULL),
(217, 3, 'البديع', 'Al Badi\'', NULL, NULL, 0.000, 1, NULL, NULL),
(218, 3, 'البراقية', 'Al Barraqiyah', NULL, NULL, 0.000, 1, NULL, NULL),
(219, 3, 'البردية', 'Al Bardiyah', NULL, NULL, 0.000, 1, NULL, NULL),
(220, 3, 'البركة', 'Al Birkah', NULL, NULL, 0.000, 1, NULL, NULL),
(221, 3, 'البركة', 'Al Birkah', NULL, NULL, 0.000, 1, NULL, NULL),
(222, 3, 'البريدي', 'Al Baridi', NULL, NULL, 0.000, 1, NULL, NULL),
(223, 7, 'العمود', 'Al \'amud', NULL, NULL, 0.000, 1, NULL, NULL),
(224, 7, 'العنبة', 'Al \'anabah', NULL, NULL, 0.000, 1, NULL, NULL),
(225, 7, 'العين', 'Al \'ayn', NULL, NULL, 0.000, 1, NULL, NULL),
(226, 7, 'الغال', 'Al Ghal', NULL, NULL, 0.000, 1, NULL, NULL),
(227, 5, 'الصفيري', 'As Sufairy', NULL, NULL, 0.000, 1, NULL, NULL),
(228, 7, 'الفوهة', 'Al Fawhah', NULL, NULL, 0.000, 1, NULL, NULL),
(229, 7, 'القرص', 'Al Qars', NULL, NULL, 0.000, 1, NULL, NULL),
(230, 7, 'القليبة', 'Al Qalibah', NULL, NULL, 0.000, 1, NULL, NULL),
(231, 3, 'البريكة', 'Al Buraykah', NULL, NULL, 0.000, 1, NULL, NULL),
(232, 7, 'الكتيب', 'Al Kutaib', NULL, NULL, 0.000, 1, NULL, NULL),
(233, 7, 'الكر', 'Al Kurr', NULL, NULL, 0.000, 1, NULL, NULL),
(234, 7, 'اللوز', 'Al Lawz', NULL, NULL, 0.000, 1, NULL, NULL),
(235, 7, 'المرير', 'Al Murayr', NULL, NULL, 0.000, 1, NULL, NULL),
(236, 7, 'المريشدية', 'Al Murayshdiyah', NULL, NULL, 0.000, 1, NULL, NULL),
(237, 7, 'المعظم', 'Al Ma\'dham', NULL, NULL, 0.000, 1, NULL, NULL),
(238, 7, 'المنجور', 'Al Manjur', NULL, NULL, 0.000, 1, NULL, NULL),
(239, 7, 'المهارش', 'Al Mharish', NULL, NULL, 0.000, 1, NULL, NULL),
(240, 7, 'المهدرة', 'Al Mahadrah', NULL, NULL, 0.000, 1, NULL, NULL),
(241, 5, 'الطربيل', 'At Tarbil', NULL, NULL, 0.000, 1, NULL, NULL),
(242, 5, 'الطرف', 'At Taraf', NULL, NULL, 0.000, 1, NULL, NULL),
(243, 5, 'الطليعة', 'Al Taleah', NULL, NULL, 0.000, 1, NULL, NULL),
(244, 5, 'الظهران', 'Dhahran', NULL, NULL, 0.000, 1, NULL, NULL),
(245, 5, 'العاذرية', 'Al \'adhiriyah', NULL, NULL, 0.000, 1, NULL, NULL),
(246, 5, 'العبيلة', 'Al \'ubaylah', NULL, NULL, 0.000, 1, NULL, NULL),
(247, 5, 'العديد', 'Al \'adid', NULL, NULL, 0.000, 1, NULL, NULL),
(248, 5, 'العزيزية', 'Al \'aziziyah', NULL, NULL, 0.000, 1, NULL, NULL),
(249, 5, 'العضيلية', 'Al Udayliyah', NULL, NULL, 0.000, 1, NULL, NULL),
(250, 5, 'العقير', 'Al Uqayr', NULL, NULL, 0.000, 1, NULL, NULL),
(251, 5, 'العمران', 'Al Umran', NULL, NULL, 0.000, 1, NULL, NULL),
(252, 5, 'العوامية', 'Al \'awwamiyah', NULL, NULL, 0.000, 1, NULL, NULL),
(253, 5, 'العيون', 'Al Uyun', NULL, NULL, 0.000, 1, NULL, NULL),
(254, 5, 'العيينة', 'Al Uyainah', NULL, NULL, 0.000, 1, NULL, NULL),
(255, 5, 'الغويبة', 'Al Ghuwaybah', NULL, NULL, 0.000, 1, NULL, NULL),
(256, 6, 'طريب', 'Tarib', NULL, NULL, 0.000, 1, NULL, NULL),
(257, 5, 'الفاضلي', 'Al Fadili', NULL, NULL, 0.000, 1, NULL, NULL),
(258, 1, 'الروضة', 'Ar Rawdah', NULL, NULL, 0.000, 1, NULL, NULL),
(259, 1, 'المنسف', 'Al Mansaf', NULL, NULL, 0.000, 1, NULL, NULL),
(260, 1, 'منسية الغربية', 'Mansiyah Al Gharbiyah', NULL, NULL, 0.000, 1, NULL, NULL),
(261, 1, 'عشيرة', 'ushayrah', NULL, NULL, 0.000, 1, NULL, NULL),
(262, 1, 'الفيصلية', 'Al Faysaliyah', NULL, NULL, 0.000, 1, NULL, NULL),
(263, 1, 'الثوير', 'Ath Thuwayr', NULL, NULL, 0.000, 1, NULL, NULL),
(264, 1, 'زليغف', 'Zulayghif', NULL, NULL, 0.000, 1, NULL, NULL),
(265, 1, 'مزارع الاثلة', 'Mazari\' Al Athlah', NULL, NULL, 0.000, 1, NULL, NULL),
(266, 1, 'مزارع الرحية', 'Mazari\' Ar Ruhayyah', NULL, NULL, 0.000, 1, NULL, NULL),
(267, 1, 'قصيباء', 'Qusayba', NULL, NULL, 0.000, 1, NULL, NULL),
(268, 1, 'مزرعة بيضاء نثيل', 'Mazra\'at Bayda Nuthayl', NULL, NULL, 0.000, 1, NULL, NULL),
(269, 1, 'امارة المستوي', 'Imarat Al Mistawi', NULL, NULL, 0.000, 1, NULL, NULL),
(270, 1, 'الزلفي', 'Az Zulfi', NULL, NULL, 0.000, 1, NULL, NULL),
(271, 1, 'سمنان', 'Samnan', NULL, NULL, 0.000, 1, NULL, NULL),
(272, 1, 'علقة', 'iliqah', NULL, NULL, 0.000, 1, NULL, NULL),
(273, 3, 'البقارية', 'Al Baqqariyah', NULL, NULL, 0.000, 1, NULL, NULL),
(274, 3, 'البقاع', 'Al Biqa\'', NULL, NULL, 0.000, 1, NULL, NULL),
(275, 3, 'البوير', 'Al Buwair', NULL, NULL, 0.000, 1, NULL, NULL),
(276, 3, 'البييرات', 'Al Buyayrat', NULL, NULL, 0.000, 1, NULL, NULL),
(277, 3, 'الثعلة', 'Ath Tha\'alah', NULL, NULL, 0.000, 1, NULL, NULL),
(278, 3, 'الثمد', 'Al Thamad', NULL, NULL, 0.000, 1, NULL, NULL),
(279, 3, 'الجابرية', 'Al Jabiriyah', NULL, NULL, 0.000, 1, NULL, NULL),
(280, 3, 'الجديد', 'Al Jadid', NULL, NULL, 0.000, 1, NULL, NULL),
(281, 3, 'الجديدة', 'Al Jadidah', NULL, NULL, 0.000, 1, NULL, NULL),
(282, 3, 'الجرف', 'Al Jarf', NULL, NULL, 0.000, 1, NULL, NULL),
(283, 3, 'الجريسية', 'Al Juraysiyah', NULL, NULL, 0.000, 1, NULL, NULL),
(284, 3, 'الجصة', 'Al Jissah', NULL, NULL, 0.000, 1, NULL, NULL),
(285, 3, 'الجصة', 'Al Jissah', NULL, NULL, 0.000, 1, NULL, NULL),
(286, 3, 'الجفدور', 'Al Jifdur', NULL, NULL, 0.000, 1, NULL, NULL),
(287, 3, 'الجفر', 'Al Jafr', NULL, NULL, 0.000, 1, NULL, NULL),
(288, 3, 'الجوابرة', 'Al Jawabirat', NULL, NULL, 0.000, 1, NULL, NULL),
(289, 3, 'الحار', 'Al Har', NULL, NULL, 0.000, 1, NULL, NULL),
(290, 3, 'الحار السفلى', 'Al Har As Sufla', NULL, NULL, 0.000, 1, NULL, NULL),
(291, 3, 'الحار العليا', 'Al Har Al \'ulya', NULL, NULL, 0.000, 1, NULL, NULL),
(292, 3, 'الحجب', 'Al Hajab', NULL, NULL, 0.000, 1, NULL, NULL),
(293, 3, 'الحجرية', 'Al Hijriyah', NULL, NULL, 0.000, 1, NULL, NULL),
(294, 1, 'رماح', 'Rumah', NULL, NULL, 0.000, 1, NULL, NULL),
(295, 1, 'حفر العتك', 'Hafar Al Atk', NULL, NULL, 0.000, 1, NULL, NULL),
(296, 1, 'المزيرع', 'Al Muzayri\'', NULL, NULL, 0.000, 1, NULL, NULL),
(297, 1, 'شوية', 'Shawyah', NULL, NULL, 0.000, 1, NULL, NULL),
(298, 1, 'الحفنة', 'Al Hifnah', NULL, NULL, 0.000, 1, NULL, NULL),
(299, 1, 'الغيلانة', 'Al Ghaylanah', NULL, NULL, 0.000, 1, NULL, NULL),
(300, 1, 'الرمحية', 'Ar Rumhiyah', NULL, NULL, 0.000, 1, NULL, NULL),
(301, 5, 'الفردانية', 'Al Fardaniyah', NULL, NULL, 0.000, 1, NULL, NULL),
(302, 7, 'المويلح', 'Al Muwaylih', NULL, NULL, 0.000, 1, NULL, NULL),
(303, 5, 'الفريدة', 'Al Farridah', NULL, NULL, 0.000, 1, NULL, NULL),
(304, 5, 'الفريع', 'Al Furay\'', NULL, NULL, 0.000, 1, NULL, NULL),
(305, 7, 'النابع', 'An Nabi\'', NULL, NULL, 0.000, 1, NULL, NULL),
(306, 1, 'الغاط', 'Al Ghat', NULL, NULL, 0.000, 1, NULL, NULL),
(307, 1, 'مليح', 'Mulayh', NULL, NULL, 0.000, 1, NULL, NULL),
(308, 7, 'النعيلة', 'An Nu\'aylah', NULL, NULL, 0.000, 1, NULL, NULL),
(309, 7, 'الهامة', 'Al Hamah', NULL, NULL, 0.000, 1, NULL, NULL),
(310, 7, 'الهوجاء', 'Al Hawja\'', NULL, NULL, 0.000, 1, NULL, NULL),
(311, 7, 'الوادي الجديد', 'Al Wadi Al Jadid', NULL, NULL, 0.000, 1, NULL, NULL),
(312, 7, 'الوجه', 'Al Wajh', NULL, NULL, 0.000, 1, NULL, NULL),
(313, 7, 'املج', 'Umluj', NULL, NULL, 0.000, 1, NULL, NULL),
(314, 7, 'بئر ابن رشدان', 'Bir Ibn Rashdan', NULL, NULL, 0.000, 1, NULL, NULL),
(315, 7, 'بئر ابو العجاج', 'Bir Abu Al \'ajjaj', NULL, NULL, 0.000, 1, NULL, NULL),
(316, 7, 'بئر الحيز', 'Bir Al Hayz', NULL, NULL, 0.000, 1, NULL, NULL),
(317, 7, 'بئر السادي', 'Bir As Sadi', NULL, NULL, 0.000, 1, NULL, NULL),
(318, 7, 'بئر بحار', 'Bir Bahar', NULL, NULL, 0.000, 1, NULL, NULL),
(319, 7, 'بئر بن هرماس', 'Bir Ibn Hermas', NULL, NULL, 0.000, 1, NULL, NULL),
(320, 7, 'بئر عودة', 'Bir \'audah', NULL, NULL, 0.000, 1, NULL, NULL),
(321, 7, 'بئر فجر', 'Bi\'r Fajr', NULL, NULL, 0.000, 1, NULL, NULL),
(322, 7, 'بئر فحيمان', 'Bir Fhayman', NULL, NULL, 0.000, 1, NULL, NULL),
(323, 7, 'بجدة', 'Bajdah', NULL, NULL, 0.000, 1, NULL, NULL),
(324, 7, 'بداء', 'Bada\'', NULL, NULL, 0.000, 1, NULL, NULL),
(325, 7, 'بقيلة', 'Buqaylah', NULL, NULL, 0.000, 1, NULL, NULL),
(326, 7, 'بوهان', 'Buhan', NULL, NULL, 0.000, 1, NULL, NULL),
(327, 7, 'تبوك', 'Tabuk', NULL, NULL, 0.000, 1, NULL, NULL),
(328, 3, 'الحرضة', 'Al Hardhah', NULL, NULL, 0.000, 1, NULL, NULL),
(329, 1, 'مزارع البدائع', 'Mazari\' Al Badai\'', NULL, NULL, 0.000, 1, NULL, NULL),
(330, 1, 'الخاتلة', 'Al Khatilah', NULL, NULL, 0.000, 1, NULL, NULL),
(331, 1, 'البلاد الوسطى', 'Al Bilad Al Wusta', NULL, NULL, 0.000, 1, NULL, NULL),
(332, 1, 'العليا', 'Al \'ulayya', NULL, NULL, 0.000, 1, NULL, NULL),
(333, 1, 'الحسيان', 'Al Hisyan', NULL, NULL, 0.000, 1, NULL, NULL),
(334, 1, 'الضلعي', 'Ad Dul \'ayi', NULL, NULL, 0.000, 1, NULL, NULL),
(335, 1, 'تنيبيكة', 'Tunaibikah', NULL, NULL, 0.000, 1, NULL, NULL),
(336, 1, 'عبلة', 'ablah', NULL, NULL, 0.000, 1, NULL, NULL),
(337, 1, 'عبلية', 'abliyah', NULL, NULL, 0.000, 1, NULL, NULL),
(338, 1, 'هجرة السلات', 'Hijrat As Silat', NULL, NULL, 0.000, 1, NULL, NULL),
(339, 1, 'ام طلحة', 'Umm Talhah', NULL, NULL, 0.000, 1, NULL, NULL),
(340, 1, 'معرج قليشة', 'Mua\'rij Qulaishah', NULL, NULL, 0.000, 1, NULL, NULL),
(341, 1, 'داغان', 'Daghan', NULL, NULL, 0.000, 1, NULL, NULL),
(342, 1, 'الجرفية', 'Al Jurfiyah', NULL, NULL, 0.000, 1, NULL, NULL),
(343, 1, 'حشاشة', 'Hashashah', NULL, NULL, 0.000, 1, NULL, NULL),
(344, 1, 'المردمة', 'Al Mardamah', NULL, NULL, 0.000, 1, NULL, NULL),
(345, 1, 'لهدة الصياهد', 'Lahdat As Sayahid', NULL, NULL, 0.000, 1, NULL, NULL),
(346, 1, 'البرزاء', 'Al Barza', NULL, NULL, 0.000, 1, NULL, NULL),
(347, 1, 'الفيضة', 'Al Faydah', NULL, NULL, 0.000, 1, NULL, NULL),
(348, 1, 'الخالدية', 'Al Khalidiyah', NULL, NULL, 0.000, 1, NULL, NULL),
(349, 1, 'الحمادة', 'Al Hamadah', NULL, NULL, 0.000, 1, NULL, NULL),
(350, 1, 'القرارة', 'Al Qararah', NULL, NULL, 0.000, 1, NULL, NULL),
(351, 3, 'الحسو', 'Al Hisu', NULL, NULL, 0.000, 1, NULL, NULL),
(352, 3, 'الحسينية', 'Al Husayniyah', NULL, NULL, 0.000, 1, NULL, NULL),
(353, 3, 'الحمنة', 'Al Hamnah', NULL, NULL, 0.000, 1, NULL, NULL),
(354, 3, 'الحميدية', 'Al Hamidiyah', NULL, NULL, 0.000, 1, NULL, NULL),
(355, 3, 'الحناكية', 'Al Hinakiyah', NULL, NULL, 0.000, 1, NULL, NULL),
(356, 3, 'الحويمضة', 'Al Huwaymidah', NULL, NULL, 0.000, 1, NULL, NULL),
(357, 3, 'الخريبة', 'Al Khuraybah', NULL, NULL, 0.000, 1, NULL, NULL),
(358, 3, 'الخضراء', 'Al Khadra', NULL, NULL, 0.000, 1, NULL, NULL),
(359, 3, 'الخفيق', 'Al Khufayq', NULL, NULL, 0.000, 1, NULL, NULL),
(360, 3, 'الخليل', 'Al Khulayl', NULL, NULL, 0.000, 1, NULL, NULL),
(361, 3, 'الخيمة', 'Al Khaymah', NULL, NULL, 0.000, 1, NULL, NULL),
(362, 3, 'الدارة', 'Ad Darah', NULL, NULL, 0.000, 1, NULL, NULL),
(363, 3, 'الدحو', 'Ad Duhu', NULL, NULL, 0.000, 1, NULL, NULL),
(364, 3, 'الدويخلة', 'Ad Duwaykhilah', NULL, NULL, 0.000, 1, NULL, NULL),
(365, 3, 'الديسة', 'Ad Disah', NULL, NULL, 0.000, 1, NULL, NULL),
(366, 3, 'الرايس', 'Ar Rayis', NULL, NULL, 0.000, 1, NULL, NULL),
(367, 3, 'الربثة', 'Ar Rabtah', NULL, NULL, 0.000, 1, NULL, NULL),
(368, 3, 'الرجع', 'Ar Raj\'', NULL, NULL, 0.000, 1, NULL, NULL),
(369, 3, 'الرذايا', 'Al Radhaya', NULL, NULL, 0.000, 1, NULL, NULL),
(370, 3, 'الرزيقية', 'Ar Ruzayqiyah', NULL, NULL, 0.000, 1, NULL, NULL),
(371, 2, 'أبو علي', 'Abu \'ali', NULL, NULL, 0.000, 1, NULL, NULL),
(372, 2, 'ابو عروة', 'Abu \'urwah', NULL, NULL, 0.000, 1, NULL, NULL),
(373, 3, 'الرصيعة', 'Ar Rasi\'ah', NULL, NULL, 0.000, 1, NULL, NULL),
(374, 2, 'ابو غيل', 'Abu Ghayl', NULL, NULL, 0.000, 1, NULL, NULL),
(375, 2, 'ابو حصانية', 'Abu Hasaniyah', NULL, NULL, 0.000, 1, NULL, NULL),
(376, 2, 'ابو حليفاء', 'Abu Hulayfa', NULL, NULL, 0.000, 1, NULL, NULL),
(377, 2, 'أبو جميدة', 'Abu Jumaydah', NULL, NULL, 0.000, 1, NULL, NULL),
(378, 2, 'ابو مظلة', 'Abu Madhallah', NULL, NULL, 0.000, 1, NULL, NULL),
(379, 2, 'ابو مراغة', 'Abu Maraghah', NULL, NULL, 0.000, 1, NULL, NULL),
(380, 2, 'أبو ملوح', 'Abu Miluh', NULL, NULL, 0.000, 1, NULL, NULL),
(381, 2, 'ابو راكة', 'Abu Rakah', NULL, NULL, 0.000, 1, NULL, NULL),
(382, 2, 'الدف', 'Ad Daff', NULL, NULL, 0.000, 1, NULL, NULL),
(383, 2, 'الدحلة', 'Ad Dahlah', NULL, NULL, 0.000, 1, NULL, NULL),
(384, 2, 'الضحياء', 'Ad Dahya', NULL, NULL, 0.000, 1, NULL, NULL),
(385, 2, 'الدار البيضاء', 'Ad Dar Al Bayda', NULL, NULL, 0.000, 1, NULL, NULL),
(386, 2, 'الدوح الكبير', 'Ad Dawh Al Kabir', NULL, NULL, 0.000, 1, NULL, NULL),
(387, 2, 'الديرة', 'Ad Dayyirah', NULL, NULL, 0.000, 1, NULL, NULL),
(388, 2, 'الظليم', 'Ad Dhalim', NULL, NULL, 0.000, 1, NULL, NULL),
(389, 2, 'الدبانية', 'Ad Dubaniyah', NULL, NULL, 0.000, 1, NULL, NULL),
(390, 2, 'الضبية', 'Ad Dubayyah', NULL, NULL, 0.000, 1, NULL, NULL),
(391, 2, 'الدبيلة', 'Ad Dubayyilah', NULL, NULL, 0.000, 1, NULL, NULL),
(392, 2, 'الدغمية', 'Ad Dughmiyah', NULL, NULL, 0.000, 1, NULL, NULL),
(393, 1, 'بئر الفيضة', 'Bir Al Faydah', NULL, NULL, 0.000, 1, NULL, NULL),
(394, 1, 'الهميج', 'Al Humayj', NULL, NULL, 0.000, 1, NULL, NULL),
(395, 1, 'الذيبية', 'Adh Dhibiyah', NULL, NULL, 0.000, 1, NULL, NULL),
(396, 1, 'خضراء', 'Khadra', NULL, NULL, 0.000, 1, NULL, NULL),
(397, 1, 'البدايع', 'Al Badayi\'', NULL, NULL, 0.000, 1, NULL, NULL),
(398, 1, 'بطاحة', 'Battahah', NULL, NULL, 0.000, 1, NULL, NULL),
(399, 1, 'الصقرة', 'As Saqrah', NULL, NULL, 0.000, 1, NULL, NULL),
(400, 1, 'وبرة', 'Wabrah', NULL, NULL, 0.000, 1, NULL, NULL),
(401, 1, 'أبو عشرة', 'Abu \'isharah', NULL, NULL, 0.000, 1, NULL, NULL),
(402, 1, 'المعلق', 'Al Mu\'allaq', NULL, NULL, 0.000, 1, NULL, NULL),
(403, 1, 'الرميثي', 'Ar Rumaythi', NULL, NULL, 0.000, 1, NULL, NULL),
(404, 1, 'الهرانية', 'Al Hiraniyah', NULL, NULL, 0.000, 1, NULL, NULL),
(405, 4, 'الرضم', 'Ar Radum', NULL, NULL, 0.000, 1, NULL, NULL),
(406, 1, 'الثعل', 'Ath Tha\'al', NULL, NULL, 0.000, 1, NULL, NULL),
(407, 1, 'الانسيات', 'Al Unsiyat', NULL, NULL, 0.000, 1, NULL, NULL),
(408, 1, 'فرعة الرميثي', 'Far\'at Ar Rumaythi', NULL, NULL, 0.000, 1, NULL, NULL),
(409, 1, 'البطين', 'Al Butayn', NULL, NULL, 0.000, 1, NULL, NULL),
(410, 1, 'مشرفة', 'Mushrifah', NULL, NULL, 0.000, 1, NULL, NULL),
(411, 1, 'بديدة', 'Bidaydah', NULL, NULL, 0.000, 1, NULL, NULL),
(412, 1, 'المجهلية', 'Al Mijhiliyah', NULL, NULL, 0.000, 1, NULL, NULL),
(413, 1, 'البحرة', 'Al Baharah', NULL, NULL, 0.000, 1, NULL, NULL),
(414, 1, 'بديعة', 'Buday\'ah', NULL, NULL, 0.000, 1, NULL, NULL),
(415, 1, 'الجثوم', 'Al Juthum', NULL, NULL, 0.000, 1, NULL, NULL),
(416, 1, 'الشويطن', 'Ash Shuwaytin', NULL, NULL, 0.000, 1, NULL, NULL),
(417, 1, 'المحامة', 'Al Mahamah', NULL, NULL, 0.000, 1, NULL, NULL),
(418, 1, 'عفيف', 'Afif', NULL, NULL, 0.000, 1, NULL, NULL),
(419, 1, 'ابرقية', 'Abraqiyah', NULL, NULL, 0.000, 1, NULL, NULL),
(420, 1, 'الجمانية', 'Al Jammaniyah', NULL, NULL, 0.000, 1, NULL, NULL),
(421, 1, 'الاشعرية', 'Al Ashariyah', NULL, NULL, 0.000, 1, NULL, NULL),
(422, 1, 'الخضارة', 'Al Khadarah', NULL, NULL, 0.000, 1, NULL, NULL),
(423, 1, 'الصالحية', 'As Salhiyah', NULL, NULL, 0.000, 1, NULL, NULL),
(424, 1, 'بدائع العضيان', 'Badai\' Al Idyan', NULL, NULL, 0.000, 1, NULL, NULL),
(425, 1, 'أم أرطى', 'Umm Arta', NULL, NULL, 0.000, 1, NULL, NULL),
(426, 1, 'المكلاة', 'Al Maklah', NULL, NULL, 0.000, 1, NULL, NULL),
(427, 1, 'عشيران', 'ushayran', NULL, NULL, 0.000, 1, NULL, NULL),
(428, 1, 'بعيثران', 'Bu\'aythiran', NULL, NULL, 0.000, 1, NULL, NULL),
(429, 1, 'أم قصور', 'Umm Qusur', NULL, NULL, 0.000, 1, NULL, NULL),
(430, 1, 'عبدة', 'abdah', NULL, NULL, 0.000, 1, NULL, NULL),
(431, 1, 'خريصة', 'Khuraysah', NULL, NULL, 0.000, 1, NULL, NULL),
(432, 1, 'عجابة', 'ajabah', NULL, NULL, 0.000, 1, NULL, NULL),
(433, 1, 'المديفع', 'Al Mudayfi\'', NULL, NULL, 0.000, 1, NULL, NULL),
(434, 1, 'القدراوية', 'Al Qidrawiyah', NULL, NULL, 0.000, 1, NULL, NULL),
(435, 8, 'أبو سويسيات', 'Abu Swaisiyat', NULL, NULL, 0.000, 1, NULL, NULL),
(436, 1, 'أم أثلة', 'Umm Athlah', NULL, NULL, 0.000, 1, NULL, NULL),
(437, 1, 'الأخضر', 'Al Akhdar', NULL, NULL, 0.000, 1, NULL, NULL),
(438, 1, 'مطيعة', 'Muti\'ah', NULL, NULL, 0.000, 1, NULL, NULL),
(439, 1, 'المدارة', 'Al Madarah', NULL, NULL, 0.000, 1, NULL, NULL),
(440, 1, 'عسيلة', 'usaylah', NULL, NULL, 0.000, 1, NULL, NULL),
(441, 1, 'الحلوة', 'Al Hilwah', NULL, NULL, 0.000, 1, NULL, NULL),
(442, 1, 'الدبيجة', 'Ad Dubayjah', NULL, NULL, 0.000, 1, NULL, NULL),
(443, 1, 'ثادق', 'Thadiq', NULL, NULL, 0.000, 1, NULL, NULL),
(444, 1, 'الروبضة / رغبة', 'Ar Rawbidah / Raghabah', NULL, NULL, 0.000, 1, NULL, NULL),
(445, 1, 'رويضة السهول', 'Ruwaydat As Suhul', NULL, NULL, 0.000, 1, NULL, NULL),
(446, 1, 'مشاش السهول', 'Mishash As Suhul', NULL, NULL, 0.000, 1, NULL, NULL),
(447, 1, 'الحسي', 'Al Husayy', NULL, NULL, 0.000, 1, NULL, NULL),
(448, 1, 'الصفرات', 'As Sufarat', NULL, NULL, 0.000, 1, NULL, NULL),
(449, 1, 'البير', 'Al Bir', NULL, NULL, 0.000, 1, NULL, NULL),
(450, 1, 'رويغب', 'Ruwayghib', NULL, NULL, 0.000, 1, NULL, NULL),
(451, 3, 'الرفائع', 'Ar Rafai\'', NULL, NULL, 0.000, 1, NULL, NULL),
(452, 3, 'الرفيعة', 'Ar Rafi\'ah', NULL, NULL, 0.000, 1, NULL, NULL),
(453, 3, 'الرقابية', 'Ar Riqabiyah', NULL, NULL, 0.000, 1, NULL, NULL),
(454, 5, 'الفضول', 'Al Fudul', NULL, NULL, 0.000, 1, NULL, NULL),
(455, 3, 'الروزه', 'Al Roozah', NULL, NULL, 0.000, 1, NULL, NULL),
(456, 5, 'الفيوان', 'Al Fiwan', NULL, NULL, 0.000, 1, NULL, NULL),
(457, 3, 'الريان', 'Ar Rayyan', NULL, NULL, 0.000, 1, NULL, NULL),
(458, 3, 'الزباير', 'Az Zubayir', NULL, NULL, 0.000, 1, NULL, NULL),
(459, 3, 'السدرة', 'As Sidrah', NULL, NULL, 0.000, 1, NULL, NULL),
(460, 3, 'السديد', 'As Sudayd', NULL, NULL, 0.000, 1, NULL, NULL),
(461, 3, 'السراقي', 'As Siraqi', NULL, NULL, 0.000, 1, NULL, NULL),
(462, 3, 'السريحية', 'Al Suraihiyah', NULL, NULL, 0.000, 1, NULL, NULL),
(463, 3, 'السطيح', 'As Sutayh', NULL, NULL, 0.000, 1, NULL, NULL),
(464, 3, 'السليلة', 'As Salilah', NULL, NULL, 0.000, 1, NULL, NULL),
(465, 3, 'السليم', 'As Sulaym', NULL, NULL, 0.000, 1, NULL, NULL),
(466, 3, 'السليمي', 'As Sulaymi', NULL, NULL, 0.000, 1, NULL, NULL),
(467, 3, 'السليمية', 'As Sulaymiyah', NULL, NULL, 0.000, 1, NULL, NULL),
(468, 3, 'السليمية', 'As Sulaymiyah', NULL, NULL, 0.000, 1, NULL, NULL),
(469, 3, 'السوسي', 'As Susi', NULL, NULL, 0.000, 1, NULL, NULL),
(470, 3, 'السويرقية', 'As Suwayriqiyah', NULL, NULL, 0.000, 1, NULL, NULL),
(471, 3, 'الشفية', 'Ash Shufayyah', NULL, NULL, 0.000, 1, NULL, NULL),
(472, 3, 'الشفية', 'Ash Shufayyah', NULL, NULL, 0.000, 1, NULL, NULL),
(473, 3, 'الشقران', 'Ash Shuqran', NULL, NULL, 0.000, 1, NULL, NULL),
(474, 3, 'الشقرة', 'Ash Shuqrah', NULL, NULL, 0.000, 1, NULL, NULL),
(475, 3, 'الشلايل', 'Ash Shalayil', NULL, NULL, 0.000, 1, NULL, NULL),
(476, 3, 'الشوامين', 'Ash Shuwamin', NULL, NULL, 0.000, 1, NULL, NULL),
(477, 3, 'الصالحية', 'As Salhiyah', NULL, NULL, 0.000, 1, NULL, NULL),
(478, 3, 'الصحن', 'As Sahan', NULL, NULL, 0.000, 1, NULL, NULL),
(479, 3, 'الصديرة', 'As Sudayyirah', NULL, NULL, 0.000, 1, NULL, NULL),
(480, 3, 'الصعبية', 'As Sa\'biyah', NULL, NULL, 0.000, 1, NULL, NULL),
(481, 3, 'الصلحانية', 'As Sulhaniyah', NULL, NULL, 0.000, 1, NULL, NULL),
(482, 3, 'الصلصلة', 'As Silsilah', NULL, NULL, 0.000, 1, NULL, NULL),
(483, 3, 'الصمد', 'As Samad', NULL, NULL, 0.000, 1, NULL, NULL),
(484, 3, 'الصويدرة', 'As Suwaydirah', NULL, NULL, 0.000, 1, NULL, NULL),
(485, 3, 'الصيفي', 'As Sayfi', NULL, NULL, 0.000, 1, NULL, NULL),
(486, 3, 'الضرس', 'Adh Dhars', NULL, NULL, 0.000, 1, NULL, NULL),
(487, 3, 'الضلفة', 'Adh Dhalfah', NULL, NULL, 0.000, 1, NULL, NULL),
(488, 3, 'الضليعة', 'Ad Dulay\'ah', NULL, NULL, 0.000, 1, NULL, NULL),
(489, 3, 'الضميرية', 'Ad Dumayriyah', NULL, NULL, 0.000, 1, NULL, NULL),
(490, 3, 'الطرقية', 'Al Tarqiyah', NULL, NULL, 0.000, 1, NULL, NULL),
(491, 3, 'الظمو', 'Adh Dhamu', NULL, NULL, 0.000, 1, NULL, NULL),
(492, 3, 'العاقول', 'Al \'aqul', NULL, NULL, 0.000, 1, NULL, NULL),
(493, 1, 'القرائن', 'Al Qarain', NULL, NULL, 0.000, 1, NULL, NULL),
(494, 1, 'الشكيرة', 'Ash Shukayyrah', NULL, NULL, 0.000, 1, NULL, NULL),
(495, 1, 'هجرة المغر', 'Hijrat Al Mughur', NULL, NULL, 0.000, 1, NULL, NULL),
(496, 1, 'مزارع المحتجبة', 'Mazari\' Al Muhtajibah', NULL, NULL, 0.000, 1, NULL, NULL),
(497, 1, 'الغرابة', 'Al Ghurabah', NULL, NULL, 0.000, 1, NULL, NULL),
(498, 1, 'القاعية', 'Al Qa\'iyah', NULL, NULL, 0.000, 1, NULL, NULL),
(499, 1, 'غسلة', 'Ghuslah', NULL, NULL, 0.000, 1, NULL, NULL),
(500, 1, 'شقراء', 'Shaqra\'', NULL, NULL, 0.000, 1, NULL, NULL),
(501, 1, 'الهفوف', 'Al Hafuf', NULL, NULL, 0.000, 1, NULL, NULL),
(502, 1, 'حلوان', 'Halwan', NULL, NULL, 0.000, 1, NULL, NULL),
(503, 1, 'حصرة', 'Hasarah', NULL, NULL, 0.000, 1, NULL, NULL),
(504, 1, 'الثمامية', 'Ath Thumamiyah', NULL, NULL, 0.000, 1, NULL, NULL),
(505, 1, 'لبيدة', 'Lubaydah', NULL, NULL, 0.000, 1, NULL, NULL),
(506, 1, 'العضيانية', 'Al \'idayyaniyah', NULL, NULL, 0.000, 1, NULL, NULL),
(507, 1, 'عجلة', 'ajlah', NULL, NULL, 0.000, 1, NULL, NULL),
(508, 1, 'سعدة', 'Sa\'dah', NULL, NULL, 0.000, 1, NULL, NULL),
(509, 1, 'جفن ضب', 'Jafn Dabb', NULL, NULL, 0.000, 1, NULL, NULL),
(510, 1, 'دلقان', 'Dalqan', NULL, NULL, 0.000, 1, NULL, NULL),
(511, 1, 'أم السباع', 'Umm As Siba\'', NULL, NULL, 0.000, 1, NULL, NULL),
(512, 1, 'الجله الأعلى', 'Al Jilh Al A\'la', NULL, NULL, 0.000, 1, NULL, NULL),
(513, 1, 'الخفق الجنوبي', 'Al Khafaq Al Janubi', NULL, NULL, 0.000, 1, NULL, NULL),
(514, 1, 'الدحوة', 'Ad Dihwah', NULL, NULL, 0.000, 1, NULL, NULL),
(515, 1, 'الخفق القديم', 'Al Khafaq Al Qadim', NULL, NULL, 0.000, 1, NULL, NULL),
(516, 1, 'الشرمية', 'Ash Sharmiyah', NULL, NULL, 0.000, 1, NULL, NULL),
(517, 1, 'مراغان', 'Maraghan', NULL, NULL, 0.000, 1, NULL, NULL),
(518, 1, 'الفيضة', 'Al Faydah', NULL, NULL, 0.000, 1, NULL, NULL),
(519, 1, 'الجروية', 'Al Jarwiyah', NULL, NULL, 0.000, 1, NULL, NULL),
(520, 1, 'العوشزية', 'Al Awshaziyah', NULL, NULL, 0.000, 1, NULL, NULL),
(521, 1, 'أبو رجوم', 'Abu Rijum', NULL, NULL, 0.000, 1, NULL, NULL),
(522, 1, 'القلتة', 'Al Qaltah', NULL, NULL, 0.000, 1, NULL, NULL),
(523, 1, 'لعلع', 'Li\'li\'', NULL, NULL, 0.000, 1, NULL, NULL),
(524, 1, 'الغريري', 'Al Ghurayri', NULL, NULL, 0.000, 1, NULL, NULL),
(525, 1, 'الخنقة', 'Al Khunqah', NULL, NULL, 0.000, 1, NULL, NULL),
(526, 1, 'النسق القديم', 'An Nasaq Al Qadim', NULL, NULL, 0.000, 1, NULL, NULL),
(527, 1, 'وثيلان', 'Wuthaylan', NULL, NULL, 0.000, 1, NULL, NULL),
(528, 1, 'بيضاء نثيل', 'Bayda\' Nathil', NULL, NULL, 0.000, 1, NULL, NULL),
(529, 1, 'أم الدباء', 'Umm Ad Diba', NULL, NULL, 0.000, 1, NULL, NULL),
(530, 1, 'الأمار', 'Al Amar', NULL, NULL, 0.000, 1, NULL, NULL),
(531, 1, 'عسيلان', 'usaylan', NULL, NULL, 0.000, 1, NULL, NULL),
(532, 1, 'السدرية', 'As Sidriyah', NULL, NULL, 0.000, 1, NULL, NULL),
(533, 1, 'أم الشبرم', 'Umm Ash Shubrum', NULL, NULL, 0.000, 1, NULL, NULL),
(534, 1, 'الحجاجي', 'Al Hijjaji', NULL, NULL, 0.000, 1, NULL, NULL),
(535, 1, 'الغبياء', 'Al Ghubayya', NULL, NULL, 0.000, 1, NULL, NULL),
(536, 1, 'الفيضة', 'Al Faydah', NULL, NULL, 0.000, 1, NULL, NULL),
(537, 1, 'أبو حميض', 'Abu Humayd', NULL, NULL, 0.000, 1, NULL, NULL),
(538, 1, 'النبيبيع', 'An Nubaybi\'', NULL, NULL, 0.000, 1, NULL, NULL),
(539, 1, 'النباع', 'An Naba\'', NULL, NULL, 0.000, 1, NULL, NULL),
(540, 1, 'الملقى', 'Al Malqa', NULL, NULL, 0.000, 1, NULL, NULL),
(541, 1, 'حجيلاء', 'Hujayla', NULL, NULL, 0.000, 1, NULL, NULL),
(542, 1, 'العبد', 'Al \'abd', NULL, NULL, 0.000, 1, NULL, NULL),
(543, 1, 'أم الجثجاث', 'Umm Al Jithjath', NULL, NULL, 0.000, 1, NULL, NULL),
(544, 1, 'أم جفر', 'Umm Jafr', NULL, NULL, 0.000, 1, NULL, NULL),
(545, 1, 'الخلفية', 'Al Khalfiyah', NULL, NULL, 0.000, 1, NULL, NULL),
(546, 2, 'الدحيلة', 'Ad Duhaylah', NULL, NULL, 0.000, 1, NULL, NULL),
(547, 2, 'الضرم', 'Ad Duram', NULL, NULL, 0.000, 1, NULL, NULL),
(548, 2, 'الدوارة', 'Ad Duwwarah', NULL, NULL, 0.000, 1, NULL, NULL),
(549, 2, 'الضرس', 'Adh Dhars', NULL, NULL, 0.000, 1, NULL, NULL),
(550, 2, 'الذيابات', 'Adh Dhiyabat', NULL, NULL, 0.000, 1, NULL, NULL),
(551, 2, 'الذويب', 'Adh Dhuwayb', NULL, NULL, 0.000, 1, NULL, NULL),
(552, 2, 'اضم', 'Adham', NULL, NULL, 0.000, 1, NULL, NULL),
(553, 2, 'احد بني زيد', 'Ahd Bani Zayd', NULL, NULL, 0.000, 1, NULL, NULL),
(554, 2, 'عاجة', 'ajah', NULL, NULL, 0.000, 1, NULL, NULL),
(555, 2, 'عجلان', 'Ajlan', NULL, NULL, 0.000, 1, NULL, NULL),
(556, 2, 'العابسية', 'Al \'abisiyah', NULL, NULL, 0.000, 1, NULL, NULL),
(557, 2, 'العجالين', 'Al \'ajalin', NULL, NULL, 0.000, 1, NULL, NULL),
(558, 2, 'العمائر', 'Al \'amair', NULL, NULL, 0.000, 1, NULL, NULL),
(559, 2, 'العمار', 'Al \'amar', NULL, NULL, 0.000, 1, NULL, NULL),
(560, 2, 'العماير', 'Al \'amayir', NULL, NULL, 0.000, 1, NULL, NULL),
(561, 2, 'العمودة', 'Al \'amudah', NULL, NULL, 0.000, 1, NULL, NULL),
(562, 2, 'العمودية', 'Al \'amudiyah', NULL, NULL, 0.000, 1, NULL, NULL),
(563, 2, 'العرفاء', 'Al \'arfa', NULL, NULL, 0.000, 1, NULL, NULL),
(564, 2, 'العرجاء', 'Al \'arja', NULL, NULL, 0.000, 1, NULL, NULL),
(565, 2, 'العصب', 'Al \'asb', NULL, NULL, 0.000, 1, NULL, NULL),
(566, 2, 'العاصد', 'Al \'asid', NULL, NULL, 0.000, 1, NULL, NULL),
(567, 2, 'آل عطى', 'Al \'ata', NULL, NULL, 0.000, 1, NULL, NULL),
(568, 2, 'العطيف', 'Al \'atif', NULL, NULL, 0.000, 1, NULL, NULL),
(569, 2, 'العواصية', 'Al \'awasiyah', NULL, NULL, 0.000, 1, NULL, NULL),
(570, 2, 'العوجانية', 'Al \'awjaniyah', NULL, NULL, 0.000, 1, NULL, NULL),
(571, 2, 'العوصاء', 'Al \'awsa', NULL, NULL, 0.000, 1, NULL, NULL),
(572, 2, 'العيبة العليا', 'Al \'aybah Al \'ulya', NULL, NULL, 0.000, 1, NULL, NULL),
(573, 2, 'العينة', 'Al \'aynah', NULL, NULL, 0.000, 1, NULL, NULL),
(574, 1, 'القصب', 'Al Qasab', NULL, NULL, 0.000, 1, NULL, NULL),
(575, 1, 'المشاش', 'Al Mishash', NULL, NULL, 0.000, 1, NULL, NULL),
(576, 1, 'الصوح', 'As Suh', NULL, NULL, 0.000, 1, NULL, NULL),
(577, 1, 'اشيقر', 'Ushayqir', NULL, NULL, 0.000, 1, NULL, NULL),
(578, 1, 'ام طليحة', 'Umm Tulayhah', NULL, NULL, 0.000, 1, NULL, NULL),
(579, 1, 'الداهنة', 'Ad Dahinah', NULL, NULL, 0.000, 1, NULL, NULL),
(580, 1, 'الحريق', 'Al Hariq', NULL, NULL, 0.000, 1, NULL, NULL),
(581, 1, 'الجريفة', 'Al Juraifah', NULL, NULL, 0.000, 1, NULL, NULL),
(582, 1, 'الوقف', 'Al Waqf', NULL, NULL, 0.000, 1, NULL, NULL),
(583, 1, 'العلوة', 'Al \'uluwah', NULL, NULL, 0.000, 1, NULL, NULL),
(584, 1, 'فرحة', 'Farhah', NULL, NULL, 0.000, 1, NULL, NULL),
(585, 1, 'عروى', 'arawa', NULL, NULL, 0.000, 1, NULL, NULL),
(586, 1, 'فردة', 'Fardah', NULL, NULL, 0.000, 1, NULL, NULL),
(587, 1, 'مويسل', 'Muwaysil', NULL, NULL, 0.000, 1, NULL, NULL),
(588, 1, 'الشاة', 'Ash Shat', NULL, NULL, 0.000, 1, NULL, NULL),
(589, 1, 'الفيضة', 'Al Faydah', NULL, NULL, 0.000, 1, NULL, NULL),
(590, 1, 'مشرف', 'Mushrif', NULL, NULL, 0.000, 1, NULL, NULL),
(591, 1, 'بدائع سويقة', 'Badai\' Suwayqah', NULL, NULL, 0.000, 1, NULL, NULL),
(592, 1, 'الصلبية', 'As Sulubiyah', NULL, NULL, 0.000, 1, NULL, NULL),
(593, 1, 'مشرفة', 'Mushrifah', NULL, NULL, 0.000, 1, NULL, NULL),
(594, 1, 'مزارع الروضة', 'Mazari\' Ar Rawdah', NULL, NULL, 0.000, 1, NULL, NULL),
(595, 4, 'هرمولة', 'Hurmulah', NULL, NULL, 0.000, 1, NULL, NULL),
(597, 4, 'الدارة', 'Ad Darah', NULL, NULL, 0.000, 1, NULL, NULL),
(598, 1, 'مطربة', 'Mutribah', NULL, NULL, 0.000, 1, NULL, NULL),
(599, 1, 'رغلة', 'Raghlah', NULL, NULL, 0.000, 1, NULL, NULL),
(600, 1, 'مشرفة', 'Mushrifah', NULL, NULL, 0.000, 1, NULL, NULL),
(601, 1, 'ضبة', 'Dabbah', NULL, NULL, 0.000, 1, NULL, NULL),
(602, 1, 'العطاوي', 'Al \'atawi', NULL, NULL, 0.000, 1, NULL, NULL),
(603, 1, 'الحفائر', 'Al Hafair', NULL, NULL, 0.000, 1, NULL, NULL),
(604, 1, 'مزارع طينان', 'Mazari\' Tinan', NULL, NULL, 0.000, 1, NULL, NULL),
(605, 1, 'منيفة', 'Munifah', NULL, NULL, 0.000, 1, NULL, NULL),
(606, 1, 'قويعان', 'Quway\'an', NULL, NULL, 0.000, 1, NULL, NULL),
(607, 1, 'الحنابج', 'Al Hanabij', NULL, NULL, 0.000, 1, NULL, NULL),
(608, 1, 'الشفلحية', 'Ash Shifallahiyah', NULL, NULL, 0.000, 1, NULL, NULL),
(609, 1, 'روضة وثيلان', 'Rawdat Wuthaylan', NULL, NULL, 0.000, 1, NULL, NULL),
(610, 1, 'ابو ركب', 'Abu Rukab', NULL, NULL, 0.000, 1, NULL, NULL),
(611, 1, 'الخالدية', 'Al Khalidiyah', NULL, NULL, 0.000, 1, NULL, NULL),
(612, 1, 'الحفنة', 'Al Hifnah', NULL, NULL, 0.000, 1, NULL, NULL),
(613, 1, 'أبو عرينة', 'Abu Uraynah', NULL, NULL, 0.000, 1, NULL, NULL),
(614, 1, 'الفرعة', 'Al Far\'ah', NULL, NULL, 0.000, 1, NULL, NULL),
(615, 1, 'بحار الجديد', 'Bihar Al Jadid', NULL, NULL, 0.000, 1, NULL, NULL),
(616, 1, 'حميان', 'Hamayyan', NULL, NULL, 0.000, 1, NULL, NULL),
(617, 6, 'الجربوعية', 'Al Jarboeyyah', NULL, NULL, 0.000, 1, NULL, NULL),
(618, 1, 'العقلة', 'Al \'uqlah', NULL, NULL, 0.000, 1, NULL, NULL),
(619, 1, 'نميلين', 'Numaileen', NULL, NULL, 0.000, 1, NULL, NULL),
(620, 1, 'الدهاسية', 'Ad Dahasiyah', NULL, NULL, 0.000, 1, NULL, NULL),
(621, 1, 'المصلوم', 'Al Maslum', NULL, NULL, 0.000, 1, NULL, NULL),
(622, 1, 'سعدة', 'Sa\'dah', NULL, NULL, 0.000, 1, NULL, NULL),
(623, 1, 'أم رضمة', 'Umm Radmah', NULL, NULL, 0.000, 1, NULL, NULL),
(624, 1, 'السنارية', 'As Sinnariyah', NULL, NULL, 0.000, 1, NULL, NULL),
(625, 1, 'الديرية', 'Ad Dirirah', NULL, NULL, 0.000, 1, NULL, NULL),
(626, 1, 'المغزل', 'Al Mighzal', NULL, NULL, 0.000, 1, NULL, NULL),
(627, 1, 'جوباح', 'Jubah', NULL, NULL, 0.000, 1, NULL, NULL),
(628, 1, 'القرنة', 'Al Qarnah', NULL, NULL, 0.000, 1, NULL, NULL),
(629, 1, 'وثيلان', 'Wuthaylan', NULL, NULL, 0.000, 1, NULL, NULL),
(630, 1, 'عين الصوينع', 'ayn As Suwayni\'', NULL, NULL, 0.000, 1, NULL, NULL),
(631, 1, 'الأرطاوي', 'Al Artawi', NULL, NULL, 0.000, 1, NULL, NULL),
(632, 1, 'الثندوة', 'Ath Thiduwah', NULL, NULL, 0.000, 1, NULL, NULL),
(633, 1, 'أبو جلال', 'Abu Jilal', NULL, NULL, 0.000, 1, NULL, NULL),
(634, 1, 'جنوب البرود', 'Janub Al Burud', NULL, NULL, 0.000, 1, NULL, NULL),
(635, 1, 'غرب البرود', 'Gharb Al Burud', NULL, NULL, 0.000, 1, NULL, NULL),
(636, 1, 'الريشية', 'Ar Rishiyah', NULL, NULL, 0.000, 1, NULL, NULL),
(637, 1, 'عبلة', 'ablah', NULL, NULL, 0.000, 1, NULL, NULL),
(638, 1, 'مزرعة البيضة', 'Mazra\'at Al Bidah', NULL, NULL, 0.000, 1, NULL, NULL),
(639, 1, 'السليسية', 'As Sulaysiyah', NULL, NULL, 0.000, 1, NULL, NULL),
(640, 1, 'مزرعة سليسان', 'Mazra\'at Sulaysan', NULL, NULL, 0.000, 1, NULL, NULL),
(641, 1, 'العويجاء', 'Al \'uwayja', NULL, NULL, 0.000, 1, NULL, NULL),
(642, 1, 'العدوة', 'Al \'idwah', NULL, NULL, 0.000, 1, NULL, NULL),
(643, 1, 'الجديدة', 'Al Jadidah', NULL, NULL, 0.000, 1, NULL, NULL),
(644, 1, 'بدائع الهمجة', 'Badai\' Al Hamjah', NULL, NULL, 0.000, 1, NULL, NULL),
(645, 1, 'فيضة القوازين', 'Faydat Al Quwazin', NULL, NULL, 0.000, 1, NULL, NULL),
(646, 1, 'مزارع مصيقرة', 'Mazari\' Musayqirat', NULL, NULL, 0.000, 1, NULL, NULL),
(647, 1, 'الفيحاء', 'Al Fayha', NULL, NULL, 0.000, 1, NULL, NULL),
(648, 1, 'الدسمة', 'Ad Dasmah', NULL, NULL, 0.000, 1, NULL, NULL),
(649, 1, 'صفاقة', 'Saffaqah', NULL, NULL, 0.000, 1, NULL, NULL),
(650, 1, 'قبيعة', 'Qubay\'ah', NULL, NULL, 0.000, 1, NULL, NULL),
(651, 1, 'الشبرمية', 'Ash Shubrumiyah', NULL, NULL, 0.000, 1, NULL, NULL),
(652, 1, 'كويكبة', 'Kuwaykibah', NULL, NULL, 0.000, 1, NULL, NULL),
(653, 8, 'أرينبة', 'Uraynibah', NULL, NULL, 0.000, 1, NULL, NULL),
(654, 1, 'ام طليحة', 'Umm Tulayhah', NULL, NULL, 0.000, 1, NULL, NULL),
(655, 1, 'الرقيبة', 'Ar Raqibah', NULL, NULL, 0.000, 1, NULL, NULL),
(656, 1, 'بدع الصعكي', 'Bid\' As Si\'aki', NULL, NULL, 0.000, 1, NULL, NULL),
(657, 1, 'سلطانة', 'Sultanah', NULL, NULL, 0.000, 1, NULL, NULL),
(658, 1, 'عبلة', 'ablah', NULL, NULL, 0.000, 1, NULL, NULL),
(659, 1, 'الملينية', 'Al Milayyiniyah', NULL, NULL, 0.000, 1, NULL, NULL),
(660, 1, 'البديعة', 'Al Badi\'ah', NULL, NULL, 0.000, 1, NULL, NULL),
(661, 1, 'روضة جهام', 'Rawdat Jaham', NULL, NULL, 0.000, 1, NULL, NULL),
(662, 1, 'مزارع الجديدة', 'Mazari\' Al Jadidah', NULL, NULL, 0.000, 1, NULL, NULL),
(663, 1, 'منيفة المغايرة', 'Munifah Al Maghayirah', NULL, NULL, 0.000, 1, NULL, NULL),
(664, 1, 'الدرعية', 'Ad Dir\'iyah', NULL, NULL, 0.000, 1, NULL, NULL),
(665, 1, 'الرميحة', 'Ar Rumayhah', NULL, NULL, 0.000, 1, NULL, NULL),
(666, 1, 'حسو الحيد', 'Hasu Al Hayd', NULL, NULL, 0.000, 1, NULL, NULL),
(667, 1, 'حديجة', 'Hudayjah', NULL, NULL, 0.000, 1, NULL, NULL),
(668, 1, 'الدارة', 'Ad Darah', NULL, NULL, 0.000, 1, NULL, NULL),
(669, 1, 'الدوادمي', 'Ad Duwadimi', NULL, NULL, 0.000, 1, NULL, NULL),
(670, 1, 'الدمثي', 'Ad Damthi', NULL, NULL, 0.000, 1, NULL, NULL),
(671, 1, 'أوضاخ', 'Udakh', NULL, NULL, 0.000, 1, NULL, NULL),
(672, 1, 'كبشان', 'Kabshan', NULL, NULL, 0.000, 1, NULL, NULL),
(673, 1, 'حديجة', 'Hudayjah', NULL, NULL, 0.000, 1, NULL, NULL),
(674, 1, 'القرارة', 'Al Qararah', NULL, NULL, 0.000, 1, NULL, NULL),
(675, 1, 'العوشزية', 'Al Awshaziyah', NULL, NULL, 0.000, 1, NULL, NULL),
(676, 1, 'الجمش', 'Al Jimsh', NULL, NULL, 0.000, 1, NULL, NULL),
(677, 1, 'نجخ', 'Najkh', NULL, NULL, 0.000, 1, NULL, NULL),
(678, 1, 'جريسة', 'Juraysah', NULL, NULL, 0.000, 1, NULL, NULL),
(679, 1, 'ام العثاكل', 'Umm Al \'athakil', NULL, NULL, 0.000, 1, NULL, NULL),
(680, 1, 'عرجاء', 'Arja\'', NULL, NULL, 0.000, 1, NULL, NULL),
(681, 1, 'أم سليم', 'Umm Sulaym', NULL, NULL, 0.000, 1, NULL, NULL),
(682, 1, 'ساجر', 'Sajir', NULL, NULL, 0.000, 1, NULL, NULL),
(683, 1, 'الرفيعة', 'Ar Rafi\'ah', NULL, NULL, 0.000, 1, NULL, NULL),
(684, 1, 'نفي', 'Nifi', NULL, NULL, 0.000, 1, NULL, NULL),
(686, 1, 'الخفيفية', 'Al Khufayfiyah', NULL, NULL, 0.000, 1, NULL, NULL),
(687, 1, 'عسيلة', 'usaylah', NULL, NULL, 0.000, 1, NULL, NULL),
(688, 1, 'أرطاوي الرقاص', 'Artawi Ar Raqqas', NULL, NULL, 0.000, 1, NULL, NULL),
(689, 1, 'عشيران', 'ushayran', NULL, NULL, 0.000, 1, NULL, NULL),
(690, 1, 'مزرعة الخفيسة', 'Mazra\'at Al Khufaysah', NULL, NULL, 0.000, 1, NULL, NULL),
(691, 1, 'عين القنور', 'ayn Al Qannur', NULL, NULL, 0.000, 1, NULL, NULL),
(692, 1, 'التسرير', 'At Tasrir', NULL, NULL, 0.000, 1, NULL, NULL),
(693, 1, 'الاثلة', 'Al Athlah', NULL, NULL, 0.000, 1, NULL, NULL),
(694, 1, 'عريفيجان', 'urayfijan', NULL, NULL, 0.000, 1, NULL, NULL),
(695, 1, 'السكران', 'As Sakran', NULL, NULL, 0.000, 1, NULL, NULL),
(696, 1, 'جفن', 'Jifin', NULL, NULL, 0.000, 1, NULL, NULL),
(697, 1, 'البرود', 'Al Burud', NULL, NULL, 0.000, 1, NULL, NULL),
(698, 1, 'جفنا', 'Jifana', NULL, NULL, 0.000, 1, NULL, NULL),
(699, 1, 'الصالحية', 'As Salhiyah', NULL, NULL, 0.000, 1, NULL, NULL),
(700, 1, 'العاذرية', 'Al \'adhiriyah', NULL, NULL, 0.000, 1, NULL, NULL),
(701, 1, 'البجادية', 'Al Bijadiyah', NULL, NULL, 0.000, 1, NULL, NULL),
(702, 1, 'الرفائع', 'Ar Rafai\'', NULL, NULL, 0.000, 1, NULL, NULL),
(703, 1, 'جهام ابو عشر', 'Jaham Abu \'ishar', NULL, NULL, 0.000, 1, NULL, NULL),
(705, 1, 'الحزيمية', 'Al Huzaymiyah', NULL, NULL, 0.000, 1, NULL, NULL),
(706, 1, 'خف', 'Khuff', NULL, NULL, 0.000, 1, NULL, NULL),
(707, 1, 'المحمدية', 'Al Muhammadiyah', NULL, NULL, 0.000, 1, NULL, NULL),
(708, 1, 'الحفيرة', 'Al Hufayrah', NULL, NULL, 0.000, 1, NULL, NULL),
(709, 1, 'ماسل', 'Masal', NULL, NULL, 0.000, 1, NULL, NULL),
(710, 1, 'القاعية', 'Al Qa\'iyah', NULL, NULL, 0.000, 1, NULL, NULL),
(711, 1, 'منيفة', 'Munifah', NULL, NULL, 0.000, 1, NULL, NULL),
(712, 1, 'رضوى', 'Radwa', NULL, NULL, 0.000, 1, NULL, NULL),
(713, 1, 'ارطاوي حليت', 'Artawi Hillit', NULL, NULL, 0.000, 1, NULL, NULL),
(714, 1, 'عواضة', 'awwadah', NULL, NULL, 0.000, 1, NULL, NULL),
(715, 1, 'شرارة', 'Shararah', NULL, NULL, 0.000, 1, NULL, NULL),
(716, 1, 'الحزم', 'Al Hazm', NULL, NULL, 0.000, 1, NULL, NULL),
(717, 1, 'صقرة', 'Saqrah', NULL, NULL, 0.000, 1, NULL, NULL),
(718, 1, 'العقيشية', 'Al Uqayshiyah', NULL, NULL, 0.000, 1, NULL, NULL),
(719, 1, 'القرين', 'Al Qurayn', NULL, NULL, 0.000, 1, NULL, NULL),
(720, 1, 'عقلة الغويري', 'Uqlat Al Uwayri', NULL, NULL, 0.000, 1, NULL, NULL),
(721, 1, 'ام زموع', 'Umm Zumu\'', NULL, NULL, 0.000, 1, NULL, NULL),
(722, 1, 'عين البراحة', 'ayn Al Barahah', NULL, NULL, 0.000, 1, NULL, NULL),
(723, 1, 'مغيراء', 'Mughayra\'', NULL, NULL, 0.000, 1, NULL, NULL),
(724, 1, 'الضحوي', 'Ad Dahawi', NULL, NULL, 0.000, 1, NULL, NULL),
(725, 1, 'عسيلة', 'usaylah', NULL, NULL, 0.000, 1, NULL, NULL),
(726, 1, 'المغيب', 'Al Maghib', NULL, NULL, 0.000, 1, NULL, NULL),
(727, 1, 'فيضة المفص', 'Faydat Al Mafass', NULL, NULL, 0.000, 1, NULL, NULL),
(728, 1, 'عريدة', 'urayyidah', NULL, NULL, 0.000, 1, NULL, NULL),
(729, 1, 'الشعراء', 'Ash Sha\'ra\'', NULL, NULL, 0.000, 1, NULL, NULL),
(730, 1, 'العازمية', 'Al \'azimiyah', NULL, NULL, 0.000, 1, NULL, NULL),
(731, 1, 'المحوي', 'Al Mahawi', NULL, NULL, 0.000, 1, NULL, NULL),
(732, 1, 'المدرع', 'Al Mudarri\'', NULL, NULL, 0.000, 1, NULL, NULL),
(733, 1, 'سرورة', 'Sururah', NULL, NULL, 0.000, 1, NULL, NULL),
(734, 1, 'عصماء', 'Asma\'', NULL, NULL, 0.000, 1, NULL, NULL),
(735, 1, 'ام طليحة', 'Umm Tulayhah', NULL, NULL, 0.000, 1, NULL, NULL),
(736, 1, 'مشرفة', 'Mushrifah', NULL, NULL, 0.000, 1, NULL, NULL),
(737, 1, 'مساوي', 'Musawi', NULL, NULL, 0.000, 1, NULL, NULL),
(738, 1, 'النقعة', 'An Niq\'ah', NULL, NULL, 0.000, 1, NULL, NULL),
(739, 1, 'افقرا', 'Afqirah', NULL, NULL, 0.000, 1, NULL, NULL),
(740, 1, 'الرفاع', 'Ar Rufa\'', NULL, NULL, 0.000, 1, NULL, NULL),
(741, 1, 'الفقارة', 'Al Fuqarah', NULL, NULL, 0.000, 1, NULL, NULL),
(742, 1, 'الودي', 'Al Wuday', NULL, NULL, 0.000, 1, NULL, NULL),
(743, 1, 'الرفيعة', 'Ar Rafi\'ah', NULL, NULL, 0.000, 1, NULL, NULL),
(744, 1, 'الخبة', 'Al Khubbah', NULL, NULL, 0.000, 1, NULL, NULL);
INSERT INTO `cities` (`id`, `region_id`, `title_ar`, `title_en`, `lat`, `long`, `delivery_cost`, `status`, `created_at`, `updated_at`) VALUES
(745, 1, 'النبوان', 'An Nabuwan', NULL, NULL, 0.000, 1, NULL, NULL),
(746, 1, 'الرديفة', 'Ar Radifah', NULL, NULL, 0.000, 1, NULL, NULL),
(747, 1, 'الرشاوية', 'Ar Rishawiyah', NULL, NULL, 0.000, 1, NULL, NULL),
(748, 1, 'مطربة', 'Mutribah', NULL, NULL, 0.000, 1, NULL, NULL),
(749, 1, 'المستجدة', 'Al Mustajiddah', NULL, NULL, 0.000, 1, NULL, NULL),
(750, 1, 'العامرية', 'Al Amiriyah', NULL, NULL, 0.000, 1, NULL, NULL),
(751, 1, 'الفيضة', 'Al Faydah', NULL, NULL, 0.000, 1, NULL, NULL),
(752, 1, 'الظلماوي', 'Adh Dhalmawi', NULL, NULL, 0.000, 1, NULL, NULL),
(753, 1, 'شبيرمة', 'Shubayrimah', NULL, NULL, 0.000, 1, NULL, NULL),
(754, 1, 'عصام', 'Isam', NULL, NULL, 0.000, 1, NULL, NULL),
(755, 1, 'عبادة', 'Abbadah', NULL, NULL, 0.000, 1, NULL, NULL),
(757, 1, 'العبل', 'Al \'abal', NULL, NULL, 0.000, 1, NULL, NULL),
(758, 1, 'ارطاوي الحماميد', 'Artawi Al Hamamid', NULL, NULL, 0.000, 1, NULL, NULL),
(759, 1, 'بدائع ابن نجم', 'Badai\' Ibn Najim', NULL, NULL, 0.000, 1, NULL, NULL),
(760, 3, 'العبلا', 'Al \'abla', NULL, NULL, 0.000, 1, NULL, NULL),
(761, 3, 'العثيا', 'Al \'uthayya', NULL, NULL, 0.000, 1, NULL, NULL),
(762, 3, 'العد', 'Al \'idd', NULL, NULL, 0.000, 1, NULL, NULL),
(763, 3, 'العدلة', 'Al \'adlah', NULL, NULL, 0.000, 1, NULL, NULL),
(764, 3, 'العدوة', 'Al \'idwah', NULL, NULL, 0.000, 1, NULL, NULL),
(765, 3, 'العرائد', 'Al \'araid', NULL, NULL, 0.000, 1, NULL, NULL),
(766, 3, 'العشاش', 'Al \'ishash', NULL, NULL, 0.000, 1, NULL, NULL),
(767, 3, 'العشاي', 'Al \'ashshay', NULL, NULL, 0.000, 1, NULL, NULL),
(768, 3, 'العشيرة', 'Al \'ushayrah', NULL, NULL, 0.000, 1, NULL, NULL),
(769, 3, 'العصيلب', 'Al \'usaylib', NULL, NULL, 0.000, 1, NULL, NULL),
(770, 3, 'العصيلي', 'Al \'usayli', NULL, NULL, 0.000, 1, NULL, NULL),
(771, 3, 'العقيلة', 'Al \'uqaylah', NULL, NULL, 0.000, 1, NULL, NULL),
(772, 3, 'العقيلة', 'Al \'uqaylah', NULL, NULL, 0.000, 1, NULL, NULL),
(773, 3, 'العلا', 'Al Ula', NULL, NULL, 0.000, 1, NULL, NULL),
(774, 3, 'العمق', 'Al Umaq', NULL, NULL, 0.000, 1, NULL, NULL),
(775, 3, 'العنيق', 'Al \'unayq', NULL, NULL, 0.000, 1, NULL, NULL),
(776, 3, 'العوشزي', 'Al Awshazi', NULL, NULL, 0.000, 1, NULL, NULL),
(777, 3, 'العوينة', 'Al \'uwaynah', NULL, NULL, 0.000, 1, NULL, NULL),
(778, 3, 'العيزاء', 'Al \'ayza', NULL, NULL, 0.000, 1, NULL, NULL),
(779, 3, 'العيص', 'Al \'is', NULL, NULL, 0.000, 1, NULL, NULL),
(780, 3, 'العين', 'Al \'ayn', NULL, NULL, 0.000, 1, NULL, NULL),
(781, 3, 'العين الجديدة', 'Al \'ayn Al Jadidah', NULL, NULL, 0.000, 1, NULL, NULL),
(782, 3, 'العينية', 'Al Uyaynah', NULL, NULL, 0.000, 1, NULL, NULL),
(783, 3, 'العيون', 'Al Uyun', NULL, NULL, 0.000, 1, NULL, NULL),
(784, 3, 'الغاشية', 'Al Ghashiyah', NULL, NULL, 0.000, 1, NULL, NULL),
(785, 3, 'الغريض', 'Al Gharid', NULL, NULL, 0.000, 1, NULL, NULL),
(786, 3, 'الغزلان', 'Al Ghuzlan', NULL, NULL, 0.000, 1, NULL, NULL),
(787, 3, 'الغصن', 'Al Ghusan', NULL, NULL, 0.000, 1, NULL, NULL),
(788, 3, 'الغمر', 'Al Ghamr', NULL, NULL, 0.000, 1, NULL, NULL),
(789, 3, 'الغور', 'Al Ghur', NULL, NULL, 0.000, 1, NULL, NULL),
(790, 3, 'الفرش', 'Al Farsh', NULL, NULL, 0.000, 1, NULL, NULL),
(791, 3, 'الفرع', 'Al Far\'', NULL, NULL, 0.000, 1, NULL, NULL),
(792, 3, 'الفرع', 'Al Far\'', NULL, NULL, 0.000, 1, NULL, NULL),
(793, 1, 'الحزم', 'Al Hazm', NULL, NULL, 0.000, 1, NULL, NULL),
(794, 1, 'الطوقي', 'At Tawqi', NULL, NULL, 0.000, 1, NULL, NULL),
(795, 1, 'حريملاء', 'Huraymila', NULL, NULL, 0.000, 1, NULL, NULL),
(796, 1, 'ملهم', 'Malham', NULL, NULL, 0.000, 1, NULL, NULL),
(797, 1, 'سدوس', 'Sudus', NULL, NULL, 0.000, 1, NULL, NULL),
(798, 1, 'حزوى', 'Hizwa', NULL, NULL, 0.000, 1, NULL, NULL),
(799, 1, 'دقلة', 'Diqalah', NULL, NULL, 0.000, 1, NULL, NULL),
(800, 1, 'حليفة', 'Hulayfah', NULL, NULL, 0.000, 1, NULL, NULL),
(801, 1, 'صلبوخ', 'Sulbukh', NULL, NULL, 0.000, 1, NULL, NULL),
(802, 1, 'البرة', 'Al Barrah', NULL, NULL, 0.000, 1, NULL, NULL),
(803, 1, 'العويند', 'Al Uwaynid', NULL, NULL, 0.000, 1, NULL, NULL),
(804, 1, 'البويب', 'Al Buwayb', NULL, NULL, 0.000, 1, NULL, NULL),
(805, 7, 'تريم', 'Tiraym', NULL, NULL, 0.000, 1, NULL, NULL),
(806, 1, 'إبن غنام', 'Ibn Ghannam', NULL, NULL, 0.000, 1, NULL, NULL),
(807, 1, 'الغنامية', 'Al Ghanamiyah', NULL, NULL, 0.000, 1, NULL, NULL),
(808, 1, 'العماج', 'Al \'ammaj', NULL, NULL, 0.000, 1, NULL, NULL),
(809, 1, 'هيت', 'Hit', NULL, NULL, 0.000, 1, NULL, NULL),
(810, 1, 'الحائر', 'Al Hair', NULL, NULL, 0.000, 1, NULL, NULL),
(811, 1, 'كهف برمة', 'Kahf Barmah', NULL, NULL, 0.000, 1, NULL, NULL),
(812, 1, 'بنبان', 'Banban', NULL, NULL, 0.000, 1, NULL, NULL),
(813, 1, 'الثمامة', 'Ath Thumamah', NULL, NULL, 0.000, 1, NULL, NULL),
(814, 1, 'لبن', 'Laban', NULL, NULL, 0.000, 1, NULL, NULL),
(815, 1, 'العريدية', 'Al \'uraydiyah', NULL, NULL, 0.000, 1, NULL, NULL),
(816, 1, 'العباسية', 'Al \'abbasiyah', NULL, NULL, 0.000, 1, NULL, NULL),
(817, 1, 'أم رضمة', 'Umm Radmah', NULL, NULL, 0.000, 1, NULL, NULL),
(818, 1, 'أم سليم', 'Umm Sulaym', NULL, NULL, 0.000, 1, NULL, NULL),
(819, 1, 'ثرمداء', 'Tharmada\'', NULL, NULL, 0.000, 1, NULL, NULL),
(820, 1, 'مرات', 'Marat', NULL, NULL, 0.000, 1, NULL, NULL),
(821, 1, 'أثيثية', 'Uthaythiyah', NULL, NULL, 0.000, 1, NULL, NULL),
(822, 1, 'لبخة', 'Labkhah', NULL, NULL, 0.000, 1, NULL, NULL),
(823, 1, 'روضة الفرس', 'Rawdat Al Faras', NULL, NULL, 0.000, 1, NULL, NULL),
(824, 1, 'ام طلحة', 'Umm Talhah', NULL, NULL, 0.000, 1, NULL, NULL),
(825, 1, 'حويتة', 'Huwaytah', NULL, NULL, 0.000, 1, NULL, NULL),
(826, 1, 'الطويلة', 'At Tawilah', NULL, NULL, 0.000, 1, NULL, NULL),
(827, 1, 'أوبير', 'Ubayr', NULL, NULL, 0.000, 1, NULL, NULL),
(828, 1, 'الدرعية', 'Ad Dir\'iyah', NULL, NULL, 0.000, 1, NULL, NULL),
(829, 1, 'عرقة', 'irqah', NULL, NULL, 0.000, 1, NULL, NULL),
(830, 1, 'العيينة', 'Al Uyainah', NULL, NULL, 0.000, 1, NULL, NULL),
(831, 1, 'الوصيل', 'Al Wusayl', NULL, NULL, 0.000, 1, NULL, NULL),
(832, 1, 'أبا الكباش', 'Aba Al Kibash', NULL, NULL, 0.000, 1, NULL, NULL),
(833, 1, 'الجبيلة', 'Al Jubaylah', NULL, NULL, 0.000, 1, NULL, NULL),
(834, 1, 'العمارية', 'Al \'ammariyah', NULL, NULL, 0.000, 1, NULL, NULL),
(835, 1, 'بوضة', 'Bawdah', NULL, NULL, 0.000, 1, NULL, NULL),
(836, 1, 'العليا', 'Al \'ulayya', NULL, NULL, 0.000, 1, NULL, NULL),
(837, 1, 'قصر القرينة', 'Qasr Al Quraynah', NULL, NULL, 0.000, 1, NULL, NULL),
(838, 1, 'قصر فيهق', 'Qasr Fayhaq', NULL, NULL, 0.000, 1, NULL, NULL),
(839, 1, 'ضرما', 'Duruma', NULL, NULL, 0.000, 1, NULL, NULL),
(840, 1, 'قصور المقبل', 'Qusur Al Muqbil', NULL, NULL, 0.000, 1, NULL, NULL),
(841, 1, 'الغطغط', 'Al Ghutghut', NULL, NULL, 0.000, 1, NULL, NULL),
(842, 1, 'قصر ابن شهيل', 'Qasr Ibn Shuhayl', NULL, NULL, 0.000, 1, NULL, NULL),
(843, 1, 'المغرفية', 'Al Maghrafiyah', NULL, NULL, 0.000, 1, NULL, NULL),
(844, 1, 'جو', 'Jaww', NULL, NULL, 0.000, 1, NULL, NULL),
(845, 1, 'الغزيز', 'Al Ghuzayz', NULL, NULL, 0.000, 1, NULL, NULL),
(846, 1, 'الثمامي', 'Ath Thumamy', NULL, NULL, 0.000, 1, NULL, NULL),
(847, 1, 'وعلة', 'Wa\'alah', NULL, NULL, 0.000, 1, NULL, NULL),
(848, 1, 'الشامانية', 'Ash Shamaniyah', NULL, NULL, 0.000, 1, NULL, NULL),
(849, 1, 'القصورية', 'Al Qusuriyah', NULL, NULL, 0.000, 1, NULL, NULL),
(850, 1, 'مزلة', 'Mazallah', NULL, NULL, 0.000, 1, NULL, NULL),
(851, 1, 'عصيلة', 'usaylah', NULL, NULL, 0.000, 1, NULL, NULL),
(852, 1, 'الشواة', 'Ash Shawah', NULL, NULL, 0.000, 1, NULL, NULL),
(853, 1, 'عليان', 'ilayyan', NULL, NULL, 0.000, 1, NULL, NULL),
(854, 1, 'عيدان', 'Idan', NULL, NULL, 0.000, 1, NULL, NULL),
(855, 1, 'سيح الدبول', 'Sayh Ad Dubul', NULL, NULL, 0.000, 1, NULL, NULL),
(856, 1, 'الهمجة', 'Al Hamjah', NULL, NULL, 0.000, 1, NULL, NULL),
(857, 4, 'ابو سديرة', 'Abu Sudairah', NULL, NULL, 0.000, 1, NULL, NULL),
(858, 1, 'الكدرة', 'Al Kadrah', NULL, NULL, 0.000, 1, NULL, NULL),
(859, 1, 'الفيضة', 'Al Faydah', NULL, NULL, 0.000, 1, NULL, NULL),
(860, 1, 'الخيس', 'Al Khis', NULL, NULL, 0.000, 1, NULL, NULL),
(861, 1, 'الدويرة', 'Ad Duwayrah', NULL, NULL, 0.000, 1, NULL, NULL),
(862, 1, 'أبو مروة', 'Abu Marwah', NULL, NULL, 0.000, 1, NULL, NULL),
(863, 1, 'سماح', 'Samah', NULL, NULL, 0.000, 1, NULL, NULL),
(864, 1, 'القرنة', 'Al Qarnah', NULL, NULL, 0.000, 1, NULL, NULL),
(865, 1, 'داحس', 'Dahis', NULL, NULL, 0.000, 1, NULL, NULL),
(866, 1, 'دسمان', 'Dasman', NULL, NULL, 0.000, 1, NULL, NULL),
(867, 1, 'العويسية', 'Al \'uwaysiyah', NULL, NULL, 0.000, 1, NULL, NULL),
(868, 1, 'العلياء', 'Al \'ulayya', NULL, NULL, 0.000, 1, NULL, NULL),
(869, 1, 'مزرعة مزعلة', 'Mazra\'at Miz\'ilah', NULL, NULL, 0.000, 1, NULL, NULL),
(870, 1, 'القوسة', 'Al Qawsah', NULL, NULL, 0.000, 1, NULL, NULL),
(871, 1, 'الروغ', 'Ar Rawgh', NULL, NULL, 0.000, 1, NULL, NULL),
(872, 1, 'الوسيطاء', 'Al Wusayta', NULL, NULL, 0.000, 1, NULL, NULL),
(873, 1, 'البعيثية', 'Al Bu\'aythiyah', NULL, NULL, 0.000, 1, NULL, NULL),
(874, 1, 'الشتلانية', 'Ash Shatlaniyah', NULL, NULL, 0.000, 1, NULL, NULL),
(875, 1, 'جدالة', 'Jaddalah', NULL, NULL, 0.000, 1, NULL, NULL),
(876, 1, 'قفرة', 'Qafarah', NULL, NULL, 0.000, 1, NULL, NULL),
(877, 1, 'أجزالا', 'Ajzala', NULL, NULL, 0.000, 1, NULL, NULL),
(878, 1, 'الجفارة', 'Al Jafarah', NULL, NULL, 0.000, 1, NULL, NULL),
(879, 1, 'غودة', 'Ghawdah', NULL, NULL, 0.000, 1, NULL, NULL),
(880, 1, 'القويعية', 'Al Quway\'iyah', NULL, NULL, 0.000, 1, NULL, NULL),
(881, 1, 'حلبان', 'Halaban', NULL, NULL, 0.000, 1, NULL, NULL),
(882, 1, 'سنام', 'Sanam', NULL, NULL, 0.000, 1, NULL, NULL),
(883, 1, 'الرجع', 'Ar Raj\'', NULL, NULL, 0.000, 1, NULL, NULL),
(884, 1, 'طحي', 'Tuhayy', NULL, NULL, 0.000, 1, NULL, NULL),
(885, 1, 'الرويضة', 'Ar Ruwaydah', NULL, NULL, 0.000, 1, NULL, NULL),
(886, 1, 'الخنيقية', 'Al Khunayqiyah', NULL, NULL, 0.000, 1, NULL, NULL),
(887, 1, 'الناصفة', 'An Nasifah', NULL, NULL, 0.000, 1, NULL, NULL),
(888, 1, 'المثناة', 'Al Mathnah', NULL, NULL, 0.000, 1, NULL, NULL),
(889, 1, 'الجلة', 'Jellah', NULL, NULL, 0.000, 1, NULL, NULL),
(890, 1, 'الربواء', 'Ar Rabwa', NULL, NULL, 0.000, 1, NULL, NULL),
(891, 1, 'لجعة', 'Laj\'ah', NULL, NULL, 0.000, 1, NULL, NULL),
(892, 1, 'نخيلان', 'Nukhaylan', NULL, NULL, 0.000, 1, NULL, NULL),
(893, 1, 'عنان', 'inan', NULL, NULL, 0.000, 1, NULL, NULL),
(894, 1, 'البدع', 'Al Bada\'', NULL, NULL, 0.000, 1, NULL, NULL),
(895, 1, 'صبحاء', 'Sabha', NULL, NULL, 0.000, 1, NULL, NULL),
(896, 2, 'العلبة', 'Al \'ilabah', NULL, NULL, 0.000, 1, NULL, NULL),
(897, 2, 'العلاوة', 'Al \'ilawah', NULL, NULL, 0.000, 1, NULL, NULL),
(898, 2, 'العرقين', 'Al \'irqayn', NULL, NULL, 0.000, 1, NULL, NULL),
(899, 2, 'العصلة', 'Al \'isalah', NULL, NULL, 0.000, 1, NULL, NULL),
(900, 2, 'العفيرية', 'Al \'ufayriyah', NULL, NULL, 0.000, 1, NULL, NULL),
(901, 2, 'العمشان', 'Al \'umshan', NULL, NULL, 0.000, 1, NULL, NULL),
(902, 1, 'الجلة وتبراك', 'Jellah And Tebrak', NULL, NULL, 0.000, 1, NULL, NULL),
(903, 2, 'العقدة', 'Al \'uqdah', NULL, NULL, 0.000, 1, NULL, NULL),
(904, 2, 'العقدة', 'Al \'uqdah', NULL, NULL, 0.000, 1, NULL, NULL),
(905, 2, 'العقدة', 'Al \'uqdah', NULL, NULL, 0.000, 1, NULL, NULL),
(906, 2, 'العقلة', 'Al \'uqlah', NULL, NULL, 0.000, 1, NULL, NULL),
(907, 2, 'العقلة', 'Al \'uqlah', NULL, NULL, 0.000, 1, NULL, NULL),
(908, 2, 'العصمان', 'Al \'usman', NULL, NULL, 0.000, 1, NULL, NULL),
(909, 2, 'العثيثي', 'Al \'uthaythi', NULL, NULL, 0.000, 1, NULL, NULL),
(910, 4, 'الوطاة', 'Al Watah', NULL, NULL, 0.000, 1, NULL, NULL),
(911, 4, 'غضي', 'Ghudayy', NULL, NULL, 0.000, 1, NULL, NULL),
(912, 4, 'الحيطان', 'Al Haytan', NULL, NULL, 0.000, 1, NULL, NULL),
(913, 4, 'الصريف', 'As Sarif', NULL, NULL, 0.000, 1, NULL, NULL),
(914, 4, 'الفايزية', 'Al Fayziyah', NULL, NULL, 0.000, 1, NULL, NULL),
(915, 4, 'الصعيبية', 'As Su\'aybiyah', NULL, NULL, 0.000, 1, NULL, NULL),
(916, 4, 'نقرة العمارين', 'Nuqrat Al \'amarin', NULL, NULL, 0.000, 1, NULL, NULL),
(917, 4, 'رغيلة', 'Rughaylah', NULL, NULL, 0.000, 1, NULL, NULL),
(918, 4, 'المعدا', 'Al Ma\'ada', NULL, NULL, 0.000, 1, NULL, NULL),
(919, 4, 'المفيض', 'Al Mafid', NULL, NULL, 0.000, 1, NULL, NULL),
(920, 4, 'العليا', 'Al \'ulayya', NULL, NULL, 0.000, 1, NULL, NULL),
(921, 4, 'الروضة', 'Ar Rawdah', NULL, NULL, 0.000, 1, NULL, NULL),
(922, 4, 'أبلق', 'Ablaq', NULL, NULL, 0.000, 1, NULL, NULL),
(923, 4, 'ضراس', 'Diras', NULL, NULL, 0.000, 1, NULL, NULL),
(924, 4, 'المحلاني', 'Al Mahalani', NULL, NULL, 0.000, 1, NULL, NULL),
(925, 4, 'الخناصة', 'Al Khinnasah', NULL, NULL, 0.000, 1, NULL, NULL),
(926, 4, 'المحوى', 'Al Mahawa', NULL, NULL, 0.000, 1, NULL, NULL),
(927, 4, 'رياض الرماح', 'Riyad Ar Rimah', NULL, NULL, 0.000, 1, NULL, NULL),
(928, 4, 'العقلة', 'Al \'uqlah', NULL, NULL, 0.000, 1, NULL, NULL),
(929, 4, 'روض ابن كميان', 'Rawd Ibn Kumayyan', NULL, NULL, 0.000, 1, NULL, NULL),
(930, 4, 'القرو', 'Al Qaru', NULL, NULL, 0.000, 1, NULL, NULL),
(931, 4, 'الحديدية', 'Al Hadidiyah', NULL, NULL, 0.000, 1, NULL, NULL),
(932, 4, 'البعيثة', 'Al Bi\'ithah', NULL, NULL, 0.000, 1, NULL, NULL),
(933, 4, 'الصغيرية', 'As Sughayriyah', NULL, NULL, 0.000, 1, NULL, NULL),
(934, 4, 'حويلان', 'Huwaylan', NULL, NULL, 0.000, 1, NULL, NULL),
(935, 4, 'الصباخ', 'As Subakh', NULL, NULL, 0.000, 1, NULL, NULL),
(936, 4, 'اللسيب', 'Al Lusayb', NULL, NULL, 0.000, 1, NULL, NULL),
(937, 4, 'الدعيسة', 'Ad Da\'isah', NULL, NULL, 0.000, 1, NULL, NULL),
(938, 4, 'العاقول', 'Al \'aqul', NULL, NULL, 0.000, 1, NULL, NULL),
(939, 4, 'البصر', 'Al Busur', NULL, NULL, 0.000, 1, NULL, NULL),
(940, 7, 'توله', 'Tuwalah', NULL, NULL, 0.000, 1, NULL, NULL),
(941, 4, 'الطرفية', 'At Turfiyah', NULL, NULL, 0.000, 1, NULL, NULL),
(942, 4, 'القرعاء', 'Al Qar\'a', NULL, NULL, 0.000, 1, NULL, NULL),
(943, 4, 'المحروقة', 'Al Mahruqah', NULL, NULL, 0.000, 1, NULL, NULL),
(944, 4, 'البطين', 'Al Butayn', NULL, NULL, 0.000, 1, NULL, NULL),
(945, 4, 'المخرم', 'Al Makhram', NULL, NULL, 0.000, 1, NULL, NULL),
(946, 4, 'شري', 'Shari', NULL, NULL, 0.000, 1, NULL, NULL),
(947, 4, 'الشقة العليا', 'Ash Shiqqah Al \'ulya', NULL, NULL, 0.000, 1, NULL, NULL),
(948, 4, 'الشقة السفلى', 'Ash Shiqqah As Suflah', NULL, NULL, 0.000, 1, NULL, NULL),
(949, 4, 'الزبيرة', 'Az Zubayrah', NULL, NULL, 0.000, 1, NULL, NULL),
(950, 4, 'قصيباء', 'Qusayba', NULL, NULL, 0.000, 1, NULL, NULL),
(951, 4, 'القوارة', 'Al Quwarah', NULL, NULL, 0.000, 1, NULL, NULL),
(952, 4, 'الهدية', 'Al Hudayyah', NULL, NULL, 0.000, 1, NULL, NULL),
(953, 4, 'الغماس', 'Al Ghammas', NULL, NULL, 0.000, 1, NULL, NULL),
(954, 4, 'الملقاء', 'Al Malqa', NULL, NULL, 0.000, 1, NULL, NULL),
(955, 4, 'قبة', 'Qibah', NULL, NULL, 0.000, 1, NULL, NULL),
(956, 1, 'أم سريحة', 'Umm Surayhah', NULL, NULL, 0.000, 1, NULL, NULL),
(957, 1, 'الخروعية', 'Al Kharwa\'iyah', NULL, NULL, 0.000, 1, NULL, NULL),
(958, 1, 'المجذمية', 'Al Majdhamiyah', NULL, NULL, 0.000, 1, NULL, NULL),
(959, 1, 'الحفيرة / حصاة قحطان', 'Al Hufayrah / Hasat Qahtan', NULL, NULL, 0.000, 1, NULL, NULL),
(960, 1, 'الحرملية', 'Al Harmaliyah', NULL, NULL, 0.000, 1, NULL, NULL),
(961, 1, 'خبراء الثوير', 'Khabra Ath Thawir', NULL, NULL, 0.000, 1, NULL, NULL),
(962, 1, 'الرين', 'Ar Rayn', NULL, NULL, 0.000, 1, NULL, NULL),
(963, 1, 'محيرقة', 'Muhairiqah', NULL, NULL, 0.000, 1, NULL, NULL),
(964, 1, 'مرقان', 'Marqan', NULL, NULL, 0.000, 1, NULL, NULL),
(965, 1, 'ام نخيلة', 'Umm Nakhilah', NULL, NULL, 0.000, 1, NULL, NULL),
(966, 1, 'ام الدبي', 'Umm Ad Dibay', NULL, NULL, 0.000, 1, NULL, NULL),
(967, 1, 'خبراء حلوة', 'Khabra Halwah', NULL, NULL, 0.000, 1, NULL, NULL),
(968, 1, 'حجيلا', 'Hujayla', NULL, NULL, 0.000, 1, NULL, NULL),
(969, 1, 'الفويلق', 'Al Fuwayliq', NULL, NULL, 0.000, 1, NULL, NULL),
(970, 1, 'القويع', 'Al Quway\'', NULL, NULL, 0.000, 1, NULL, NULL),
(971, 1, 'مزعل', 'Miz\'il', NULL, NULL, 0.000, 1, NULL, NULL),
(972, 1, 'بدائع المشاعلة', 'Badai\' Al Masha\'ilah', NULL, NULL, 0.000, 1, NULL, NULL),
(973, 1, 'خبراء فاران', 'Khabra Faran', NULL, NULL, 0.000, 1, NULL, NULL),
(974, 1, 'خبيب الريم', 'Khubayb Ar Rim', NULL, NULL, 0.000, 1, NULL, NULL),
(975, 1, 'القرارة', 'Al Qararah', NULL, NULL, 0.000, 1, NULL, NULL),
(976, 1, 'أم طليح', 'Umm Tulayh', NULL, NULL, 0.000, 1, NULL, NULL),
(977, 1, 'المانعية', 'Al Mani\'iyah', NULL, NULL, 0.000, 1, NULL, NULL),
(978, 1, 'الجديدة', 'Al Jadidah', NULL, NULL, 0.000, 1, NULL, NULL),
(979, 1, 'العدوة', 'Al \'idwah', NULL, NULL, 0.000, 1, NULL, NULL),
(980, 1, 'الذيبية', 'Adh Dhibiyah', NULL, NULL, 0.000, 1, NULL, NULL),
(981, 1, 'الصدر', 'As Sadr', NULL, NULL, 0.000, 1, NULL, NULL),
(982, 1, 'ابرقية', 'Abraqiyah', NULL, NULL, 0.000, 1, NULL, NULL),
(983, 1, 'حجرفة', 'Hajrufah', NULL, NULL, 0.000, 1, NULL, NULL),
(984, 1, 'معانيق', 'Ma\'aniq', NULL, NULL, 0.000, 1, NULL, NULL),
(985, 1, 'الصيهد', 'As Sayhad', NULL, NULL, 0.000, 1, NULL, NULL),
(986, 1, 'اللغفة', 'Al Laghfah', NULL, NULL, 0.000, 1, NULL, NULL),
(987, 1, 'الخفق الجديد', 'Al Khafaq Al Jadid', NULL, NULL, 0.000, 1, NULL, NULL),
(988, 1, 'ظلماء', 'Dhalma', NULL, NULL, 0.000, 1, NULL, NULL),
(989, 1, 'الخلائق الشرقية', 'Al Khalaiq Ash Sharqiyah', NULL, NULL, 0.000, 1, NULL, NULL),
(990, 1, 'المزاحمية', 'Al Muzahimiyah', NULL, NULL, 0.000, 1, NULL, NULL),
(991, 1, 'تبراك', 'Tebrak', NULL, NULL, 0.000, 1, NULL, NULL),
(992, 1, 'الفيضة', 'Al Faydah', NULL, NULL, 0.000, 1, NULL, NULL),
(993, 1, 'الاوسط', 'Al Awsat', NULL, NULL, 0.000, 1, NULL, NULL),
(994, 1, 'الحويرة', 'Al Huwayrrah', NULL, NULL, 0.000, 1, NULL, NULL),
(995, 1, 'خشم معضد', 'Khashm Mi\'dad', NULL, NULL, 0.000, 1, NULL, NULL),
(996, 1, 'البخرا', 'Al Bakhra', NULL, NULL, 0.000, 1, NULL, NULL),
(997, 1, 'اللغفية', 'Al Lughfiyah', NULL, NULL, 0.000, 1, NULL, NULL),
(998, 1, 'المسبر', 'Al Masbar', NULL, NULL, 0.000, 1, NULL, NULL),
(999, 1, 'النظيم', 'An Nadhim', NULL, NULL, 0.000, 1, NULL, NULL),
(1000, 1, 'حفرة نساح', 'Hafirat Nisah', NULL, NULL, 0.000, 1, NULL, NULL),
(1001, 1, 'عجاج', 'ajaj', NULL, NULL, 0.000, 1, NULL, NULL),
(1002, 1, 'المشاعلة', 'Al Masha\'ilah', NULL, NULL, 0.000, 1, NULL, NULL),
(1003, 1, 'قنيفذة', 'Qunayfidhah', NULL, NULL, 0.000, 1, NULL, NULL),
(1004, 1, 'عفرية', 'Ifriyah', NULL, NULL, 0.000, 1, NULL, NULL),
(1005, 1, 'الخلائق الغربية', 'Al Khalaiq Al Gharbiyah', NULL, NULL, 0.000, 1, NULL, NULL),
(1006, 1, 'الجفير', 'Al Jufayr', NULL, NULL, 0.000, 1, NULL, NULL),
(1007, 3, 'الفريش', 'Al Furaysh', NULL, NULL, 0.000, 1, NULL, NULL),
(1008, 3, 'الفقارة', 'Al Fuqarah', NULL, NULL, 0.000, 1, NULL, NULL),
(1009, 3, 'الفقرة', 'Al Faqrah', NULL, NULL, 0.000, 1, NULL, NULL),
(1010, 3, 'الفقعلي', 'Al Fuq\'ali', NULL, NULL, 0.000, 1, NULL, NULL),
(1011, 3, 'الفقير', 'Al Faqir', NULL, NULL, 0.000, 1, NULL, NULL),
(1012, 3, 'القافلة', 'Al Qafilah', NULL, NULL, 0.000, 1, NULL, NULL),
(1013, 3, 'القراصة', 'Al Qarrasah', NULL, NULL, 0.000, 1, NULL, NULL),
(1014, 3, 'القري', 'Al Quray', NULL, NULL, 0.000, 1, NULL, NULL),
(1015, 3, 'القصيبة', 'Al Qisayyibah', NULL, NULL, 0.000, 1, NULL, NULL),
(1016, 3, 'القطيعاء', 'Al Qutay\'a', NULL, NULL, 0.000, 1, NULL, NULL),
(1017, 3, 'القعرة', 'Al Qa\'arah', NULL, NULL, 0.000, 1, NULL, NULL),
(1018, 3, 'القعرة', 'Al Qa\'arah', NULL, NULL, 0.000, 1, NULL, NULL),
(1019, 3, 'القفاف', 'Al Qifaf', NULL, NULL, 0.000, 1, NULL, NULL),
(1020, 3, 'القويعية', 'Al Quway\'iyah', NULL, NULL, 0.000, 1, NULL, NULL),
(1021, 3, 'الكريزية', 'Al Kurayziyah', NULL, NULL, 0.000, 1, NULL, NULL),
(1022, 3, 'الكريزية', 'Al Kurayziyah', NULL, NULL, 0.000, 1, NULL, NULL),
(1023, 3, 'اللثامة', 'Al Luthamah', NULL, NULL, 0.000, 1, NULL, NULL),
(1024, 3, 'اللثامة', 'Al Luthamah', NULL, NULL, 0.000, 1, NULL, NULL),
(1025, 3, 'اللحن', 'Al Lihin', NULL, NULL, 0.000, 1, NULL, NULL),
(1026, 3, 'اللهبان', 'Al Lahban', NULL, NULL, 0.000, 1, NULL, NULL),
(1027, 3, 'الماوية', 'Al Mawiyah', NULL, NULL, 0.000, 1, NULL, NULL),
(1028, 3, 'المثلث', 'Al Muthallath', NULL, NULL, 0.000, 1, NULL, NULL),
(1029, 3, 'المجرذية', 'Al Majradiyah', NULL, NULL, 0.000, 1, NULL, NULL),
(1030, 3, 'المحامة', 'Al Mahamah', NULL, NULL, 0.000, 1, NULL, NULL),
(1031, 3, 'المحفر', 'Al Mahaffar', NULL, NULL, 0.000, 1, NULL, NULL),
(1032, 3, 'المدينة المنورة', 'Al Madinah Al Munawwarah', NULL, NULL, 0.000, 1, NULL, NULL),
(1033, 3, 'المرامية', 'Al Maramiyah', NULL, NULL, 0.000, 1, NULL, NULL),
(1034, 3, 'المربع', 'Al Murabba\'', NULL, NULL, 0.000, 1, NULL, NULL),
(1035, 3, 'المرتجة', 'Al Murtajjah', NULL, NULL, 0.000, 1, NULL, NULL),
(1036, 3, 'المرية', 'Al Marriyah', NULL, NULL, 0.000, 1, NULL, NULL),
(1037, 3, 'المرير', 'Al Murayr', NULL, NULL, 0.000, 1, NULL, NULL),
(1038, 3, 'المزرع', 'Al Mazri\'', NULL, NULL, 0.000, 1, NULL, NULL),
(1039, 3, 'المسجد', 'Al Masjid', NULL, NULL, 0.000, 1, NULL, NULL),
(1040, 3, 'المسيجيد', 'Al Musayjid', NULL, NULL, 0.000, 1, NULL, NULL),
(1041, 3, 'المشران', 'Al Mishran', NULL, NULL, 0.000, 1, NULL, NULL),
(1042, 3, 'المشريف', 'Al Mushayrif', NULL, NULL, 0.000, 1, NULL, NULL),
(1043, 3, 'المشينية', 'Al Mushayniyah', NULL, NULL, 0.000, 1, NULL, NULL),
(1044, 3, 'المضاويح', 'Al Mudhawih', NULL, NULL, 0.000, 1, NULL, NULL),
(1045, 3, 'المضيبعة', 'Al Mudaybi\'ah', NULL, NULL, 0.000, 1, NULL, NULL),
(1046, 3, 'المضيق', 'Al Madiq', NULL, NULL, 0.000, 1, NULL, NULL),
(1047, 3, 'المعيزلة', 'Al Ma\'ayzilah', NULL, NULL, 0.000, 1, NULL, NULL),
(1048, 3, 'المغرة', 'Al Magharah', NULL, NULL, 0.000, 1, NULL, NULL),
(1049, 3, 'المفرق', 'Al Mafraq', NULL, NULL, 0.000, 1, NULL, NULL),
(1050, 3, 'المفرق', 'Al Mafraq', NULL, NULL, 0.000, 1, NULL, NULL),
(1051, 3, 'المقنع', 'Al Muqanna\'', NULL, NULL, 0.000, 1, NULL, NULL),
(1052, 3, 'الملبنة', 'Al Malbanah', NULL, NULL, 0.000, 1, NULL, NULL),
(1053, 3, 'الملحة', 'Al Malhah', NULL, NULL, 0.000, 1, NULL, NULL),
(1054, 3, 'المليليح', 'Al Mulaylih', NULL, NULL, 0.000, 1, NULL, NULL),
(1055, 3, 'المليليح', 'Al Mulaylih', NULL, NULL, 0.000, 1, NULL, NULL),
(1056, 3, 'المندسة', 'Al Mundassah', NULL, NULL, 0.000, 1, NULL, NULL),
(1057, 3, 'المندسة', 'Al Mundassah', NULL, NULL, 0.000, 1, NULL, NULL),
(1058, 1, 'العين', 'Al \'ayn', NULL, NULL, 0.000, 1, NULL, NULL),
(1059, 1, 'خفس دغرة', 'Khafs Daghrah', NULL, NULL, 0.000, 1, NULL, NULL),
(1060, 1, 'البياض', 'Al Biyad', NULL, NULL, 0.000, 1, NULL, NULL),
(1061, 1, 'الخرج', 'Al Kharj', NULL, NULL, 0.000, 1, NULL, NULL),
(1062, 1, 'اليمامة', 'Al Yamamah', NULL, NULL, 0.000, 1, NULL, NULL),
(1063, 1, 'الرفاع', 'Ar Rufa\'', NULL, NULL, 0.000, 1, NULL, NULL),
(1064, 1, 'البرة', 'Al Barrah', NULL, NULL, 0.000, 1, NULL, NULL),
(1065, 1, 'فرزان', 'Farzan', NULL, NULL, 0.000, 1, NULL, NULL),
(1066, 1, 'الرفيعة', 'Ar Rafi\'ah', NULL, NULL, 0.000, 1, NULL, NULL),
(1067, 1, 'الرفائع', 'Ar Rafai\'', NULL, NULL, 0.000, 1, NULL, NULL),
(1068, 1, 'العذار', 'Al \'adhar', NULL, NULL, 0.000, 1, NULL, NULL),
(1069, 1, 'زميقة', 'Zumayqah', NULL, NULL, 0.000, 1, NULL, NULL),
(1070, 1, 'الحزم', 'Al Hazm', NULL, NULL, 0.000, 1, NULL, NULL),
(1071, 1, 'الهياثم', 'Al Hayathim', NULL, NULL, 0.000, 1, NULL, NULL),
(1072, 1, 'البدع القديم', 'Al Bada\' Al Qadim', NULL, NULL, 0.000, 1, NULL, NULL),
(1073, 1, 'الدلم', 'Ad Dilam', NULL, NULL, 0.000, 1, NULL, NULL),
(1074, 1, 'الضبعية', 'Ad Dubay\'ah', NULL, NULL, 0.000, 1, NULL, NULL),
(1075, 1, 'نعجان', 'Na\'jan', NULL, NULL, 0.000, 1, NULL, NULL),
(1076, 1, 'حي القطار', 'Hai Al Qitar', NULL, NULL, 0.000, 1, NULL, NULL),
(1077, 1, 'الناصفة', 'An Nasifah', NULL, NULL, 0.000, 1, NULL, NULL),
(1078, 1, 'السلمية', 'As Silimiyah', NULL, NULL, 0.000, 1, NULL, NULL),
(1079, 1, 'البدع', 'Al Bada\'', NULL, NULL, 0.000, 1, NULL, NULL),
(1080, 1, 'السهباء', 'As Sahba\'', NULL, NULL, 0.000, 1, NULL, NULL),
(1081, 1, 'الثليما', 'Ath Thalima', NULL, NULL, 0.000, 1, NULL, NULL),
(1082, 1, 'التوضيحية', 'At Tawdihiyyah', NULL, NULL, 0.000, 1, NULL, NULL),
(1083, 1, 'المحطة', 'Al Mahattah', NULL, NULL, 0.000, 1, NULL, NULL),
(1084, 1, 'الرغيب', 'Ar Rughayb', NULL, NULL, 0.000, 1, NULL, NULL),
(1085, 1, 'المحمدي', 'Al Muhammadi', NULL, NULL, 0.000, 1, NULL, NULL),
(1086, 1, 'الصحنة', 'As Sahanah', NULL, NULL, 0.000, 1, NULL, NULL),
(1087, 3, 'الميث', 'Al Mayth', NULL, NULL, 0.000, 1, NULL, NULL),
(1088, 3, 'النباة', 'An Nabah', NULL, NULL, 0.000, 1, NULL, NULL),
(1089, 3, 'النجف', 'An Najf', NULL, NULL, 0.000, 1, NULL, NULL),
(1090, 3, 'النجيل', 'An Najil', NULL, NULL, 0.000, 1, NULL, NULL),
(1091, 3, 'النجيل', 'An Najil', NULL, NULL, 0.000, 1, NULL, NULL),
(1092, 3, 'النخيل', 'An Nakhil', NULL, NULL, 0.000, 1, NULL, NULL),
(1093, 3, 'النشيفة', 'An Nushayfah', NULL, NULL, 0.000, 1, NULL, NULL),
(1094, 3, 'النفازي', 'An Nafazi', NULL, NULL, 0.000, 1, NULL, NULL),
(1095, 3, 'النقرة', 'An Nuqrah', NULL, NULL, 0.000, 1, NULL, NULL),
(1096, 3, 'النقيعاء', 'An Nuqay\'a', NULL, NULL, 0.000, 1, NULL, NULL),
(1097, 3, 'الهدى', 'Al Hada', NULL, NULL, 0.000, 1, NULL, NULL),
(1098, 3, 'الهذلولي', 'Al Hadhluli', NULL, NULL, 0.000, 1, NULL, NULL),
(1099, 3, 'الهرارة', 'Al Harrarah', NULL, NULL, 0.000, 1, NULL, NULL),
(1100, 3, 'الهميج', 'Al Humayj', NULL, NULL, 0.000, 1, NULL, NULL),
(1101, 3, 'الهميجة', 'Al Humayjah', NULL, NULL, 0.000, 1, NULL, NULL),
(1102, 3, 'الهندية', 'Al Hindiyah', NULL, NULL, 0.000, 1, NULL, NULL),
(1103, 3, 'الواسطة', 'Al Wasithah', NULL, NULL, 0.000, 1, NULL, NULL),
(1104, 2, 'العويلة', 'Al \'uwaylah', NULL, NULL, 0.000, 1, NULL, NULL),
(1105, 2, 'الابرق', 'Al Abraq', NULL, NULL, 0.000, 1, NULL, NULL),
(1106, 2, 'الابواء', 'Al Abwa\'', NULL, NULL, 0.000, 1, NULL, NULL),
(1107, 2, 'الاحلاف', 'Al Ahlaf', NULL, NULL, 0.000, 1, NULL, NULL),
(1108, 2, 'الاخاضر', 'Al Akhadir', NULL, NULL, 0.000, 1, NULL, NULL),
(1109, 2, 'الاملح', 'Al Amlah', NULL, NULL, 0.000, 1, NULL, NULL),
(1110, 2, 'الأنفة', 'Al Anafah', NULL, NULL, 0.000, 1, NULL, NULL),
(1111, 2, 'العقيق', 'Al Aqiq', NULL, NULL, 0.000, 1, NULL, NULL),
(1112, 2, 'الاسراب', 'Al Asrab', NULL, NULL, 0.000, 1, NULL, NULL),
(1113, 2, 'العثرية', 'Al Athriyah', NULL, NULL, 0.000, 1, NULL, NULL),
(1114, 2, 'البادرية', 'Al Badiriyah', NULL, NULL, 0.000, 1, NULL, NULL),
(1115, 2, 'البحرة', 'Al Baharah', NULL, NULL, 0.000, 1, NULL, NULL),
(1116, 2, 'البحول', 'Al Bahawal', NULL, NULL, 0.000, 1, NULL, NULL),
(1117, 2, 'البخترية', 'Al Bakhtariyah', NULL, NULL, 0.000, 1, NULL, NULL),
(1118, 2, 'البرد', 'Al Barid', NULL, NULL, 0.000, 1, NULL, NULL),
(1119, 2, 'البرزة', 'Al Barzah', NULL, NULL, 0.000, 1, NULL, NULL),
(1120, 2, 'البجيدي', 'Al Bijaydi', NULL, NULL, 0.000, 1, NULL, NULL),
(1121, 2, 'البناية', 'Al Binayah', NULL, NULL, 0.000, 1, NULL, NULL),
(1122, 2, 'البيار', 'Al Biyar', NULL, NULL, 0.000, 1, NULL, NULL),
(1123, 2, 'البرابير', 'Al Brabir', NULL, NULL, 0.000, 1, NULL, NULL),
(1124, 2, 'البورة', 'Al Burah', NULL, NULL, 0.000, 1, NULL, NULL),
(1125, 2, 'البريكة', 'Al Buraykah', NULL, NULL, 0.000, 1, NULL, NULL),
(1126, 2, 'البريكة', 'Al Buraykah', NULL, NULL, 0.000, 1, NULL, NULL),
(1127, 2, 'البريم', 'Al Buraym', NULL, NULL, 0.000, 1, NULL, NULL),
(1128, 2, 'الدار الحمراء', 'Al Dar Al Hamra', NULL, NULL, 0.000, 1, NULL, NULL),
(1129, 2, 'الدفينة', 'Al Dufaynah', NULL, NULL, 0.000, 1, NULL, NULL),
(1130, 2, 'الفاهمة', 'Al Fahimah', NULL, NULL, 0.000, 1, NULL, NULL),
(1131, 2, 'الفجانة', 'Al Fajjanah', NULL, NULL, 0.000, 1, NULL, NULL),
(1132, 2, 'الفلحة', 'Al Falhah', NULL, NULL, 0.000, 1, NULL, NULL),
(1133, 2, 'الفالق', 'Al Faliq', NULL, NULL, 0.000, 1, NULL, NULL),
(1134, 2, 'الفرع', 'Al Far\'', NULL, NULL, 0.000, 1, NULL, NULL),
(1135, 2, 'الفرعة', 'Al Far\'ah', NULL, NULL, 0.000, 1, NULL, NULL),
(1136, 2, 'الفرعة', 'Al Far\'ah', NULL, NULL, 0.000, 1, NULL, NULL),
(1137, 2, 'الفارع', 'Al Fari\'', NULL, NULL, 0.000, 1, NULL, NULL),
(1138, 2, 'الفارعة', 'Al Fari\'ah', NULL, NULL, 0.000, 1, NULL, NULL),
(1139, 2, 'الفريق', 'Al Fariq', NULL, NULL, 0.000, 1, NULL, NULL),
(1140, 2, 'الفرشة', 'Al Farshah', NULL, NULL, 0.000, 1, NULL, NULL),
(1141, 2, 'الفايجة', 'Al Fayijah', NULL, NULL, 0.000, 1, NULL, NULL),
(1142, 2, 'الفز', 'Al Fazz', NULL, NULL, 0.000, 1, NULL, NULL),
(1143, 2, 'الفيج', 'Al Fij', NULL, NULL, 0.000, 1, NULL, NULL),
(1144, 2, 'الفراع', 'Al Fira\'', NULL, NULL, 0.000, 1, NULL, NULL),
(1145, 2, 'الفعور', 'Al Fu\'ur', NULL, NULL, 0.000, 1, NULL, NULL),
(1146, 2, 'الفريع', 'Al Furay\'', NULL, NULL, 0.000, 1, NULL, NULL),
(1147, 2, 'الفطيمة', 'Al Futaymah', NULL, NULL, 0.000, 1, NULL, NULL),
(1148, 2, 'الغديرين', 'Al Ghadirayn', NULL, NULL, 0.000, 1, NULL, NULL),
(1149, 2, 'الغافة', 'Al Ghafah', NULL, NULL, 0.000, 1, NULL, NULL),
(1150, 2, 'الغالة', 'Al Ghalah', NULL, NULL, 0.000, 1, NULL, NULL),
(1151, 2, 'الغريب', 'Al Gharayyib', NULL, NULL, 0.000, 1, NULL, NULL),
(1152, 5, 'القارة', 'Al Qarah', NULL, NULL, 0.000, 1, NULL, NULL),
(1153, 2, 'الغريب', 'Al Gharayyib', NULL, NULL, 0.000, 1, NULL, NULL),
(1154, 2, 'الغريف', 'Al Gharif', NULL, NULL, 0.000, 1, NULL, NULL),
(1155, 2, 'الغريف', 'Al Gharif', NULL, NULL, 0.000, 1, NULL, NULL),
(1156, 2, 'الغرمول', 'Al Gharmul', NULL, NULL, 0.000, 1, NULL, NULL),
(1157, 2, 'الغولاء', 'Al Ghawla', NULL, NULL, 0.000, 1, NULL, NULL),
(1158, 2, 'الغمير', 'Al Ghimayr', NULL, NULL, 0.000, 1, NULL, NULL),
(1159, 2, 'الغبان', 'Al Ghobban', NULL, NULL, 0.000, 1, NULL, NULL),
(1160, 2, 'الغبة', 'Al Ghubbah', NULL, NULL, 0.000, 1, NULL, NULL),
(1161, 2, 'الغنم', 'Al Ghunnam', NULL, NULL, 0.000, 1, NULL, NULL),
(1162, 2, 'الغرابة', 'Al Ghurabah', NULL, NULL, 0.000, 1, NULL, NULL),
(1163, 2, 'الغرات', 'Al Ghurrat', NULL, NULL, 0.000, 1, NULL, NULL),
(1164, 2, 'الغروف', 'Al Ghuruf', NULL, NULL, 0.000, 1, NULL, NULL),
(1165, 2, 'الحبيل', 'Al Habil', NULL, NULL, 0.000, 1, NULL, NULL),
(1166, 2, 'الحبقة', 'Al Habqah', NULL, NULL, 0.000, 1, NULL, NULL),
(1167, 2, 'الحدباء', 'Al Hadba', NULL, NULL, 0.000, 1, NULL, NULL),
(1168, 2, 'الحدباء', 'Al Hadba', NULL, NULL, 0.000, 1, NULL, NULL),
(1169, 2, 'ا لحفائر', 'Al Hafa\'ir', NULL, NULL, 0.000, 1, NULL, NULL),
(1170, 2, 'الحفائر', 'Al Hafair', NULL, NULL, 0.000, 1, NULL, NULL),
(1171, 2, 'الحفياء', 'Al Hafya', NULL, NULL, 0.000, 1, NULL, NULL),
(1172, 2, 'الحائرية', 'Al Hairiyah', NULL, NULL, 0.000, 1, NULL, NULL),
(1173, 2, 'الحائط', 'Al Hait', NULL, NULL, 0.000, 1, NULL, NULL),
(1174, 6, 'جمعة ربيعة', 'Jum\'at At Rabiah', NULL, NULL, 0.000, 1, NULL, NULL),
(1175, 2, 'الحجف', 'Al Hajf', NULL, NULL, 0.000, 1, NULL, NULL),
(1176, 2, 'الحجف', 'Al Hajf', NULL, NULL, 0.000, 1, NULL, NULL),
(1177, 2, 'الحجرة', 'Al Hajrah', NULL, NULL, 0.000, 1, NULL, NULL),
(1178, 2, 'الحلقة', 'Al Halqah', NULL, NULL, 0.000, 1, NULL, NULL),
(1179, 2, 'الحلقة', 'Al Halqah', NULL, NULL, 0.000, 1, NULL, NULL),
(1180, 2, 'الحلقة', 'Al Halqah', NULL, NULL, 0.000, 1, NULL, NULL),
(1181, 2, 'الحمضة', 'Al Hamdah', NULL, NULL, 0.000, 1, NULL, NULL),
(1182, 2, 'الحمراء', 'Al Hamra', NULL, NULL, 0.000, 1, NULL, NULL),
(1183, 2, 'الحرش', 'Al Harsh', NULL, NULL, 0.000, 1, NULL, NULL),
(1184, 2, 'الحصاحص', 'Al Hasahis', NULL, NULL, 0.000, 1, NULL, NULL),
(1185, 2, 'الحسن', 'Al Hasan', NULL, NULL, 0.000, 1, NULL, NULL),
(1186, 2, 'الحشفة', 'Al Hashafah', NULL, NULL, 0.000, 1, NULL, NULL),
(1187, 2, 'الحشرج', 'Al Hashraj', NULL, NULL, 0.000, 1, NULL, NULL),
(1188, 2, 'الحطامية', 'Al Hatamiyah', NULL, NULL, 0.000, 1, NULL, NULL),
(1189, 2, 'الحوية', 'Al Hawiyah', NULL, NULL, 0.000, 1, NULL, NULL),
(1190, 2, 'الحورة', 'Al Hawrah', NULL, NULL, 0.000, 1, NULL, NULL),
(1191, 2, 'الحوطة', 'Al Hawtah', NULL, NULL, 0.000, 1, NULL, NULL),
(1192, 2, 'الحزم', 'Al Hazm', NULL, NULL, 0.000, 1, NULL, NULL),
(1193, 2, 'الحدة', 'Al Hiddah', NULL, NULL, 0.000, 1, NULL, NULL),
(1194, 2, 'الحمة', 'Al Himah', NULL, NULL, 0.000, 1, NULL, NULL),
(1195, 2, 'الحنو', 'Al Hinu', NULL, NULL, 0.000, 1, NULL, NULL),
(1196, 2, 'الحذيفة', 'Al Hudhayfah', NULL, NULL, 0.000, 1, NULL, NULL),
(1197, 2, 'الحذيفة القالة', 'Al Hudhayfah Al Qalah', NULL, NULL, 0.000, 1, NULL, NULL),
(1198, 2, 'الحفيرة', 'Al Hufayrah', NULL, NULL, 0.000, 1, NULL, NULL),
(1199, 2, 'الحفيرة', 'Al Hufayrah', NULL, NULL, 0.000, 1, NULL, NULL),
(1200, 2, 'الحفيرة', 'Al Hufayrah', NULL, NULL, 0.000, 1, NULL, NULL),
(1201, 2, 'الحفيرة', 'Al Hufayrah', NULL, NULL, 0.000, 1, NULL, NULL),
(1202, 2, 'الحفيرة', 'Al Hufayrah', NULL, NULL, 0.000, 1, NULL, NULL),
(1203, 2, 'الحجيرة', 'Al Hujayrah', NULL, NULL, 0.000, 1, NULL, NULL),
(1204, 4, 'الطراق', 'At Tiraq', NULL, NULL, 0.000, 1, NULL, NULL),
(1205, 8, 'أفيعية', 'Afay\'iyah', NULL, NULL, 0.000, 1, NULL, NULL),
(1206, 8, 'أم العماير', 'Umm Al \'amayir', NULL, NULL, 0.000, 1, NULL, NULL),
(1207, 8, 'أم هشيم', 'Umm Hashim', NULL, NULL, 0.000, 1, NULL, NULL),
(1209, 8, 'أم هشيم', 'Umm Hashim', NULL, NULL, 0.000, 1, NULL, NULL),
(1210, 8, 'أوبيرة', 'Ubayrah', NULL, NULL, 0.000, 1, NULL, NULL),
(1211, 8, 'إبضة', 'Ibdah', NULL, NULL, 0.000, 1, NULL, NULL),
(1212, 8, 'ابا الحيران', 'Aba Al Hiran', NULL, NULL, 0.000, 1, NULL, NULL),
(1213, 8, 'ابو دويحات', 'Abu Duyhat', NULL, NULL, 0.000, 1, NULL, NULL),
(1214, 8, 'الأثلة', 'Al Athlah', NULL, NULL, 0.000, 1, NULL, NULL),
(1215, 8, 'الابيتر', 'Al Ubaitir', NULL, NULL, 0.000, 1, NULL, NULL),
(1216, 8, 'الاجفر', 'Al Ajfar', NULL, NULL, 0.000, 1, NULL, NULL),
(1217, 8, 'الباحة', 'Al Baha', NULL, NULL, 0.000, 1, NULL, NULL),
(1218, 8, 'البحره', 'Al Bahra', NULL, NULL, 0.000, 1, NULL, NULL),
(1219, 8, 'البدائع', 'Al Badai\'', NULL, NULL, 0.000, 1, NULL, NULL),
(1220, 8, 'البدع', 'Al Bada\'', NULL, NULL, 0.000, 1, NULL, NULL),
(1221, 8, 'البرقة', 'Al Barqah', NULL, NULL, 0.000, 1, NULL, NULL),
(1222, 8, 'البركة', 'Al Birkah', NULL, NULL, 0.000, 1, NULL, NULL),
(1223, 8, 'البعايث', 'Al Ba\'ayith', NULL, NULL, 0.000, 1, NULL, NULL),
(1224, 8, 'البلازية', 'Al Ballaziyah', NULL, NULL, 0.000, 1, NULL, NULL),
(1225, 8, 'البنانة', 'Al Bananah', NULL, NULL, 0.000, 1, NULL, NULL),
(1226, 8, 'البويطن', 'Al Buwaytin', NULL, NULL, 0.000, 1, NULL, NULL),
(1227, 8, 'البوييضة', 'Al Buwaiyidah', NULL, NULL, 0.000, 1, NULL, NULL),
(1228, 8, 'البير', 'Al Bir', NULL, NULL, 0.000, 1, NULL, NULL),
(1229, 8, 'البير', 'Al Bir', NULL, NULL, 0.000, 1, NULL, NULL),
(1230, 8, 'التربية', 'At Turbiyah', NULL, NULL, 0.000, 1, NULL, NULL),
(1231, 8, 'التيم', 'At Tim', NULL, NULL, 0.000, 1, NULL, NULL),
(1232, 8, 'الثمامية', 'Ath Thumamiyah', NULL, NULL, 0.000, 1, NULL, NULL),
(1233, 8, 'الثنيان', 'Ath Thinayyan', NULL, NULL, 0.000, 1, NULL, NULL),
(1234, 8, 'الجابرية', 'Al Jabiriyah', NULL, NULL, 0.000, 1, NULL, NULL),
(1235, 8, 'الجابرية', 'Al Jabiriyah', NULL, NULL, 0.000, 1, NULL, NULL),
(1236, 2, 'الحلي', 'Al Hulay', NULL, NULL, 0.000, 1, NULL, NULL),
(1237, 2, 'الحليفة', 'Al Hulayfah', NULL, NULL, 0.000, 1, NULL, NULL),
(1238, 2, 'الحميمة', 'Al Humaimah', NULL, NULL, 0.000, 1, NULL, NULL),
(1239, 2, 'الحصينية', 'Al Husayniyah', NULL, NULL, 0.000, 1, NULL, NULL),
(1240, 2, 'الجدير', 'Al Jadir', NULL, NULL, 0.000, 1, NULL, NULL),
(1241, 2, 'الجحصة', 'Al Jahasah', NULL, NULL, 0.000, 1, NULL, NULL),
(1242, 2, 'الجائزة', 'Al Jaizah', NULL, NULL, 0.000, 1, NULL, NULL),
(1243, 2, 'الجرد', 'Al Jard', NULL, NULL, 0.000, 1, NULL, NULL),
(1244, 2, 'الجرف', 'Al Jarf', NULL, NULL, 0.000, 1, NULL, NULL),
(1245, 2, 'الجر ثمية', 'Al Jarr Thamiyyah', NULL, NULL, 0.000, 1, NULL, NULL),
(1246, 2, 'الجيشي', 'Al Jayshi', NULL, NULL, 0.000, 1, NULL, NULL),
(1247, 2, 'الجعلان', 'Al Ji\'lan', NULL, NULL, 0.000, 1, NULL, NULL),
(1248, 2, 'الجضع', 'Al Jid\'', NULL, NULL, 0.000, 1, NULL, NULL),
(1249, 2, 'الجدعان', 'Al Jidh\'an', NULL, NULL, 0.000, 1, NULL, NULL),
(1250, 2, 'الجلمة', 'Al Jilamah', NULL, NULL, 0.000, 1, NULL, NULL),
(1251, 2, 'الجمدة', 'Al Jimdah', NULL, NULL, 0.000, 1, NULL, NULL),
(1252, 2, 'الجعيرة', 'Al Ju\'ayrah', NULL, NULL, 0.000, 1, NULL, NULL),
(1253, 2, 'الجذية', 'Al Judhayyah', NULL, NULL, 0.000, 1, NULL, NULL),
(1254, 2, 'الجحفة', 'Al Juhfah', NULL, NULL, 0.000, 1, NULL, NULL),
(1255, 2, 'الجموم', 'Al Jumum', NULL, NULL, 0.000, 1, NULL, NULL),
(1256, 2, 'الجريف', 'Al Jurayf', NULL, NULL, 0.000, 1, NULL, NULL),
(1257, 2, 'الكدنة', 'Al Kadanah', NULL, NULL, 0.000, 1, NULL, NULL),
(1258, 2, 'الكامل', 'Al Kamil', NULL, NULL, 0.000, 1, NULL, NULL),
(1259, 2, 'الخضراء', 'Al Khadra', NULL, NULL, 0.000, 1, NULL, NULL),
(1260, 2, 'الخفاشة', 'Al Khafashah', NULL, NULL, 0.000, 1, NULL, NULL),
(1261, 2, 'الخالدية', 'Al Khalidiyah', NULL, NULL, 0.000, 1, NULL, NULL),
(1262, 2, 'الخليف', 'Al Khalif', NULL, NULL, 0.000, 1, NULL, NULL),
(1263, 2, 'الخرائق', 'Al Kharaiq', NULL, NULL, 0.000, 1, NULL, NULL),
(1264, 2, 'الخرجة', 'Al Kharjah', NULL, NULL, 0.000, 1, NULL, NULL),
(1265, 6, 'الشعبة', 'Ash Shu\'abah', NULL, NULL, 0.000, 1, NULL, NULL),
(1266, 6, 'القذال', 'Al Qadhal', NULL, NULL, 0.000, 1, NULL, NULL),
(1267, 6, 'شواحط', 'Shawahit', NULL, NULL, 0.000, 1, NULL, NULL),
(1268, 6, 'عدمن', 'adaman', NULL, NULL, 0.000, 1, NULL, NULL),
(1269, 6, 'المنيظر', 'Al Munaydhir', NULL, NULL, 0.000, 1, NULL, NULL),
(1270, 6, 'محبة', 'Mahabbah', NULL, NULL, 0.000, 1, NULL, NULL),
(1271, 6, 'الفصيلة', 'Al Fasilah', NULL, NULL, 0.000, 1, NULL, NULL),
(1272, 6, 'المسلمة', 'Al Maslamah', NULL, NULL, 0.000, 1, NULL, NULL),
(1273, 6, 'الخوش', 'Al Khawsh', NULL, NULL, 0.000, 1, NULL, NULL),
(1274, 6, 'الكنبي', 'Al Kanabi', NULL, NULL, 0.000, 1, NULL, NULL),
(1275, 6, 'القيوار', 'Al Qiwar', NULL, NULL, 0.000, 1, NULL, NULL),
(1276, 6, 'القنعات', 'Al Qana\'at', NULL, NULL, 0.000, 1, NULL, NULL),
(1277, 6, 'الميفاء', 'Al Mifa', NULL, NULL, 0.000, 1, NULL, NULL),
(1278, 6, 'صعابان', 'Sa\'aban', NULL, NULL, 0.000, 1, NULL, NULL),
(1279, 6, 'مكهاف', 'Makhaf', NULL, NULL, 0.000, 1, NULL, NULL),
(1280, 6, 'المنظر', 'Al Mandhar', NULL, NULL, 0.000, 1, NULL, NULL),
(1281, 6, 'أم فرع', 'Umm Fura\'', NULL, NULL, 0.000, 1, NULL, NULL),
(1282, 6, 'القريحة', 'Al Qurayhah', NULL, NULL, 0.000, 1, NULL, NULL),
(1283, 6, 'الفرعة', 'Al Far\'ah', NULL, NULL, 0.000, 1, NULL, NULL),
(1284, 6, 'أم شعبين', 'Umm Sh\'bayn', NULL, NULL, 0.000, 1, NULL, NULL),
(1285, 2, 'الخشة', 'Al Khashah', NULL, NULL, 0.000, 1, NULL, NULL),
(1286, 6, 'قزة', 'Quzzah', NULL, NULL, 0.000, 1, NULL, NULL),
(1287, 6, 'سيالة', 'Sayalah', NULL, NULL, 0.000, 1, NULL, NULL),
(1288, 6, 'الأحسر', 'Al Ahsar', NULL, NULL, 0.000, 1, NULL, NULL),
(1289, 6, 'الفاضية', 'Al Fadiyah', NULL, NULL, 0.000, 1, NULL, NULL),
(1290, 6, 'نعص', 'Na\'s', NULL, NULL, 0.000, 1, NULL, NULL),
(1291, 6, 'الضحي', 'Ad Dahi', NULL, NULL, 0.000, 1, NULL, NULL),
(1292, 6, 'الحيد عبس', 'Al Hayd \'abs', NULL, NULL, 0.000, 1, NULL, NULL),
(1293, 6, 'الطرقة', 'At Taraqah', NULL, NULL, 0.000, 1, NULL, NULL),
(1294, 6, 'المجاردة', 'Al Majardah', NULL, NULL, 0.000, 1, NULL, NULL),
(1295, 6, 'الحمة', 'Al Himah', NULL, NULL, 0.000, 1, NULL, NULL),
(1296, 6, 'العقيقة', 'Al Aqiqah', NULL, NULL, 0.000, 1, NULL, NULL),
(1297, 6, 'بارق', 'Bariq', NULL, NULL, 0.000, 1, NULL, NULL),
(1298, 6, 'الهرير الشرقي - الجازي', 'Al Hurayr Ash Sharqi (Al Jazi)', NULL, NULL, 0.000, 1, NULL, NULL),
(1299, 6, 'طيب الإسم', 'Tayyib Al Ism', NULL, NULL, 0.000, 1, NULL, NULL),
(1300, 6, 'العمارة', 'Al \'ammarah', NULL, NULL, 0.000, 1, NULL, NULL),
(1301, 6, 'بيشة', 'Bishah', NULL, NULL, 0.000, 1, NULL, NULL),
(1302, 6, 'المزارقة', 'Al Mazarqah', NULL, NULL, 0.000, 1, NULL, NULL),
(1303, 6, 'آل غيثان', 'Al Ghaythan', NULL, NULL, 0.000, 1, NULL, NULL),
(1304, 6, 'آل الشريفي', 'Al Ash Shirayfi', NULL, NULL, 0.000, 1, NULL, NULL),
(1305, 6, 'آل التوم', 'Al At Tum', NULL, NULL, 0.000, 1, NULL, NULL),
(1306, 6, 'آل سويد', 'Al Suwayd', NULL, NULL, 0.000, 1, NULL, NULL),
(1307, 6, 'الصمدة', 'As Simidah', NULL, NULL, 0.000, 1, NULL, NULL),
(1308, 6, 'الفيض', 'Al Fayd', NULL, NULL, 0.000, 1, NULL, NULL),
(1309, 6, 'آل مريح', 'Al Mirayyih', NULL, NULL, 0.000, 1, NULL, NULL),
(1310, 6, 'صفوان', 'Safwan', NULL, NULL, 0.000, 1, NULL, NULL),
(1311, 6, 'الرونة', 'Ar Runah', NULL, NULL, 0.000, 1, NULL, NULL),
(1312, 6, 'آل الذيب', 'Al Adh Dhib', NULL, NULL, 0.000, 1, NULL, NULL),
(1313, 6, 'روضان', 'Rawdan', NULL, NULL, 0.000, 1, NULL, NULL),
(1315, 2, 'الخشاشة', 'Al Khashashah', NULL, NULL, 0.000, 1, NULL, NULL),
(1316, 2, 'الخصرة', 'Al Khasirah', NULL, NULL, 0.000, 1, NULL, NULL),
(1317, 2, 'الخيف', 'Al Khayf', NULL, NULL, 0.000, 1, NULL, NULL),
(1318, 2, 'الخيف', 'Al Khayf', NULL, NULL, 0.000, 1, NULL, NULL),
(1319, 2, 'الخديد', 'Al Khidayd', NULL, NULL, 0.000, 1, NULL, NULL),
(1320, 2, 'الخضر', 'Al Khudr', NULL, NULL, 0.000, 1, NULL, NULL),
(1321, 2, 'الخلاصة', 'Al Khulasah', NULL, NULL, 0.000, 1, NULL, NULL),
(1322, 2, 'الخمجان', 'Al Khumjan', NULL, NULL, 0.000, 1, NULL, NULL),
(1323, 2, 'الخنفسة', 'Al Khunfusah', NULL, NULL, 0.000, 1, NULL, NULL),
(1324, 2, 'الخرمة', 'Al Khurmah', NULL, NULL, 0.000, 1, NULL, NULL),
(1325, 2, 'الكدسة', 'Al Kidsah', NULL, NULL, 0.000, 1, NULL, NULL),
(1326, 2, 'الكردم', 'Al Kurdum', NULL, NULL, 0.000, 1, NULL, NULL),
(1327, 2, 'الكويسية', 'Al Kuwaysiyah', NULL, NULL, 0.000, 1, NULL, NULL),
(1328, 2, 'اللحيان', 'Al Lahyan', NULL, NULL, 0.000, 1, NULL, NULL),
(1329, 2, 'اللبة', 'Al Libbah', NULL, NULL, 0.000, 1, NULL, NULL),
(1330, 2, 'الليث', 'Al Lith', NULL, NULL, 0.000, 1, NULL, NULL),
(1331, 2, 'اللغيسيم', 'Al Lughaysim', NULL, NULL, 0.000, 1, NULL, NULL),
(1332, 2, 'اللصب', 'Al Lusub', NULL, NULL, 0.000, 1, NULL, NULL),
(1333, 2, 'اللويات', 'Al Luwayyat', NULL, NULL, 0.000, 1, NULL, NULL),
(1334, 2, 'المعداء', 'Al Ma\'ada', NULL, NULL, 0.000, 1, NULL, NULL),
(1335, 2, 'المعالي', 'Al Ma\'ali', NULL, NULL, 0.000, 1, NULL, NULL),
(1336, 2, 'المعلاة', 'Al Ma\'lah', NULL, NULL, 0.000, 1, NULL, NULL),
(1337, 2, 'المعقر', 'Al Ma\'qir', NULL, NULL, 0.000, 1, NULL, NULL),
(1338, 2, 'المبنى', 'Al Mabna', NULL, NULL, 0.000, 1, NULL, NULL),
(1339, 2, 'المبرك', 'Al Mabrak', NULL, NULL, 0.000, 1, NULL, NULL),
(1340, 2, 'المضحاة', 'Al Madhah', NULL, NULL, 0.000, 1, NULL, NULL),
(1341, 2, 'المضحاة', 'Al Madhah', NULL, NULL, 0.000, 1, NULL, NULL),
(1342, 2, 'المديد', 'Al Madid', NULL, NULL, 0.000, 1, NULL, NULL),
(1343, 2, 'المضيق', 'Al Madiq', NULL, NULL, 0.000, 1, NULL, NULL),
(1344, 2, 'المغراء', 'Al Maghara', NULL, NULL, 0.000, 1, NULL, NULL),
(1345, 2, 'المغاربة', 'Al Magharibah', NULL, NULL, 0.000, 1, NULL, NULL),
(1346, 2, 'المغاوي', 'Al Maghawi', NULL, NULL, 0.000, 1, NULL, NULL),
(1347, 1, 'جرير', 'Jarir', NULL, NULL, 0.000, 1, NULL, NULL),
(1348, 1, 'الفائزية', 'Al Faiziyah', NULL, NULL, 0.000, 1, NULL, NULL),
(1349, 1, 'المصارير', 'Al Masarir', NULL, NULL, 0.000, 1, NULL, NULL),
(1350, 1, 'النويعمة', 'An Nuway\'mah', NULL, NULL, 0.000, 1, NULL, NULL),
(1351, 1, 'وادي الدواسر', 'Wadi Ad Dawasir', NULL, NULL, 0.000, 1, NULL, NULL),
(1352, 1, 'ابرق النعام', 'Abraq An Na \'am', NULL, NULL, 0.000, 1, NULL, NULL),
(1353, 1, 'كمدة', 'Kamdah', NULL, NULL, 0.000, 1, NULL, NULL),
(1354, 1, 'الفاو', 'Al Faw', NULL, NULL, 0.000, 1, NULL, NULL),
(1355, 1, 'حرجة الزفر', 'Hirjat Az Zufur', NULL, NULL, 0.000, 1, NULL, NULL),
(1356, 1, 'حجلة السواد', 'Hajlat As Suwad', NULL, NULL, 0.000, 1, NULL, NULL),
(1357, 1, 'الكواكب', 'Al Kawakib', NULL, NULL, 0.000, 1, NULL, NULL),
(1358, 1, 'الدلعبي', 'Ad Dhala\'aby', NULL, NULL, 0.000, 1, NULL, NULL),
(1359, 1, 'بني لبيب', 'Bani Labib', NULL, NULL, 0.000, 1, NULL, NULL),
(1360, 1, 'خشم البازوم', 'Khashm Al Bazum', NULL, NULL, 0.000, 1, NULL, NULL),
(1361, 1, 'السليل', 'As Sulayyil', NULL, NULL, 0.000, 1, NULL, NULL),
(1362, 1, 'خيران', 'Khayran', NULL, NULL, 0.000, 1, NULL, NULL),
(1363, 1, 'تمرة', 'Tamrah', NULL, NULL, 0.000, 1, NULL, NULL),
(1364, 1, 'حمام', 'Himam', NULL, NULL, 0.000, 1, NULL, NULL),
(1365, 1, 'ريدا', 'Rayda', NULL, NULL, 0.000, 1, NULL, NULL),
(1366, 2, 'المحاميد', 'Al Mahamid', NULL, NULL, 0.000, 1, NULL, NULL),
(1367, 2, 'المحاني', 'Al Mahani', NULL, NULL, 0.000, 1, NULL, NULL),
(1368, 12, 'آل حبيبة', 'Al Habibah', NULL, NULL, 0.000, 1, NULL, NULL),
(1369, 2, 'المحارزة', 'Al Maharizah', NULL, NULL, 0.000, 1, NULL, NULL),
(1370, 2, 'مهايع', 'Al Mahaya\'', NULL, NULL, 0.000, 1, NULL, NULL),
(1371, 2, 'المجاريش', 'Al Majarish', NULL, NULL, 0.000, 1, NULL, NULL),
(1373, 2, 'المجمعة', 'Al Majma\'ah', NULL, NULL, 0.000, 1, NULL, NULL),
(1374, 2, 'المجرد', 'Al Majrad', NULL, NULL, 0.000, 1, NULL, NULL),
(1375, 2, 'المكسر', 'Al Maksir', NULL, NULL, 0.000, 1, NULL, NULL),
(1376, 2, 'الملعب', 'Al Mal\'ab', NULL, NULL, 0.000, 1, NULL, NULL),
(1377, 2, 'المناضح', 'Al Manadih', NULL, NULL, 0.000, 1, NULL, NULL),
(1378, 2, 'المقايتة', 'Al Maqaytah', NULL, NULL, 0.000, 1, NULL, NULL),
(1379, 2, 'المقايث', 'Al Maqayth', NULL, NULL, 0.000, 1, NULL, NULL),
(1380, 2, 'المقفي', 'Al Maqfa', NULL, NULL, 0.000, 1, NULL, NULL),
(1381, 12, 'آل حميد', 'Al Himayd', NULL, NULL, 0.000, 1, NULL, NULL),
(1382, 12, 'آل سعيد', 'Al Sa\'id', NULL, NULL, 0.000, 1, NULL, NULL),
(1383, 2, 'المقسبة', 'Al Maqsabah', NULL, NULL, 0.000, 1, NULL, NULL),
(1384, 2, 'المريصيع', 'Al Maraysi\'', NULL, NULL, 0.000, 1, NULL, NULL),
(1385, 12, 'آل صقاعة', 'Al Suqa\'ah', NULL, NULL, 0.000, 1, NULL, NULL),
(1386, 2, 'المروة', 'Al Marwah', NULL, NULL, 0.000, 1, NULL, NULL),
(1387, 12, 'آل مرزوق', 'Al Marzuq', NULL, NULL, 0.000, 1, NULL, NULL),
(1388, 2, 'المسماة', 'Al Masammah', NULL, NULL, 0.000, 1, NULL, NULL),
(1389, 2, 'المواليد', 'Al Mawalid', NULL, NULL, 0.000, 1, NULL, NULL),
(1390, 2, 'الميثاء', 'Al Maytha', NULL, NULL, 0.000, 1, NULL, NULL),
(1391, 2, 'المدرة', 'Al Midarah', NULL, NULL, 0.000, 1, NULL, NULL),
(1392, 2, 'المدرج', 'Al Midrij', NULL, NULL, 0.000, 1, NULL, NULL),
(1393, 2, 'المجيرمة', 'Al Mijayrimah', NULL, NULL, 0.000, 1, NULL, NULL),
(1394, 2, 'المليحة', 'Al Milayhah', NULL, NULL, 0.000, 1, NULL, NULL),
(1395, 2, 'المقر', 'Al Miqarr', NULL, NULL, 0.000, 1, NULL, NULL),
(1396, 2, 'المشاش', 'Al Mishash', NULL, NULL, 0.000, 1, NULL, NULL),
(1397, 2, 'المعقص', 'Al Mu\'aqas', NULL, NULL, 0.000, 1, NULL, NULL),
(1398, 2, 'المعيزيلة', 'Al Mu\'azilah', NULL, NULL, 0.000, 1, NULL, NULL),
(1399, 2, 'المبيرز', 'Al Mubayriz', NULL, NULL, 0.000, 1, NULL, NULL),
(1400, 12, 'أبو غبار', 'Abu Ghubar', NULL, NULL, 0.000, 1, NULL, NULL),
(1401, 2, 'المظيلف', 'Al Mudhaylif', NULL, NULL, 0.000, 1, NULL, NULL),
(1402, 2, 'المدير', 'Al Mudir', NULL, NULL, 0.000, 1, NULL, NULL),
(1403, 2, 'المقيصر', 'Al Muqaysir', NULL, NULL, 0.000, 1, NULL, NULL),
(1404, 2, 'المقيطيع', 'Al Muqayti\'', NULL, NULL, 0.000, 1, NULL, NULL),
(1405, 2, 'المربع', 'Al Murabba\'', NULL, NULL, 0.000, 1, NULL, NULL),
(1406, 2, 'المريفق', 'Al Murayfiq', NULL, NULL, 0.000, 1, NULL, NULL),
(1407, 2, 'المرشدية', 'Al Murshidiyah', NULL, NULL, 0.000, 1, NULL, NULL),
(1408, 2, 'المسيليم', 'Al Musaylim', NULL, NULL, 0.000, 1, NULL, NULL),
(1409, 2, 'المشريفة', 'Al Musharifah', NULL, NULL, 0.000, 1, NULL, NULL),
(1410, 2, 'المويه الجديد', 'Al Muwayh Al Jadid', NULL, NULL, 0.000, 1, NULL, NULL),
(1411, 2, 'المويه القديم', 'Al Muwayh Al Qadim', NULL, NULL, 0.000, 1, NULL, NULL),
(1412, 2, 'النويبع', 'Al Nuwaybi\'', NULL, NULL, 0.000, 1, NULL, NULL),
(1413, 2, 'القاع', 'Al Qa\'', NULL, NULL, 0.000, 1, NULL, NULL),
(1414, 2, 'القاع', 'Al Qa\'', NULL, NULL, 0.000, 1, NULL, NULL),
(1415, 2, 'القعر الاسفل', 'Al Qa\'ar Al Asfal', NULL, NULL, 0.000, 1, NULL, NULL),
(1416, 2, 'القعرة', 'Al Qa\'arah', NULL, NULL, 0.000, 1, NULL, NULL),
(1417, 2, 'القعرة', 'Al Qa\'arah', NULL, NULL, 0.000, 1, NULL, NULL),
(1418, 2, 'القاعية', 'Al Qa\'iyah', NULL, NULL, 0.000, 1, NULL, NULL),
(1419, 2, 'القضب', 'Al Qadab', NULL, NULL, 0.000, 1, NULL, NULL),
(1420, 2, 'القضيمة', 'Al Qadimah', NULL, NULL, 0.000, 1, NULL, NULL),
(1421, 2, 'ميناء القضيمة', 'Al Qadimah Port', NULL, NULL, 0.000, 1, NULL, NULL),
(1422, 2, 'القاحة', 'Al Qahah', NULL, NULL, 0.000, 1, NULL, NULL),
(1423, 2, 'القحب', 'Al Qahb', NULL, NULL, 0.000, 1, NULL, NULL),
(1424, 2, 'القحوم', 'Al Qahum', NULL, NULL, 0.000, 1, NULL, NULL),
(1425, 12, 'إبن غوف', 'Ibn Ghuf', NULL, NULL, 0.000, 1, NULL, NULL),
(1426, 2, 'العنع', 'Al Qana\'', NULL, NULL, 0.000, 1, NULL, NULL),
(1427, 12, 'ال نعمة', 'Al Na\'mah', NULL, NULL, 0.000, 1, NULL, NULL),
(1428, 2, 'القرا', 'Al Qara', NULL, NULL, 0.000, 1, NULL, NULL),
(1429, 6, 'السفح', 'As Safah', NULL, NULL, 0.000, 1, NULL, NULL),
(1430, 6, 'حزم مفتاح', 'Hazam Miftah', NULL, NULL, 0.000, 1, NULL, NULL),
(1431, 6, 'جاش', 'Jash', NULL, NULL, 0.000, 1, NULL, NULL),
(1432, 6, 'روضة جاش', 'Rawdat Jash', NULL, NULL, 0.000, 1, NULL, NULL),
(1433, 6, 'الحرفين', 'Al Harfayn', NULL, NULL, 0.000, 1, NULL, NULL),
(1434, 6, 'لاعس', 'La\'is', NULL, NULL, 0.000, 1, NULL, NULL),
(1435, 6, 'مريغان', 'Murayghan', NULL, NULL, 0.000, 1, NULL, NULL),
(1436, 6, 'الدريب', 'Ad Dirayb', NULL, NULL, 0.000, 1, NULL, NULL),
(1437, 6, 'الجازع', 'Al Jazi\'', NULL, NULL, 0.000, 1, NULL, NULL),
(1438, 6, 'الفاخرية', 'Al Fakhriyah', NULL, NULL, 0.000, 1, NULL, NULL),
(1439, 6, 'كتنة', 'Kutnah', NULL, NULL, 0.000, 1, NULL, NULL),
(1440, 6, 'الجزيرة', 'Al Jazirah', NULL, NULL, 0.000, 1, NULL, NULL),
(1442, 6, 'مريخة', 'Muraykhah', NULL, NULL, 0.000, 1, NULL, NULL),
(1443, 6, 'تثليث', 'Tathlith', NULL, NULL, 0.000, 1, NULL, NULL),
(1444, 6, 'ال سويدان', 'Al Suwaydan', NULL, NULL, 0.000, 1, NULL, NULL),
(1445, 6, 'ال عيفان', 'Al Ayfan', NULL, NULL, 0.000, 1, NULL, NULL),
(1446, 6, 'ال خميسة', 'Al Khumaysah', NULL, NULL, 0.000, 1, NULL, NULL),
(1447, 6, 'القيرة', 'Al Qirah', NULL, NULL, 0.000, 1, NULL, NULL),
(1448, 6, 'الحمضة', 'Al Hamdah', NULL, NULL, 0.000, 1, NULL, NULL),
(1449, 6, 'الزرق', 'Az Zurq', NULL, NULL, 0.000, 1, NULL, NULL),
(1450, 6, 'حبية', 'Habiyah', NULL, NULL, 0.000, 1, NULL, NULL),
(1451, 6, 'رغوان', 'Rughwan', NULL, NULL, 0.000, 1, NULL, NULL),
(1452, 6, 'العين', 'Al \'ayn', NULL, NULL, 0.000, 1, NULL, NULL),
(1453, 6, 'الامواه', 'Al Amwah', NULL, NULL, 0.000, 1, NULL, NULL),
(1454, 6, 'الصبيخة', 'As Subaykhah', NULL, NULL, 0.000, 1, NULL, NULL),
(1455, 12, 'الأبناء', 'Al Abna', NULL, NULL, 0.000, 1, NULL, NULL),
(1456, 12, 'الأزاهرة', 'Al Azahirah', NULL, NULL, 0.000, 1, NULL, NULL),
(1457, 12, 'الإشتاء', 'Al Ishta', NULL, NULL, 0.000, 1, NULL, NULL),
(1458, 12, 'الاشيرة', 'Al Ishayrah', NULL, NULL, 0.000, 1, NULL, NULL),
(1459, 12, 'الاطاولة', 'Al Atawlah', NULL, NULL, 0.000, 1, NULL, NULL),
(1460, 12, 'الامرة', 'Al Umrah', NULL, NULL, 0.000, 1, NULL, NULL),
(1461, 12, 'الباحة', 'Al Baha', NULL, NULL, 0.000, 1, NULL, NULL),
(1462, 12, 'الثراوين', 'Ath Tharawin', NULL, NULL, 0.000, 1, NULL, NULL),
(1463, 12, 'الثودة', 'Ath Thudah', NULL, NULL, 0.000, 1, NULL, NULL),
(1464, 12, 'الجرين', 'Al Jarin', NULL, NULL, 0.000, 1, NULL, NULL),
(1465, 12, 'الجوة', 'Al Jawwah', NULL, NULL, 0.000, 1, NULL, NULL),
(1466, 12, 'الحبشه', 'Al Habashah', NULL, NULL, 0.000, 1, NULL, NULL),
(1467, 12, 'الحجرة', 'Al Hajrah', NULL, NULL, 0.000, 1, NULL, NULL),
(1468, 12, 'الحدبان', 'Al Hadban', NULL, NULL, 0.000, 1, NULL, NULL),
(1469, 12, 'الحدبة', 'Al Hadabah', NULL, NULL, 0.000, 1, NULL, NULL),
(1470, 6, 'الخليج', 'Al Khalij', NULL, NULL, 0.000, 1, NULL, NULL),
(1471, 6, 'الصبيحي', 'As Sabihi', NULL, NULL, 0.000, 1, NULL, NULL),
(1472, 6, 'المدراء', 'Al Madra', NULL, NULL, 0.000, 1, NULL, NULL),
(1473, 6, 'الباقرة', 'Al Baqirah', NULL, NULL, 0.000, 1, NULL, NULL),
(1474, 6, 'نمران', 'Namran', NULL, NULL, 0.000, 1, NULL, NULL),
(1475, 6, 'شديق', 'Shudayq', NULL, NULL, 0.000, 1, NULL, NULL),
(1476, 6, 'الحرف', 'Al Harf', NULL, NULL, 0.000, 1, NULL, NULL),
(1477, 6, 'العطف', 'Al \'atf', NULL, NULL, 0.000, 1, NULL, NULL),
(1478, 6, 'الدحو', 'Ad Duhu', NULL, NULL, 0.000, 1, NULL, NULL),
(1479, 6, 'الحريرة', 'Al Hurayrah', NULL, NULL, 0.000, 1, NULL, NULL),
(1480, 6, 'الشقيقة', 'Ash Shaqiqah', NULL, NULL, 0.000, 1, NULL, NULL),
(1481, 6, 'النقيع', 'An Naqi\'', NULL, NULL, 0.000, 1, NULL, NULL),
(1482, 6, 'الرفائع', 'Ar Rafai\'', NULL, NULL, 0.000, 1, NULL, NULL),
(1483, 6, 'الجنينة', 'Al Junaynah', NULL, NULL, 0.000, 1, NULL, NULL),
(1484, 6, 'عيدان', 'Idan', NULL, NULL, 0.000, 1, NULL, NULL),
(1485, 6, 'أم الفروغ', 'Umm Al Furugh', NULL, NULL, 0.000, 1, NULL, NULL),
(1486, 6, 'عقيلية', 'aqiliyah', NULL, NULL, 0.000, 1, NULL, NULL),
(1487, 6, 'بينة', 'Baynah', NULL, NULL, 0.000, 1, NULL, NULL),
(1488, 6, 'عرمان', 'arman', NULL, NULL, 0.000, 1, NULL, NULL),
(1489, 6, 'القديحي', 'Al Qadihy', NULL, NULL, 0.000, 1, NULL, NULL);
INSERT INTO `cities` (`id`, `region_id`, `title_ar`, `title_en`, `lat`, `long`, `delivery_cost`, `status`, `created_at`, `updated_at`) VALUES
(1490, 6, 'واعر', 'Wa\'ir', NULL, NULL, 0.000, 1, NULL, NULL),
(1491, 6, 'الشط', 'Ash Shatt', NULL, NULL, 0.000, 1, NULL, NULL),
(1492, 6, 'المروة', 'Al Marwah', NULL, NULL, 0.000, 1, NULL, NULL),
(1493, 6, 'المهامل', 'Al Mahamil', NULL, NULL, 0.000, 1, NULL, NULL),
(1494, 6, 'المجمعة', 'Al Majma\'ah', NULL, NULL, 0.000, 1, NULL, NULL),
(1495, 6, 'الحيفة', 'Al Hifah', NULL, NULL, 0.000, 1, NULL, NULL),
(1496, 6, 'مهر', 'Muhr', NULL, NULL, 0.000, 1, NULL, NULL),
(1497, 6, 'البهيم', 'Al Bahim', NULL, NULL, 0.000, 1, NULL, NULL),
(1498, 6, 'الغفرات', 'Al Ghafrat', NULL, NULL, 0.000, 1, NULL, NULL),
(1499, 6, 'المعدن', 'Al Ma\'din', NULL, NULL, 0.000, 1, NULL, NULL),
(1500, 6, 'القوز', 'Al Qawz', NULL, NULL, 0.000, 1, NULL, NULL),
(1501, 6, 'بادية', 'Badiyah', NULL, NULL, 0.000, 1, NULL, NULL),
(1502, 6, 'القاع', 'Al Qa\'', NULL, NULL, 0.000, 1, NULL, NULL),
(1503, 6, 'كتنة', 'Kutnah', NULL, NULL, 0.000, 1, NULL, NULL),
(1504, 6, 'مجحم', 'Mujahhim', NULL, NULL, 0.000, 1, NULL, NULL),
(1505, 6, 'الحجون', 'Al Hajun', NULL, NULL, 0.000, 1, NULL, NULL),
(1506, 6, 'صمخ', 'Samakh', NULL, NULL, 0.000, 1, NULL, NULL),
(1508, 6, 'الثنية', 'Ath Thaniyah', NULL, NULL, 0.000, 1, NULL, NULL),
(1509, 6, 'القوزية', 'Al Qawziyah', NULL, NULL, 0.000, 1, NULL, NULL),
(1510, 6, 'القوباء', 'Al Qawba', NULL, NULL, 0.000, 1, NULL, NULL),
(1511, 6, 'قطبة', 'Qutbah', NULL, NULL, 0.000, 1, NULL, NULL),
(1512, 6, 'دفرخرشان', 'Dafir Kharshan', NULL, NULL, 0.000, 1, NULL, NULL),
(1513, 6, 'جلال', 'Jalal', NULL, NULL, 0.000, 1, NULL, NULL),
(1514, 6, 'بيشة', 'Bishah', NULL, NULL, 0.000, 1, NULL, NULL),
(1515, 6, 'الديلمي', 'Ad Dailami', NULL, NULL, 0.000, 1, NULL, NULL),
(1516, 6, 'الرقيطاء', 'Ar Ruqaita\'', NULL, NULL, 0.000, 1, NULL, NULL),
(1517, 6, 'تبالة', 'Tabalah', NULL, NULL, 0.000, 1, NULL, NULL),
(1518, 6, 'الحازمي', 'Al Hazmi', NULL, NULL, 0.000, 1, NULL, NULL),
(1519, 6, 'الخضراء', 'Al Khadra', NULL, NULL, 0.000, 1, NULL, NULL),
(1520, 12, 'الحريقة', 'Al Hariqah', NULL, NULL, 0.000, 1, NULL, NULL),
(1521, 12, 'الحشرج', 'Al Hashraj', NULL, NULL, 0.000, 1, NULL, NULL),
(1522, 12, 'الحشو', 'Al Hashu', NULL, NULL, 0.000, 1, NULL, NULL),
(1523, 12, 'الحصحص', 'Al Hashas', NULL, NULL, 0.000, 1, NULL, NULL),
(1524, 12, 'الحصن', 'Al Husn', NULL, NULL, 0.000, 1, NULL, NULL),
(1525, 12, 'الحضيري', 'Al Hudayri', NULL, NULL, 0.000, 1, NULL, NULL),
(1526, 12, 'الحكمان', 'Al Hukman', NULL, NULL, 0.000, 1, NULL, NULL),
(1527, 12, 'الحمران', 'Al Humran', NULL, NULL, 0.000, 1, NULL, NULL),
(1528, 12, 'الحوية', 'Al Hawiyah', NULL, NULL, 0.000, 1, NULL, NULL),
(1529, 12, 'الخاجة', 'Al Khajah', NULL, NULL, 0.000, 1, NULL, NULL),
(1530, 12, 'الخليف', 'Al Khalif', NULL, NULL, 0.000, 1, NULL, NULL),
(1531, 12, 'الدقم', 'Ad Duqum', NULL, NULL, 0.000, 1, NULL, NULL),
(1532, 12, 'الربوة', 'Ar Rabwah', NULL, NULL, 0.000, 1, NULL, NULL),
(1533, 12, 'الرهوة', 'Ar Rahwah', NULL, NULL, 0.000, 1, NULL, NULL),
(1534, 12, 'الزرعة', 'Az Zira\'ah', NULL, NULL, 0.000, 1, NULL, NULL),
(1535, 12, 'السمعة', 'As Sama\'ah', NULL, NULL, 0.000, 1, NULL, NULL),
(1536, 12, 'الشريق', 'Al Shareeq', NULL, NULL, 0.000, 1, NULL, NULL),
(1537, 12, 'الشعبة', 'Ash Shu\'abah', NULL, NULL, 0.000, 1, NULL, NULL),
(1538, 12, 'الشعراء', 'Ash Sha\'ra\'', NULL, NULL, 0.000, 1, NULL, NULL),
(1539, 12, 'الصدر', 'As Sadr', NULL, NULL, 0.000, 1, NULL, NULL),
(1540, 12, 'الصغرة', 'As Saghrah', NULL, NULL, 0.000, 1, NULL, NULL),
(1541, 12, 'الصفح', 'As Safh', NULL, NULL, 0.000, 1, NULL, NULL),
(1542, 12, 'الصور', 'As Sur', NULL, NULL, 0.000, 1, NULL, NULL),
(1543, 12, 'الضاحي', 'Ad Dahi', NULL, NULL, 0.000, 1, NULL, NULL),
(1544, 12, 'الضبيعات', 'Ad Dubay\'at', NULL, NULL, 0.000, 1, NULL, NULL),
(1545, 12, 'الضحوات', 'Al-Dahwat', NULL, NULL, 0.000, 1, NULL, NULL),
(1546, 12, 'الطرف', 'At Taraf', NULL, NULL, 0.000, 1, NULL, NULL),
(1547, 12, 'الطيف', 'At Tayf', NULL, NULL, 0.000, 1, NULL, NULL),
(1548, 6, 'الشقيق', 'Ash Shaqiq', NULL, NULL, 0.000, 1, NULL, NULL),
(1549, 6, 'البظاظة', 'Al Badhdhadhah', NULL, NULL, 0.000, 1, NULL, NULL),
(1550, 6, 'الحرجة', 'Al Harajah', NULL, NULL, 0.000, 1, NULL, NULL),
(1551, 6, 'آل يزيد', 'Al Yazid', NULL, NULL, 0.000, 1, NULL, NULL),
(1552, 6, 'القعرة', 'Al Qa\'arah', NULL, NULL, 0.000, 1, NULL, NULL),
(1553, 6, 'الفرع', 'Al Far\'', NULL, NULL, 0.000, 1, NULL, NULL),
(1554, 6, 'البلس', 'Al Balas', NULL, NULL, 0.000, 1, NULL, NULL),
(1555, 6, 'العظة', 'Al \'idhah', NULL, NULL, 0.000, 1, NULL, NULL),
(1556, 6, 'الصرف', 'As Sarf', NULL, NULL, 0.000, 1, NULL, NULL),
(1557, 6, 'ثما', 'Thamma', NULL, NULL, 0.000, 1, NULL, NULL),
(1558, 6, 'العاسرة', 'Al \'asirah', NULL, NULL, 0.000, 1, NULL, NULL),
(1559, 6, 'حجاب', 'Hijab', NULL, NULL, 0.000, 1, NULL, NULL),
(1560, 6, 'الحصنة', 'Al Husanah', NULL, NULL, 0.000, 1, NULL, NULL),
(1561, 6, 'آل الزارية', 'Al Az Zariyah', NULL, NULL, 0.000, 1, NULL, NULL),
(1562, 6, 'الحصباء', 'Al Hasba', NULL, NULL, 0.000, 1, NULL, NULL),
(1563, 6, 'آل سلمة', 'Al Salamah', NULL, NULL, 0.000, 1, NULL, NULL),
(1564, 6, 'ال الشيخ', 'Al Ash Shaykh', NULL, NULL, 0.000, 1, NULL, NULL),
(1565, 6, 'البشائر', 'Al Bashair', NULL, NULL, 0.000, 1, NULL, NULL),
(1566, 2, 'القرى', 'Al Qara', NULL, NULL, 0.000, 1, NULL, NULL),
(1567, 2, 'القران', 'Al Qaran', NULL, NULL, 0.000, 1, NULL, NULL),
(1568, 2, 'القرارة', 'Al Qararah', NULL, NULL, 0.000, 1, NULL, NULL),
(1569, 6, 'قرن بن ساهر', 'Qarn Bin Sahir', NULL, NULL, 0.000, 1, NULL, NULL),
(1570, 2, 'القريع', 'Al Qari\'', NULL, NULL, 0.000, 1, NULL, NULL),
(1571, 2, 'القريع', 'Al Qari\'', NULL, NULL, 0.000, 1, NULL, NULL),
(1572, 2, 'القرن', 'Al Qarn', NULL, NULL, 0.000, 1, NULL, NULL),
(1573, 2, 'القصر', 'Al Qasr', NULL, NULL, 0.000, 1, NULL, NULL),
(1574, 2, 'القصر', 'Al Qasr', NULL, NULL, 0.000, 1, NULL, NULL),
(1575, 2, 'القوز', 'Al Qawz', NULL, NULL, 0.000, 1, NULL, NULL),
(1576, 2, 'القوز', 'Al Qawz', NULL, NULL, 0.000, 1, NULL, NULL),
(1577, 2, 'القوز', 'Al Qawz', NULL, NULL, 0.000, 1, NULL, NULL),
(1578, 2, 'القزعة', 'Al Qaza\'ah', NULL, NULL, 0.000, 1, NULL, NULL),
(1579, 2, 'القعضبة', 'Al Qi\'dubah', NULL, NULL, 0.000, 1, NULL, NULL),
(1580, 2, 'القعور', 'Al Qu\'ur', NULL, NULL, 0.000, 1, NULL, NULL),
(1581, 2, 'القضيفة', 'Al Qudaifah', NULL, NULL, 0.000, 1, NULL, NULL),
(1582, 2, 'القهيب', 'Al Quhayb', NULL, NULL, 0.000, 1, NULL, NULL),
(1583, 2, 'القحمان', 'Al Quhman', NULL, NULL, 0.000, 1, NULL, NULL),
(1584, 2, 'القنفذة', 'Al Qunfidhah', NULL, NULL, 0.000, 1, NULL, NULL),
(1585, 2, 'القرينة / هداة الشام', 'Al Qurainah / Hadat Ash Sham', NULL, NULL, 0.000, 1, NULL, NULL),
(1586, 2, 'القرية', 'Al Qurayyah', NULL, NULL, 0.000, 1, NULL, NULL),
(1587, 2, 'القرية', 'Al Qurayyah', NULL, NULL, 0.000, 1, NULL, NULL),
(1588, 2, 'القرشيات', 'Al Qurrashiyat', NULL, NULL, 0.000, 1, NULL, NULL),
(1589, 2, 'القوامة', 'Al Quwamah', NULL, NULL, 0.000, 1, NULL, NULL),
(1590, 2, 'القويعية', 'Al Quway\'iyah', NULL, NULL, 0.000, 1, NULL, NULL),
(1591, 2, 'الصغو', 'Al Saghu', NULL, NULL, 0.000, 1, NULL, NULL),
(1592, 2, 'السهم', 'Al Saham', NULL, NULL, 0.000, 1, NULL, NULL),
(1593, 2, 'الشباشبة', 'Al Shabashibah', NULL, NULL, 0.000, 1, NULL, NULL),
(1594, 2, 'الشاقة / الصهوة', 'Al Shaqqah (As Shwah)', NULL, NULL, 0.000, 1, NULL, NULL),
(1595, 2, 'الأريقط', 'Al Urayqit', NULL, NULL, 0.000, 1, NULL, NULL),
(1596, 2, 'الوهط', 'Al Wahat', NULL, NULL, 0.000, 1, NULL, NULL),
(1597, 2, 'الوقبة', 'Al Waqbah', NULL, NULL, 0.000, 1, NULL, NULL),
(1598, 2, 'الوقب', 'Al Waqib', NULL, NULL, 0.000, 1, NULL, NULL),
(1599, 2, 'الوقرين', 'Al Waqrayn', NULL, NULL, 0.000, 1, NULL, NULL),
(1600, 2, 'الوسقة', 'Al Wasqah', NULL, NULL, 0.000, 1, NULL, NULL),
(1601, 2, 'الوطاة', 'Al Watah', NULL, NULL, 0.000, 1, NULL, NULL),
(1602, 2, 'الوطاة', 'Al Watah', NULL, NULL, 0.000, 1, NULL, NULL),
(1603, 2, 'الوطاة', 'Al Watah', NULL, NULL, 0.000, 1, NULL, NULL),
(1604, 2, 'الوزير', 'Al Wazir', NULL, NULL, 0.000, 1, NULL, NULL),
(1605, 2, 'الودية', 'Al Wudiyah', NULL, NULL, 0.000, 1, NULL, NULL),
(1606, 2, 'اليعاسيب', 'Al Ya\'asib', NULL, NULL, 0.000, 1, NULL, NULL),
(1607, 2, 'عمرات', 'amrat', NULL, NULL, 0.000, 1, NULL, NULL),
(1608, 2, 'النغر', 'An Naghar', NULL, NULL, 0.000, 1, NULL, NULL),
(1609, 2, 'النجمة', 'An Najmah', NULL, NULL, 0.000, 1, NULL, NULL),
(1610, 6, 'القاع', 'Al Qa\'', NULL, NULL, 0.000, 1, NULL, NULL),
(1611, 2, 'النمور', 'An Namur', NULL, NULL, 0.000, 1, NULL, NULL),
(1612, 2, 'النوارية', 'An Nawariyah', NULL, NULL, 0.000, 1, NULL, NULL),
(1613, 2, 'النزة', 'An Nazzah', NULL, NULL, 0.000, 1, NULL, NULL),
(1614, 2, 'النهيمية', 'An Nihaymiyah', NULL, NULL, 0.000, 1, NULL, NULL),
(1615, 2, 'النيلة', 'An Nilah', NULL, NULL, 0.000, 1, NULL, NULL),
(1616, 6, 'آل عامر', 'Al \'amir', NULL, NULL, 0.000, 1, NULL, NULL),
(1617, 2, 'النبيعة', 'An Nubay\'ah', NULL, NULL, 0.000, 1, NULL, NULL),
(1618, 2, 'النصبة', 'An Nusbah', NULL, NULL, 0.000, 1, NULL, NULL),
(1619, 2, 'النويدرة', 'An Nuwaydirah', NULL, NULL, 0.000, 1, NULL, NULL),
(1620, 2, 'النزهة', 'An Nuzhah', NULL, NULL, 0.000, 1, NULL, NULL),
(1621, 6, 'الهدارة', 'Al Haddarah', NULL, NULL, 0.000, 1, NULL, NULL),
(1622, 2, 'الرفغ', 'Ar Rafugh', NULL, NULL, 0.000, 1, NULL, NULL),
(1623, 2, 'الرحى', 'Ar Raha', NULL, NULL, 0.000, 1, NULL, NULL),
(1624, 2, 'الرحبة', 'Ar Rahbah', NULL, NULL, 0.000, 1, NULL, NULL),
(1625, 6, 'بلقرن', 'Balqarn', NULL, NULL, 0.000, 1, NULL, NULL),
(1626, 6, 'سبت العلاية', 'Sabt Al \'alayah', NULL, NULL, 0.000, 1, NULL, NULL),
(1627, 2, 'الرهوة', 'Ar Rahwah', NULL, NULL, 0.000, 1, NULL, NULL),
(1628, 2, 'الركح', 'Ar Rakh', NULL, NULL, 0.000, 1, NULL, NULL),
(1629, 2, 'الروضة', 'Ar Rawdah', NULL, NULL, 0.000, 1, NULL, NULL),
(1630, 2, 'الريجة', 'Ar Rayjah', NULL, NULL, 0.000, 1, NULL, NULL),
(1631, 2, 'الريان', 'Ar Rayyan', NULL, NULL, 0.000, 1, NULL, NULL),
(1632, 2, 'الرخيلة', 'Ar Rikhaylah', NULL, NULL, 0.000, 1, NULL, NULL),
(1633, 6, 'باشوت', 'Bashut', NULL, NULL, 0.000, 1, NULL, NULL),
(1634, 2, 'الريقة', 'Ar Riqah', NULL, NULL, 0.000, 1, NULL, NULL),
(1635, 2, 'الرميدة', 'Ar Rumaydah', NULL, NULL, 0.000, 1, NULL, NULL),
(1636, 2, 'الرنيفة', 'Ar Runayfah', NULL, NULL, 0.000, 1, NULL, NULL),
(1637, 2, 'الرويغة', 'Ar Ruwayghag', NULL, NULL, 0.000, 1, NULL, NULL),
(1638, 2, 'الصعيب', 'As Sa\'ayb', NULL, NULL, 0.000, 1, NULL, NULL),
(1639, 6, 'قدرين', 'Qudrayn', NULL, NULL, 0.000, 1, NULL, NULL),
(1640, 6, 'آل سفيان', 'Al Sufyan', NULL, NULL, 0.000, 1, NULL, NULL),
(1641, 6, 'البدلة', 'Al Badlah', NULL, NULL, 0.000, 1, NULL, NULL),
(1642, 6, 'مملح', 'Mamlah', NULL, NULL, 0.000, 1, NULL, NULL),
(1643, 6, 'آل جودة', 'Al Jawdah', NULL, NULL, 0.000, 1, NULL, NULL),
(1644, 6, 'بني زهير', 'Bani Zuhayr', NULL, NULL, 0.000, 1, NULL, NULL),
(1645, 6, 'الحدباء', 'Al Hadba', NULL, NULL, 0.000, 1, NULL, NULL),
(1646, 6, 'آل إثيبة', 'Al Ithibah', NULL, NULL, 0.000, 1, NULL, NULL),
(1647, 6, 'تلاء', 'Tala', NULL, NULL, 0.000, 1, NULL, NULL),
(1648, 6, 'القيسة', 'Al Qaysah', NULL, NULL, 0.000, 1, NULL, NULL),
(1649, 6, 'آل فارس', 'Al Faris', NULL, NULL, 0.000, 1, NULL, NULL),
(1650, 6, 'الذفراء', 'Adh Dhafra', NULL, NULL, 0.000, 1, NULL, NULL),
(1651, 6, 'بطحة', 'Bathah', NULL, NULL, 0.000, 1, NULL, NULL),
(1652, 6, 'بني قيس', 'Bani Qays', NULL, NULL, 0.000, 1, NULL, NULL),
(1653, 6, 'القضوى', 'Al Qadwa', NULL, NULL, 0.000, 1, NULL, NULL),
(1654, 6, 'الحميطة', 'Al Humayyitah', NULL, NULL, 0.000, 1, NULL, NULL),
(1655, 6, 'الرشداء', 'Ar Rashda', NULL, NULL, 0.000, 1, NULL, NULL),
(1656, 6, 'لبوة', 'Labwah', NULL, NULL, 0.000, 1, NULL, NULL),
(1657, 6, 'آل حضينان', 'Al Hidaynan', NULL, NULL, 0.000, 1, NULL, NULL),
(1658, 6, 'المجرا', 'Al Mujra', NULL, NULL, 0.000, 1, NULL, NULL),
(1659, 6, 'الخرب', 'Al Kharb', NULL, NULL, 0.000, 1, NULL, NULL),
(1660, 6, 'آل صقر', 'Al Saqr', NULL, NULL, 0.000, 1, NULL, NULL),
(1661, 6, 'جليلة', 'Jilayyilah', NULL, NULL, 0.000, 1, NULL, NULL),
(1662, 6, 'طعمة', 'Ti\'mah', NULL, NULL, 0.000, 1, NULL, NULL),
(1663, 6, 'المعاملة', 'Al Mu\'amalah', NULL, NULL, 0.000, 1, NULL, NULL),
(1664, 6, 'الحيمة', 'Al Haymah', NULL, NULL, 0.000, 1, NULL, NULL),
(1665, 6, 'البطنة', 'Al Batnah', NULL, NULL, 0.000, 1, NULL, NULL),
(1666, 6, 'بيش', 'Bish', NULL, NULL, 0.000, 1, NULL, NULL),
(1667, 6, 'الحيفة', 'Al Hifah', NULL, NULL, 0.000, 1, NULL, NULL),
(1668, 6, 'الطريف الأعلى', 'At Turayf Al A\'la', NULL, NULL, 0.000, 1, NULL, NULL),
(1669, 6, 'المضة', 'Al Maddah', NULL, NULL, 0.000, 1, NULL, NULL),
(1670, 6, 'عرقة', 'irqah', NULL, NULL, 0.000, 1, NULL, NULL),
(1671, 6, 'ثفرة', 'Thafrah', NULL, NULL, 0.000, 1, NULL, NULL),
(1672, 6, 'فرعة قواء', 'Far\'at Quwa', NULL, NULL, 0.000, 1, NULL, NULL),
(1673, 6, 'البرقاء', 'Al Barqa', NULL, NULL, 0.000, 1, NULL, NULL),
(1674, 6, 'فرسان', 'Farasan', NULL, NULL, 0.000, 1, NULL, NULL),
(1675, 6, 'لسس', 'Lasas', NULL, NULL, 0.000, 1, NULL, NULL),
(1676, 6, 'القوز', 'Al Qawz', NULL, NULL, 0.000, 1, NULL, NULL),
(1677, 6, 'الصفا الملبد', 'As Safa Al Mulabad', NULL, NULL, 0.000, 1, NULL, NULL),
(1678, 6, 'الثعيلبة', 'Ath Thu\'aylibah', NULL, NULL, 0.000, 1, NULL, NULL),
(1679, 6, 'الطلحة', 'At Talhah', NULL, NULL, 0.000, 1, NULL, NULL),
(1680, 6, 'بادية', 'Badiyah', NULL, NULL, 0.000, 1, NULL, NULL),
(1681, 6, 'العين', 'Al \'ayn', NULL, NULL, 0.000, 1, NULL, NULL),
(1682, 6, 'البغث', 'Al Baghath', NULL, NULL, 0.000, 1, NULL, NULL),
(1683, 6, 'المريفق', 'Al Murayfiq', NULL, NULL, 0.000, 1, NULL, NULL),
(1684, 6, 'الحرفين', 'Al Harfayn', NULL, NULL, 0.000, 1, NULL, NULL),
(1685, 6, 'القضة', 'Al Qaddah', NULL, NULL, 0.000, 1, NULL, NULL),
(1686, 6, 'الحامض', 'Al Hamid', NULL, NULL, 0.000, 1, NULL, NULL),
(1687, 6, 'الطلاح', 'At Tilah', NULL, NULL, 0.000, 1, NULL, NULL),
(1688, 6, 'واسط', 'Wasit', NULL, NULL, 0.000, 1, NULL, NULL),
(1689, 6, 'خشم شاع', 'Khashm Sha\'', NULL, NULL, 0.000, 1, NULL, NULL),
(1690, 6, 'الخضاير', 'Al Khadayir', NULL, NULL, 0.000, 1, NULL, NULL),
(1691, 6, 'مشحذ', 'Mashhidh', NULL, NULL, 0.000, 1, NULL, NULL),
(1692, 6, 'بريم السليل', 'Buraym As Silil', NULL, NULL, 0.000, 1, NULL, NULL),
(1693, 6, 'البردان', 'Al Burdan', NULL, NULL, 0.000, 1, NULL, NULL),
(1694, 6, 'رغوة', 'Raghwah', NULL, NULL, 0.000, 1, NULL, NULL),
(1695, 6, 'آل سعيد', 'Al Sa\'id', NULL, NULL, 0.000, 1, NULL, NULL),
(1696, 6, 'الغول', 'Al Ghawl', NULL, NULL, 0.000, 1, NULL, NULL),
(1697, 6, 'آل الهايلة', 'Al Al Hayilah', NULL, NULL, 0.000, 1, NULL, NULL),
(1698, 6, 'آل جرمان', 'Al Jarman', NULL, NULL, 0.000, 1, NULL, NULL),
(1699, 6, 'عرقة', 'irqah', NULL, NULL, 0.000, 1, NULL, NULL),
(1700, 6, 'الحواويش', 'Al Hawawish', NULL, NULL, 0.000, 1, NULL, NULL),
(1701, 6, 'المري', 'Al Marri', NULL, NULL, 0.000, 1, NULL, NULL),
(1702, 6, 'آل شويل', 'Al Shuwayl', NULL, NULL, 0.000, 1, NULL, NULL),
(1703, 6, 'كدمان', 'Kidman', NULL, NULL, 0.000, 1, NULL, NULL),
(1704, 6, 'الصفية', 'As Sufayyah', NULL, NULL, 0.000, 1, NULL, NULL),
(1705, 6, 'إبن نجم', 'Ibn Nijam', NULL, NULL, 0.000, 1, NULL, NULL),
(1706, 6, 'المثناة', 'Al Mathnah', NULL, NULL, 0.000, 1, NULL, NULL),
(1707, 5, 'القديح', 'Al Qudayh', NULL, NULL, 0.000, 1, NULL, NULL),
(1708, 6, 'وادي ابن هشبل', 'Wadi Ibn Hashbal', NULL, NULL, 0.000, 1, NULL, NULL),
(1709, 6, 'ال بي ثور', 'Al Bi Thawr', NULL, NULL, 0.000, 1, NULL, NULL),
(1710, 6, 'السلع', 'As Sila', NULL, NULL, 0.000, 1, NULL, NULL),
(1711, 6, 'المضة', 'Al Maddah', NULL, NULL, 0.000, 1, NULL, NULL),
(1712, 6, 'الروضة', 'Ar Rawdah', NULL, NULL, 0.000, 1, NULL, NULL),
(1713, 6, 'خيبر الجنوب', 'Khaybar Al Janub', NULL, NULL, 0.000, 1, NULL, NULL),
(1714, 6, 'الحثدة', 'Al Hithadah', NULL, NULL, 0.000, 1, NULL, NULL),
(1715, 6, 'الباعق', 'Al Ba\'iq', NULL, NULL, 0.000, 1, NULL, NULL),
(1716, 6, 'العرض', 'Al \'ard', NULL, NULL, 0.000, 1, NULL, NULL),
(1717, 6, 'أم ضحي', 'Umm Dahi', NULL, NULL, 0.000, 1, NULL, NULL),
(1718, 6, 'آل ثوبان', 'Al Thawban', NULL, NULL, 0.000, 1, NULL, NULL),
(1719, 6, 'الحيلة', 'Al Haylah', NULL, NULL, 0.000, 1, NULL, NULL),
(1720, 6, 'مراتخ', 'Muratikh', NULL, NULL, 0.000, 1, NULL, NULL),
(1721, 6, 'أم ظهور الرفود', 'Umm Dhuhur Ar Rafud', NULL, NULL, 0.000, 1, NULL, NULL),
(1722, 6, 'مجزوعة', 'Majzu\'ah', NULL, NULL, 0.000, 1, NULL, NULL),
(1723, 6, 'القرونة', 'Al Qurunah', NULL, NULL, 0.000, 1, NULL, NULL),
(1724, 6, 'الريع', 'Ar Ri\'', NULL, NULL, 0.000, 1, NULL, NULL),
(1725, 6, 'قنيفد', 'Qinayfid', NULL, NULL, 0.000, 1, NULL, NULL),
(1726, 6, 'المربع', 'Al Murabba\'', NULL, NULL, 0.000, 1, NULL, NULL),
(1727, 6, 'الفاهمة', 'Al Fahimah', NULL, NULL, 0.000, 1, NULL, NULL),
(1728, 6, 'آل محصن', 'Al Muhsun', NULL, NULL, 0.000, 1, NULL, NULL),
(1729, 6, 'النصب', 'An Nusub', NULL, NULL, 0.000, 1, NULL, NULL),
(1730, 6, 'المسلم', 'Al Muslim', NULL, NULL, 0.000, 1, NULL, NULL),
(1731, 6, 'الريش', 'Ar Raysh', NULL, NULL, 0.000, 1, NULL, NULL),
(1732, 6, 'الحاجب', 'Al Hajib', NULL, NULL, 0.000, 1, NULL, NULL),
(1733, 6, 'آل علين', 'Al \'illin', NULL, NULL, 0.000, 1, NULL, NULL),
(1734, 6, 'الحضن', 'Al Hadan', NULL, NULL, 0.000, 1, NULL, NULL),
(1735, 6, 'العين', 'Al \'ayn', NULL, NULL, 0.000, 1, NULL, NULL),
(1736, 6, 'المكثر', 'Al Mukaththir', NULL, NULL, 0.000, 1, NULL, NULL),
(1737, 6, 'البارك', 'Al Barik', NULL, NULL, 0.000, 1, NULL, NULL),
(1738, 6, 'المغمر', 'Al Maghmar', NULL, NULL, 0.000, 1, NULL, NULL),
(1739, 6, 'العيدة', 'Al \'idah', NULL, NULL, 0.000, 1, NULL, NULL),
(1740, 6, 'الحجف', 'Al Hajf', NULL, NULL, 0.000, 1, NULL, NULL),
(1741, 6, 'المقاعد', 'Al Maqa\'id', NULL, NULL, 0.000, 1, NULL, NULL),
(1742, 6, 'شعب دريب', 'Shi\'b Durayb', NULL, NULL, 0.000, 1, NULL, NULL),
(1743, 6, 'الكديد', 'Al Kadid', NULL, NULL, 0.000, 1, NULL, NULL),
(1744, 6, 'السحر', 'As Sahar', NULL, NULL, 0.000, 1, NULL, NULL),
(1745, 6, 'إبن عبيدي', 'Ibn \'abidi', NULL, NULL, 0.000, 1, NULL, NULL),
(1746, 6, 'الجبهة', 'Al Jabhah', NULL, NULL, 0.000, 1, NULL, NULL),
(1747, 6, 'الحرة', 'Al Harrah', NULL, NULL, 0.000, 1, NULL, NULL),
(1748, 6, 'معصم', 'Ma\'sam', NULL, NULL, 0.000, 1, NULL, NULL),
(1749, 6, 'الحدبات', 'Al Hadabat', NULL, NULL, 0.000, 1, NULL, NULL),
(1750, 6, 'المعشور', 'Al Ma\'shur', NULL, NULL, 0.000, 1, NULL, NULL),
(1751, 6, 'المسلمة', 'Al Maslamah', NULL, NULL, 0.000, 1, NULL, NULL),
(1752, 6, 'بين الجبلين', 'Bayn Al Jablayn', NULL, NULL, 0.000, 1, NULL, NULL),
(1753, 6, 'الحشف', 'Al Hashaf', NULL, NULL, 0.000, 1, NULL, NULL),
(1754, 6, 'ريمان', 'Rayman', NULL, NULL, 0.000, 1, NULL, NULL),
(1755, 6, 'الخليف', 'Al Khalif', NULL, NULL, 0.000, 1, NULL, NULL),
(1756, 6, 'الراحة', 'Ar Rahah', NULL, NULL, 0.000, 1, NULL, NULL),
(1757, 6, 'العفارة', 'Al \'afarah', NULL, NULL, 0.000, 1, NULL, NULL),
(1758, 6, 'البجيلي', 'Al Bajili', NULL, NULL, 0.000, 1, NULL, NULL),
(1759, 6, 'العقل', 'Al \'aql', NULL, NULL, 0.000, 1, NULL, NULL),
(1760, 6, 'المجمعة', 'Al Majma\'ah', NULL, NULL, 0.000, 1, NULL, NULL),
(1761, 6, 'سيال', 'Sayyal', NULL, NULL, 0.000, 1, NULL, NULL),
(1762, 6, 'آل معلوي', 'Al Ma\'lawi', NULL, NULL, 0.000, 1, NULL, NULL),
(1763, 6, 'الخطيم', 'Al Khutaym', NULL, NULL, 0.000, 1, NULL, NULL),
(1764, 6, 'الفي', 'Al Fayy', NULL, NULL, 0.000, 1, NULL, NULL),
(1765, 6, 'الجردان', 'Al Jardan', NULL, NULL, 0.000, 1, NULL, NULL),
(1766, 6, 'خارف', 'Kharif', NULL, NULL, 0.000, 1, NULL, NULL),
(1767, 6, 'الشرف', 'Ash Sharaf', NULL, NULL, 0.000, 1, NULL, NULL),
(1768, 6, 'سارة', 'Sarah', NULL, NULL, 0.000, 1, NULL, NULL),
(1769, 6, 'سقامة', 'Siqamah', NULL, NULL, 0.000, 1, NULL, NULL),
(1770, 6, 'الخبارة', 'Al Khabarah', NULL, NULL, 0.000, 1, NULL, NULL),
(1771, 2, 'السعدية', 'As Sa\'diyah', NULL, NULL, 0.000, 1, NULL, NULL),
(1772, 2, 'الساعي', 'As Sa\'i', NULL, NULL, 0.000, 1, NULL, NULL),
(1774, 2, 'الصبخة', 'As Sabkhah', NULL, NULL, 0.000, 1, NULL, NULL),
(1775, 2, 'السبت', 'As Sabt', NULL, NULL, 0.000, 1, NULL, NULL),
(1776, 2, 'السادة', 'As Sadah', NULL, NULL, 0.000, 1, NULL, NULL),
(1777, 2, 'السد', 'As Sadd', NULL, NULL, 0.000, 1, NULL, NULL),
(1778, 2, 'السدين', 'As Saddain', NULL, NULL, 0.000, 1, NULL, NULL),
(1779, 2, 'الصدية', 'As Sadiyah', NULL, NULL, 0.000, 1, NULL, NULL),
(1780, 2, 'السدر', 'As Sadr', NULL, NULL, 0.000, 1, NULL, NULL),
(1781, 2, 'الصدر', 'As Sadr', NULL, NULL, 0.000, 1, NULL, NULL),
(1782, 2, 'الصدر', 'As Sadr', NULL, NULL, 0.000, 1, NULL, NULL),
(1783, 2, 'الصفحة', 'As Safhah', NULL, NULL, 0.000, 1, NULL, NULL),
(1784, 2, 'الصحنة', 'As Sahanah', NULL, NULL, 0.000, 1, NULL, NULL),
(1785, 2, 'الصهوة', 'As Sahwah', NULL, NULL, 0.000, 1, NULL, NULL),
(1786, 6, 'حبث', 'Habath', NULL, NULL, 0.000, 1, NULL, NULL),
(1787, 6, 'آل ناهية', 'Al Nahiyah', NULL, NULL, 0.000, 1, NULL, NULL),
(1788, 6, 'آل الذيب', 'Al Adh Dhib', NULL, NULL, 0.000, 1, NULL, NULL),
(1789, 6, 'فتاح', 'Futah', NULL, NULL, 0.000, 1, NULL, NULL),
(1790, 6, 'مسلت', 'Maslat', NULL, NULL, 0.000, 1, NULL, NULL),
(1791, 6, 'آل شدادي', 'Al Shaddadi', NULL, NULL, 0.000, 1, NULL, NULL),
(1792, 6, 'آل عاصمي', 'Al \'asimi', NULL, NULL, 0.000, 1, NULL, NULL),
(1793, 6, 'ذي حصيمو', 'Dhi Husaymu', NULL, NULL, 0.000, 1, NULL, NULL),
(1794, 6, 'وسانب', 'Wusanib', NULL, NULL, 0.000, 1, NULL, NULL),
(1795, 6, 'الزهراء', 'Az Zaha', NULL, NULL, 0.000, 1, NULL, NULL),
(1796, 6, 'المسقوي', 'Al Masqawi', NULL, NULL, 0.000, 1, NULL, NULL),
(1797, 6, 'هدة', 'Hidah', NULL, NULL, 0.000, 1, NULL, NULL),
(1798, 6, 'الغال', 'Al Ghal', NULL, NULL, 0.000, 1, NULL, NULL),
(1799, 6, 'خميس مطير', 'Khamis Mutair', NULL, NULL, 0.000, 1, NULL, NULL),
(1800, 6, 'محايل', 'Muhayil', NULL, NULL, 0.000, 1, NULL, NULL),
(1801, 6, 'قنا البحر', 'Qana Al Bahr', NULL, NULL, 0.000, 1, NULL, NULL),
(1802, 6, 'خميس البحر', 'Khamis Al Bahr', NULL, NULL, 0.000, 1, NULL, NULL),
(1803, 6, 'قشيعة', 'Qushay\'ah', NULL, NULL, 0.000, 1, NULL, NULL),
(1804, 6, 'دالج', 'Dalaj', NULL, NULL, 0.000, 1, NULL, NULL),
(1805, 6, 'شط إبن جازعة', 'Shatt Ibn Jazi\'ah', NULL, NULL, 0.000, 1, NULL, NULL),
(1806, 6, 'منقش', 'Manqash', NULL, NULL, 0.000, 1, NULL, NULL),
(1807, 6, 'الدماغ', 'Ad Dimagh', NULL, NULL, 0.000, 1, NULL, NULL),
(1808, 6, 'ثلوث ريم', 'Thuluth Rim', NULL, NULL, 0.000, 1, NULL, NULL),
(1809, 6, 'الحضن', 'Al Hadan', NULL, NULL, 0.000, 1, NULL, NULL),
(1810, 6, 'الضاجع', 'Ad Daji\'', NULL, NULL, 0.000, 1, NULL, NULL),
(1811, 6, 'الرصعة', 'Ar Ras\'ah', NULL, NULL, 0.000, 1, NULL, NULL),
(1812, 6, 'سنومة', 'Sanumah', NULL, NULL, 0.000, 1, NULL, NULL),
(1813, 6, 'الجرف', 'Al Jarf', NULL, NULL, 0.000, 1, NULL, NULL),
(1814, 6, 'السرو', 'As Sarw', NULL, NULL, 0.000, 1, NULL, NULL),
(1815, 6, 'العشة', 'Al Ashah', NULL, NULL, 0.000, 1, NULL, NULL),
(1816, 6, 'آل مجم', 'Al Majam', NULL, NULL, 0.000, 1, NULL, NULL),
(1817, 6, 'الحصون', 'Al Husun', NULL, NULL, 0.000, 1, NULL, NULL),
(1818, 6, 'القارية', 'Al Qariyah', NULL, NULL, 0.000, 1, NULL, NULL),
(1819, 6, 'الذروة', 'Adh Dhurwah', NULL, NULL, 0.000, 1, NULL, NULL),
(1820, 6, 'الشعبين', 'Ash Shi\'bayn', NULL, NULL, 0.000, 1, NULL, NULL),
(1821, 6, 'آل عيسى', 'Al \'isa', NULL, NULL, 0.000, 1, NULL, NULL),
(1822, 6, 'مرجومة', 'Marjumah', NULL, NULL, 0.000, 1, NULL, NULL),
(1823, 6, 'بيغ', 'Bayyagh', NULL, NULL, 0.000, 1, NULL, NULL),
(1824, 6, 'الجزوة', 'Al Jazwah', NULL, NULL, 0.000, 1, NULL, NULL),
(1825, 6, 'فقوة', 'Faqwah', NULL, NULL, 0.000, 1, NULL, NULL),
(1826, 6, 'آل متعالي', 'Al Mut\'ali', NULL, NULL, 0.000, 1, NULL, NULL),
(1827, 6, 'دبلاء', 'Dabla', NULL, NULL, 0.000, 1, NULL, NULL),
(1828, 6, 'القرن', 'Al Qarn', NULL, NULL, 0.000, 1, NULL, NULL),
(1829, 6, 'كلمة', 'Kalmah', NULL, NULL, 0.000, 1, NULL, NULL),
(1830, 6, 'آل مصم', 'Al Masam', NULL, NULL, 0.000, 1, NULL, NULL),
(1831, 6, 'يسراة', 'Yasrah', NULL, NULL, 0.000, 1, NULL, NULL),
(1832, 6, 'الأثل', 'Al Athl', NULL, NULL, 0.000, 1, NULL, NULL),
(1833, 6, 'لصناي', 'Lasnay', NULL, NULL, 0.000, 1, NULL, NULL),
(1834, 6, 'عكية', 'ukyah', NULL, NULL, 0.000, 1, NULL, NULL),
(1835, 6, 'القرار', 'Al Qarar', NULL, NULL, 0.000, 1, NULL, NULL),
(1836, 6, 'الجرف', 'Al Jarf', NULL, NULL, 0.000, 1, NULL, NULL),
(1837, 6, 'فيشان', 'Fayshan', NULL, NULL, 0.000, 1, NULL, NULL),
(1838, 6, 'العين', 'Al \'ayn', NULL, NULL, 0.000, 1, NULL, NULL),
(1839, 6, 'الراحة', 'Ar Rahah', NULL, NULL, 0.000, 1, NULL, NULL),
(1840, 6, 'اللصبة', 'Al Lasbah', NULL, NULL, 0.000, 1, NULL, NULL),
(1841, 6, 'جو جيبة', 'Jaww Jibah', NULL, NULL, 0.000, 1, NULL, NULL),
(1842, 6, 'لهد', 'Luhud', NULL, NULL, 0.000, 1, NULL, NULL),
(1843, 6, 'الهدانة', 'Al Hadanah', NULL, NULL, 0.000, 1, NULL, NULL),
(1844, 6, 'أبو ذراع', 'Abu Dhira\'', NULL, NULL, 0.000, 1, NULL, NULL),
(1845, 6, 'رجال المع', 'Rijal Al Ma\'', NULL, NULL, 0.000, 1, NULL, NULL),
(1846, 6, 'السودة', 'As Sudah', NULL, NULL, 0.000, 1, NULL, NULL),
(1847, 6, 'الحريضة', 'Al Huraydah', NULL, NULL, 0.000, 1, NULL, NULL),
(1848, 6, 'الخطوة', 'Al Khutwah', NULL, NULL, 0.000, 1, NULL, NULL),
(1849, 6, 'الحبيل', 'Al Habil', NULL, NULL, 0.000, 1, NULL, NULL),
(1850, 6, 'آل قفيع', 'Al Qifay\'', NULL, NULL, 0.000, 1, NULL, NULL),
(1851, 6, 'المضيق', 'Al Madiq', NULL, NULL, 0.000, 1, NULL, NULL),
(1852, 6, 'آل لغر', 'Al Laghir', NULL, NULL, 0.000, 1, NULL, NULL),
(1853, 6, 'الهضبة', 'Al Hadabah', NULL, NULL, 0.000, 1, NULL, NULL),
(1854, 6, 'آل دلهم', 'Al Dalham', NULL, NULL, 0.000, 1, NULL, NULL),
(1855, 6, 'عنقرة', 'unqarah', NULL, NULL, 0.000, 1, NULL, NULL),
(1856, 6, 'آل لوط', 'Al Lut', NULL, NULL, 0.000, 1, NULL, NULL),
(1857, 6, 'آل مكر', 'Al Makir', NULL, NULL, 0.000, 1, NULL, NULL),
(1858, 6, 'آل عرق', 'Al \'irq', NULL, NULL, 0.000, 1, NULL, NULL),
(1859, 6, 'سرايم', 'Sarayim', NULL, NULL, 0.000, 1, NULL, NULL),
(1860, 6, 'لزمة', 'Lazmah', NULL, NULL, 0.000, 1, NULL, NULL),
(1861, 6, 'الدرب', 'Ad Darb', NULL, NULL, 0.000, 1, NULL, NULL),
(1862, 6, 'بني تميم', 'Bani Tamim', NULL, NULL, 0.000, 1, NULL, NULL),
(1863, 6, 'القرحاء', 'Al Qarha', NULL, NULL, 0.000, 1, NULL, NULL),
(1864, 6, 'آل عمرة', 'Al \'amrah', NULL, NULL, 0.000, 1, NULL, NULL),
(1865, 6, 'آل الداحس', 'Al Ad Dahis', NULL, NULL, 0.000, 1, NULL, NULL),
(1866, 6, 'آل زهير', 'Al Zuhayr', NULL, NULL, 0.000, 1, NULL, NULL),
(1867, 6, 'عراب', 'irab', NULL, NULL, 0.000, 1, NULL, NULL),
(1868, 6, 'آل مشهور', 'Al Mashhur', NULL, NULL, 0.000, 1, NULL, NULL),
(1869, 6, 'آل عامر', 'Al \'amir', NULL, NULL, 0.000, 1, NULL, NULL),
(1870, 6, 'آل حديلة', 'Al Hidaylah', NULL, NULL, 0.000, 1, NULL, NULL),
(1871, 6, 'آل حلامي', 'Al Hilami', NULL, NULL, 0.000, 1, NULL, NULL),
(1872, 6, 'صفحان', 'Safhan', NULL, NULL, 0.000, 1, NULL, NULL),
(1873, 5, 'القرعاء', 'Al Qar\'a', NULL, NULL, 0.000, 1, NULL, NULL),
(1874, 2, 'السلم', 'As Salam', NULL, NULL, 0.000, 1, NULL, NULL),
(1875, 2, 'السلامة', 'As Salamah', NULL, NULL, 0.000, 1, NULL, NULL),
(1876, 2, 'السلامة', 'As Salamah', NULL, NULL, 0.000, 1, NULL, NULL),
(1877, 2, 'السلمة', 'As Salamah', NULL, NULL, 0.000, 1, NULL, NULL),
(1878, 2, 'السلاقا', 'As Salaqa', NULL, NULL, 0.000, 1, NULL, NULL),
(1879, 2, 'الصليلات', 'As Salaylat', NULL, NULL, 0.000, 1, NULL, NULL),
(1880, 3, 'الوعيرة', 'Al Wu\'ayrah', NULL, NULL, 0.000, 1, NULL, NULL),
(1881, 2, 'الصالحية', 'As Salhiyah', NULL, NULL, 0.000, 1, NULL, NULL),
(1882, 2, 'الصالف', 'As Salif', NULL, NULL, 0.000, 1, NULL, NULL),
(1883, 2, 'الصمد', 'As Samad', NULL, NULL, 0.000, 1, NULL, NULL),
(1884, 2, 'السمرة', 'As Samrah', NULL, NULL, 0.000, 1, NULL, NULL),
(1885, 2, 'الصرف', 'As Sarf', NULL, NULL, 0.000, 1, NULL, NULL),
(1886, 2, 'الصرح', 'As Sarh', NULL, NULL, 0.000, 1, NULL, NULL),
(1887, 2, 'السوارفية', 'As Sawarqiyah', NULL, NULL, 0.000, 1, NULL, NULL),
(1888, 2, 'السايلة', 'As Sayilah', NULL, NULL, 0.000, 1, NULL, NULL),
(1889, 2, 'السيل الكبير', 'As Sayl Al Kabir', NULL, NULL, 0.000, 1, NULL, NULL),
(1890, 2, 'السيل الصغير', 'As Sayl As Saghir', NULL, NULL, 0.000, 1, NULL, NULL),
(1891, 2, 'السريح', 'As Sirayh', NULL, NULL, 0.000, 1, NULL, NULL),
(1892, 2, 'السر', 'As Sirr', NULL, NULL, 0.000, 1, NULL, NULL),
(1893, 2, 'السوحة', 'As Siwahah', NULL, NULL, 0.000, 1, NULL, NULL),
(1894, 12, 'الظفير', 'Adh Dhafir', NULL, NULL, 0.000, 1, NULL, NULL),
(1895, 2, 'الصدرة', 'As Sudarah', NULL, NULL, 0.000, 1, NULL, NULL),
(1896, 12, 'العباس', 'Al \'abbas', NULL, NULL, 0.000, 1, NULL, NULL),
(1897, 2, 'السديرة', 'As Sudayrah', NULL, NULL, 0.000, 1, NULL, NULL),
(1898, 2, 'الصفاة', 'As Sufah', NULL, NULL, 0.000, 1, NULL, NULL),
(1899, 12, 'العفوص', 'Al \'ufus', NULL, NULL, 0.000, 1, NULL, NULL),
(1900, 12, 'العقب', 'Al \'aqib', NULL, NULL, 0.000, 1, NULL, NULL),
(1901, 2, 'الصفي', 'As Sufay', NULL, NULL, 0.000, 1, NULL, NULL),
(1902, 12, 'العقيق', 'Al Aqiq', NULL, NULL, 0.000, 1, NULL, NULL),
(1903, 2, 'الصفة', 'As Suffah', NULL, NULL, 0.000, 1, NULL, NULL),
(1904, 2, 'الصخيرة', 'As Sukhayrah', NULL, NULL, 0.000, 1, NULL, NULL),
(1905, 2, 'السليم', 'As Sulaym', NULL, NULL, 0.000, 1, NULL, NULL),
(1906, 2, 'الصلب', 'As Sulb', NULL, NULL, 0.000, 1, NULL, NULL),
(1907, 2, 'الصور', 'As Sur', NULL, NULL, 0.000, 1, NULL, NULL),
(1908, 2, 'الصواملة', 'As Suwamilah', NULL, NULL, 0.000, 1, NULL, NULL),
(1909, 2, 'الشعاعيب', 'Ash Sha\'a\'ib', NULL, NULL, 0.000, 1, NULL, NULL),
(1910, 2, 'الشدقاء', 'Ash Shadqa', NULL, NULL, 0.000, 1, NULL, NULL),
(1911, 2, 'الشغز', 'Ash Shaghaz', NULL, NULL, 0.000, 1, NULL, NULL),
(1912, 2, 'الشامية', 'Ash Shamiyah', NULL, NULL, 0.000, 1, NULL, NULL),
(1913, 2, 'الشرع', 'Ash Shar\'', NULL, NULL, 0.000, 1, NULL, NULL),
(1914, 2, 'الشرى', 'Ash Shara', NULL, NULL, 0.000, 1, NULL, NULL),
(1915, 2, 'الشرى', 'Ash Shara', NULL, NULL, 0.000, 1, NULL, NULL),
(1916, 2, 'الشرائع', 'Ash Sharai\'', NULL, NULL, 0.000, 1, NULL, NULL),
(1917, 7, 'تيماء', 'Tayma\'', NULL, NULL, 0.000, 1, NULL, NULL),
(1918, 2, 'الشريف', 'Ash Sharif', NULL, NULL, 0.000, 1, NULL, NULL),
(1919, 2, 'الشصرة', 'Ash Shasarah', NULL, NULL, 0.000, 1, NULL, NULL),
(1920, 2, 'الشعب', 'Ash Shi\'b', NULL, NULL, 0.000, 1, NULL, NULL),
(1921, 2, 'الشعبة', 'Ash Shu\'abah', NULL, NULL, 0.000, 1, NULL, NULL),
(1922, 2, 'الشعبة', 'Ash Shu\'abah', NULL, NULL, 0.000, 1, NULL, NULL),
(1923, 2, 'الشعيبة', 'Ash Shu\'aybah', NULL, NULL, 0.000, 1, NULL, NULL),
(1924, 2, 'الشبان', 'Ash Shubban', NULL, NULL, 0.000, 1, NULL, NULL),
(1925, 2, 'الشهومة', 'Ash Shuhumah', NULL, NULL, 0.000, 1, NULL, NULL),
(1926, 2, 'الشميسي', 'Ash Shumaysi', NULL, NULL, 0.000, 1, NULL, NULL),
(1927, 7, 'جبة', 'Jubbah', NULL, NULL, 0.000, 1, NULL, NULL),
(1928, 7, 'جريداء', 'Jurayda', NULL, NULL, 0.000, 1, NULL, NULL),
(1929, 7, 'جزيرة تيران', 'Tiran Island', NULL, NULL, 0.000, 1, NULL, NULL),
(1930, 7, 'جزيرة صنافير', 'Sanafir Island', NULL, NULL, 0.000, 1, NULL, NULL),
(1931, 7, 'حالة عمار', 'Halat Ammar', NULL, NULL, 0.000, 1, NULL, NULL),
(1932, 7, 'حراض', 'Hirad', NULL, NULL, 0.000, 1, NULL, NULL),
(1933, 7, 'حرم', 'Haram', NULL, NULL, 0.000, 1, NULL, NULL),
(1934, 7, 'حزايا', 'Hazaya', NULL, NULL, 0.000, 1, NULL, NULL),
(1935, 7, 'حقل', 'Haql', NULL, NULL, 0.000, 1, NULL, NULL),
(1936, 7, 'حميط', 'Humayt', NULL, NULL, 0.000, 1, NULL, NULL),
(1937, 7, 'خرباء', 'Khurba\'', NULL, NULL, 0.000, 1, NULL, NULL),
(1938, 7, 'ذات الحاج', 'Dhat Al Hajj', NULL, NULL, 0.000, 1, NULL, NULL),
(1939, 7, 'ذرفي', 'Dharfi', NULL, NULL, 0.000, 1, NULL, NULL),
(1940, 7, 'رجم الطيارة', 'Rajm At Tayarah', NULL, NULL, 0.000, 1, NULL, NULL),
(1941, 7, 'رواقا', 'Ruwaqa', NULL, NULL, 0.000, 1, NULL, NULL),
(1942, 7, 'روضة الاغيدرات', 'Rawdat Al Aghaydirat', NULL, NULL, 0.000, 1, NULL, NULL),
(1943, 7, 'سبحان', 'Sabhan', NULL, NULL, 0.000, 1, NULL, NULL),
(1944, 7, 'سلوى', 'Salwa', NULL, NULL, 0.000, 1, NULL, NULL),
(1945, 7, 'سمور', 'Samur', NULL, NULL, 0.000, 1, NULL, NULL),
(1946, 7, 'شدوا', 'Shadwa', NULL, NULL, 0.000, 1, NULL, NULL),
(1947, 7, 'شرماء', 'Sharma', NULL, NULL, 0.000, 1, NULL, NULL),
(1948, 7, 'شغب', 'Shaghab', NULL, NULL, 0.000, 1, NULL, NULL),
(1949, 7, 'شقري', 'Shiqri', NULL, NULL, 0.000, 1, NULL, NULL),
(1950, 7, 'شواق', 'Shuwaq', NULL, NULL, 0.000, 1, NULL, NULL),
(1951, 7, 'صدر', 'Sadr', NULL, NULL, 0.000, 1, NULL, NULL),
(1952, 7, 'صر', 'Surr', NULL, NULL, 0.000, 1, NULL, NULL),
(1953, 7, 'ضبا', 'Duba', NULL, NULL, 0.000, 1, NULL, NULL),
(1954, 7, 'ضوجي', 'Duji', NULL, NULL, 0.000, 1, NULL, NULL),
(1955, 7, 'عسيلة', 'usaylah', NULL, NULL, 0.000, 1, NULL, NULL),
(1956, 4, 'السالمية', 'As Salmiyah', NULL, NULL, 0.000, 1, NULL, NULL),
(1957, 4, 'المرموثة الشمالية', 'Al Marmuthah Ash Shamaliyah', NULL, NULL, 0.000, 1, NULL, NULL),
(1958, 4, 'الصفراء', 'As Safra', NULL, NULL, 0.000, 1, NULL, NULL),
(1959, 4, 'خب روضان', 'Khabb Rawdan', NULL, NULL, 0.000, 1, NULL, NULL),
(1960, 4, 'المصك', 'Al Masak', NULL, NULL, 0.000, 1, NULL, NULL),
(1961, 4, 'المذنب', 'Al Midhnab', NULL, NULL, 0.000, 1, NULL, NULL),
(1962, 8, 'الجثامية', 'Al Jithamiyyah', NULL, NULL, 0.000, 1, NULL, NULL),
(1963, 8, 'الجثياثة', 'Al Jithyathah', NULL, NULL, 0.000, 1, NULL, NULL),
(1964, 8, 'الجحفة', 'Al Juhfah', NULL, NULL, 0.000, 1, NULL, NULL),
(1965, 8, 'الجديدة', 'Al Jadidah', NULL, NULL, 0.000, 1, NULL, NULL),
(1966, 8, 'الجديدة', 'Al Jadidah', NULL, NULL, 0.000, 1, NULL, NULL),
(1967, 8, 'الجفر', 'Al Jafr', NULL, NULL, 0.000, 1, NULL, NULL),
(1968, 8, 'الجلف', 'Al Jilf', NULL, NULL, 0.000, 1, NULL, NULL),
(1969, 8, 'الحائط', 'Al Hait', NULL, NULL, 0.000, 1, NULL, NULL),
(1970, 8, 'الحامرية', 'Al Hamiriyah', NULL, NULL, 0.000, 1, NULL, NULL),
(1971, 8, 'الحطي', 'Al Hati', NULL, NULL, 0.000, 1, NULL, NULL),
(1972, 8, 'الحفير', 'Al Hufayr', NULL, NULL, 0.000, 1, NULL, NULL),
(1973, 8, 'الحليفة السفلى', 'Al Hulayfah As Suflah', NULL, NULL, 0.000, 1, NULL, NULL),
(1974, 8, 'الحليفة العليا', 'Al Hulayfah Al \'ulya', NULL, NULL, 0.000, 1, NULL, NULL),
(1975, 8, 'الحماد', 'Al Hamad', NULL, NULL, 0.000, 1, NULL, NULL),
(1976, 8, 'الحمودية', 'Al Hamudiyah', NULL, NULL, 0.000, 1, NULL, NULL),
(1977, 8, 'الحميراء', 'Al Humayra', NULL, NULL, 0.000, 1, NULL, NULL),
(1978, 4, 'قصر العبد الله', 'Qasr Al \'abdallah', NULL, NULL, 0.000, 1, NULL, NULL),
(1979, 4, 'المشاش', 'Al Mishash', NULL, NULL, 0.000, 1, NULL, NULL),
(1980, 4, 'الشنانة', 'Ash Shananah', NULL, NULL, 0.000, 1, NULL, NULL),
(1981, 4, 'السمراء', 'As Samra', NULL, NULL, 0.000, 1, NULL, NULL),
(1982, 4, 'العطشان', 'Al \'atshan', NULL, NULL, 0.000, 1, NULL, NULL),
(1983, 4, 'السيق', 'As Siq', NULL, NULL, 0.000, 1, NULL, NULL),
(1984, 4, 'القعرة', 'Al Qa\'arah', NULL, NULL, 0.000, 1, NULL, NULL),
(1985, 4, 'الاسياح', 'Al Asyah', NULL, NULL, 0.000, 1, NULL, NULL),
(1986, 4, 'التنومة', 'At Tannumah', NULL, NULL, 0.000, 1, NULL, NULL),
(1987, 4, 'البرود', 'Al Burud', NULL, NULL, 0.000, 1, NULL, NULL),
(1988, 4, 'خصيبة', 'Khusayyibah', NULL, NULL, 0.000, 1, NULL, NULL),
(1989, 4, 'طريف الاسياح', 'Turayf Al Asyah', NULL, NULL, 0.000, 1, NULL, NULL),
(1990, 4, 'البندرية', 'Al Bandariyah', NULL, NULL, 0.000, 1, NULL, NULL),
(1991, 4, 'حنيظل', 'Hunaydhil', NULL, NULL, 0.000, 1, NULL, NULL),
(1992, 4, 'الجعلة', 'Al Ja\'alah', NULL, NULL, 0.000, 1, NULL, NULL),
(1993, 4, 'ابا الورود', 'Aba Al Wurood', NULL, NULL, 0.000, 1, NULL, NULL),
(1994, 4, 'ضيدة', 'Didah', NULL, NULL, 0.000, 1, NULL, NULL),
(1995, 4, 'النمرية', 'An Nimriyah', NULL, NULL, 0.000, 1, NULL, NULL),
(1996, 4, 'المحلاوية', 'Al Muhallawiyah', NULL, NULL, 0.000, 1, NULL, NULL),
(1997, 4, 'المليداء', 'Al Mulayda\'', NULL, NULL, 0.000, 1, NULL, NULL),
(1998, 4, 'عيون الجواء', 'Uyun Al Jawa\'', NULL, NULL, 0.000, 1, NULL, NULL),
(1999, 4, 'أوثال', 'Uthal', NULL, NULL, 0.000, 1, NULL, NULL),
(2000, 4, 'غاف الجواء', 'Ghaf Al Jiwa', NULL, NULL, 0.000, 1, NULL, NULL),
(2001, 4, 'روض الجواء', 'Rawd Al Jiwa', NULL, NULL, 0.000, 1, NULL, NULL),
(2002, 5, 'القرن', 'Al Qarn', NULL, NULL, 0.000, 1, NULL, NULL),
(2003, 5, 'القرين', 'Al Qurayn', NULL, NULL, 0.000, 1, NULL, NULL),
(2004, 5, 'القصيبي', 'Al Qusaybi', NULL, NULL, 0.000, 1, NULL, NULL),
(2005, 5, 'القطيف', 'Al Qatif', NULL, NULL, 0.000, 1, NULL, NULL),
(2006, 5, 'القلت', 'Al Qalt', NULL, NULL, 0.000, 1, NULL, NULL),
(2007, 5, 'القليب', 'Al Qulayyib', NULL, NULL, 0.000, 1, NULL, NULL),
(2008, 5, 'القيصومة', 'Al Qaysumah', NULL, NULL, 0.000, 1, NULL, NULL),
(2009, 5, 'الكبريت', 'Al Kabarit', NULL, NULL, 0.000, 1, NULL, NULL),
(2010, 5, 'الكدادية', 'Al Kadadiyah', NULL, NULL, 0.000, 1, NULL, NULL),
(2011, 5, 'الكلابية', 'Al Kilabiyah', NULL, NULL, 0.000, 1, NULL, NULL),
(2012, 5, 'الكهفة', 'Al Kahafah', NULL, NULL, 0.000, 1, NULL, NULL),
(2013, 5, 'اللصافة', 'Al Lisafah', NULL, NULL, 0.000, 1, NULL, NULL),
(2014, 5, 'اللهابة', 'Al Lahabah', NULL, NULL, 0.000, 1, NULL, NULL),
(2015, 5, 'المبرز', 'Al Mubarraz', NULL, NULL, 0.000, 1, NULL, NULL),
(2016, 5, 'المحوى', 'Al Mahawa', NULL, NULL, 0.000, 1, NULL, NULL),
(2017, 5, 'المراح', 'Al Marah', NULL, NULL, 0.000, 1, NULL, NULL),
(2018, 7, 'عكوز', 'akuz', NULL, NULL, 0.000, 1, NULL, NULL),
(2019, 5, 'المرضف', 'Al Muraddaf', NULL, NULL, 0.000, 1, NULL, NULL),
(2020, 5, 'المركز', 'Al Markaz', NULL, NULL, 0.000, 1, NULL, NULL),
(2021, 5, 'المزاوي', 'Al Mazawi', NULL, NULL, 0.000, 1, NULL, NULL),
(2022, 5, 'المسناة', 'Al Masnah', NULL, NULL, 0.000, 1, NULL, NULL),
(2023, 5, 'المطيرفي', 'Al Mutairifi', NULL, NULL, 0.000, 1, NULL, NULL),
(2024, 5, 'المقدام', 'Al Miqdam', NULL, NULL, 0.000, 1, NULL, NULL),
(2025, 5, 'الملاحة', 'Al Malahah', NULL, NULL, 0.000, 1, NULL, NULL),
(2026, 5, 'المنصورة', 'Al Mansurah', NULL, NULL, 0.000, 1, NULL, NULL),
(2027, 5, 'المنيزلة', 'Al Munaizlah', NULL, NULL, 0.000, 1, NULL, NULL),
(2028, 5, 'النابية', 'An Nabiyah', NULL, NULL, 0.000, 1, NULL, NULL),
(2029, 5, 'النظيم', 'An Nadhim', NULL, NULL, 0.000, 1, NULL, NULL),
(2030, 5, 'النعيرية', 'An Nu\'ayriyah', NULL, NULL, 0.000, 1, NULL, NULL),
(2031, 5, 'النقيرة', 'An Nuqayrah', NULL, NULL, 0.000, 1, NULL, NULL),
(2032, 5, 'الهفوف', 'Al Hafuf', NULL, NULL, 0.000, 1, NULL, NULL),
(2033, 5, 'الوايلية', 'Al Wayliyah', NULL, NULL, 0.000, 1, NULL, NULL),
(2034, 5, 'الوزية', 'Al Wizyah', NULL, NULL, 0.000, 1, NULL, NULL),
(2035, 2, 'الشرفية', 'Ash Shurufiyah', NULL, NULL, 0.000, 1, NULL, NULL),
(2036, 2, 'الطائف', 'At Taif', NULL, NULL, 0.000, 1, NULL, NULL),
(2037, 2, 'التنعيم', 'At Tan\'im', NULL, NULL, 0.000, 1, NULL, NULL),
(2038, 2, 'التنضبية', 'At Tandabiyah', NULL, NULL, 0.000, 1, NULL, NULL),
(2039, 2, 'الطينة', 'At Tinah', NULL, NULL, 0.000, 1, NULL, NULL),
(2040, 2, 'الطفيحاء', 'At Tufayha', NULL, NULL, 0.000, 1, NULL, NULL),
(2041, 2, 'الطفلان', 'At Tuflan', NULL, NULL, 0.000, 1, NULL, NULL),
(2042, 2, 'الطوال', 'At Tuwal', NULL, NULL, 0.000, 1, NULL, NULL),
(2043, 2, 'الثابتية', 'Ath Thabitiyah', NULL, NULL, 0.000, 1, NULL, NULL),
(2044, 2, 'الثلوث', 'Ath Thuluth', NULL, NULL, 0.000, 1, NULL, NULL),
(2045, 2, 'عين شمس', 'ayn Shams', NULL, NULL, 0.000, 1, NULL, NULL),
(2046, 2, 'الزعاترة', 'Az Za\'atirah', NULL, NULL, 0.000, 1, NULL, NULL),
(2047, 2, 'الزلال', 'Az Zallal', NULL, NULL, 0.000, 1, NULL, NULL),
(2048, 2, 'الزيمة', 'Az Zaymah', NULL, NULL, 0.000, 1, NULL, NULL),
(2049, 2, 'الزرب', 'Az Zirb', NULL, NULL, 0.000, 1, NULL, NULL),
(2050, 2, 'الزبيري', 'Az Zubayri', NULL, NULL, 0.000, 1, NULL, NULL),
(2051, 2, 'الزريب', 'Az Zurayb', NULL, NULL, 0.000, 1, NULL, NULL),
(2052, 2, 'الزويراء', 'Az Zuwayra', NULL, NULL, 0.000, 1, NULL, NULL),
(2053, 2, 'بحرة المجاهدين', 'Bahrah Al Mujahidin', NULL, NULL, 0.000, 1, NULL, NULL),
(2054, 2, 'بحرة القديمة', 'Bahrah Al Qadimah', NULL, NULL, 0.000, 1, NULL, NULL),
(2055, 2, 'بلاقة', 'Ballaqah', NULL, NULL, 0.000, 1, NULL, NULL),
(2056, 2, 'بني دعد', 'Bani Da\'ad', NULL, NULL, 0.000, 1, NULL, NULL),
(2057, 2, 'بني عمير', 'Bani Umayr', NULL, NULL, 0.000, 1, NULL, NULL),
(2058, 2, 'براش', 'Barash', NULL, NULL, 0.000, 1, NULL, NULL),
(2059, 2, 'بئر عن', 'Bir \'inn', NULL, NULL, 0.000, 1, NULL, NULL),
(2060, 2, 'بسل', 'Bisil', NULL, NULL, 0.000, 1, NULL, NULL),
(2061, 2, 'بوا', 'Buwa', NULL, NULL, 0.000, 1, NULL, NULL),
(2062, 2, 'دف زيني', 'Daff Zayni', NULL, NULL, 0.000, 1, NULL, NULL),
(2063, 2, 'دغماء', 'Daghma', NULL, NULL, 0.000, 1, NULL, NULL),
(2064, 2, 'دقم الذنيب', 'Daqm Al Dhanib', NULL, NULL, 0.000, 1, NULL, NULL),
(2065, 2, 'دوقة', 'Dawqah', NULL, NULL, 0.000, 1, NULL, NULL),
(2066, 2, 'دوقة', 'Dawqah', NULL, NULL, 0.000, 1, NULL, NULL),
(2067, 2, 'ذهبان', 'Dhahban', NULL, NULL, 0.000, 1, NULL, NULL),
(2068, 2, 'ظلم', 'Dhalam', NULL, NULL, 0.000, 1, NULL, NULL),
(2069, 2, 'ذنباء', 'Dhanaba', NULL, NULL, 0.000, 1, NULL, NULL),
(2070, 2, 'ذواد', 'Dhawwad', NULL, NULL, 0.000, 1, NULL, NULL),
(2071, 2, 'ذي رهجان', 'Dhi Rahjan', NULL, NULL, 0.000, 1, NULL, NULL),
(2072, 2, 'دعيمر', 'Du\'aymir', NULL, NULL, 0.000, 1, NULL, NULL),
(2073, 2, 'ضبيعة', 'Dubay\'ah', NULL, NULL, 0.000, 1, NULL, NULL),
(2074, 2, 'دغيبجة', 'Dughaybjah', NULL, NULL, 0.000, 1, NULL, NULL),
(2075, 2, 'دغبج', 'Dughbaj', NULL, NULL, 0.000, 1, NULL, NULL),
(2076, 2, 'فرعة بني سهيم', 'Fara\'t Bani Suhaym', NULL, NULL, 0.000, 1, NULL, NULL),
(2077, 2, 'فيدة', 'Faydah', NULL, NULL, 0.000, 1, NULL, NULL),
(2078, 2, 'غران', 'Gharan', NULL, NULL, 0.000, 1, NULL, NULL),
(2079, 2, 'غزال', 'Ghazal', NULL, NULL, 0.000, 1, NULL, NULL),
(2080, 2, 'غزايل', 'Ghazayil', NULL, NULL, 0.000, 1, NULL, NULL),
(2081, 2, 'غرابة', 'Ghirabah', NULL, NULL, 0.000, 1, NULL, NULL),
(2082, 2, 'غثاة', 'Ghithah', NULL, NULL, 0.000, 1, NULL, NULL),
(2083, 2, 'غديقة', 'Ghudayqah', NULL, NULL, 0.000, 1, NULL, NULL),
(2084, 2, 'غميقة', 'Ghumayqah', NULL, NULL, 0.000, 1, NULL, NULL),
(2085, 2, 'غراب', 'Ghurab', NULL, NULL, 0.000, 1, NULL, NULL),
(2086, 2, 'غصين', 'Ghusayyin', NULL, NULL, 0.000, 1, NULL, NULL),
(2087, 2, 'حداء', 'Hada\'', NULL, NULL, 0.000, 1, NULL, NULL),
(2088, 2, 'حداء الجديدة', 'Hada\' Al Jadidah', NULL, NULL, 0.000, 1, NULL, NULL),
(2089, 2, 'حضن', 'Hadan', NULL, NULL, 0.000, 1, NULL, NULL),
(2090, 2, 'حداد', 'Haddad', NULL, NULL, 0.000, 1, NULL, NULL),
(2091, 2, 'حفار', 'Haffar', NULL, NULL, 0.000, 1, NULL, NULL),
(2092, 2, 'حجر', 'Hajur', NULL, NULL, 0.000, 1, NULL, NULL),
(2093, 2, 'حلباء', 'Halaba', NULL, NULL, 0.000, 1, NULL, NULL),
(2094, 2, 'حقال', 'Haqal', NULL, NULL, 0.000, 1, NULL, NULL),
(2095, 2, 'حرة الجبل', 'Harat Al Jabal', NULL, NULL, 0.000, 1, NULL, NULL),
(2096, 2, 'حرف مبرة', 'Harf Mibrah', NULL, NULL, 0.000, 1, NULL, NULL),
(2097, 2, 'حريزة', 'Harizah', NULL, NULL, 0.000, 1, NULL, NULL),
(2098, 2, 'حرجل', 'Harjal', NULL, NULL, 0.000, 1, NULL, NULL),
(2099, 2, 'هديل', 'Hidayl', NULL, NULL, 0.000, 1, NULL, NULL),
(2100, 2, 'حلمة', 'Hilimah', NULL, NULL, 0.000, 1, NULL, NULL),
(2101, 2, 'حشاش', 'Hishash', NULL, NULL, 0.000, 1, NULL, NULL),
(2102, 2, 'هشيمة', 'Hishaymah', NULL, NULL, 0.000, 1, NULL, NULL),
(2103, 2, 'خميس', 'Humays', NULL, NULL, 0.000, 1, NULL, NULL),
(2104, 2, 'إبن غنام', 'Ibn Ghannam', NULL, NULL, 0.000, 1, NULL, NULL),
(2105, 2, 'عسفان', 'isfan', NULL, NULL, 0.000, 1, NULL, NULL),
(2106, 2, 'عشيرة مكتن', 'ishayra Maktan', NULL, NULL, 0.000, 1, NULL, NULL),
(2107, 2, 'جبار', 'Jabbar', NULL, NULL, 0.000, 1, NULL, NULL),
(2108, 2, 'جدة', 'Jeddah', NULL, NULL, 0.000, 1, NULL, NULL),
(2109, 2, 'جليلة', 'Jilayyilah', NULL, NULL, 0.000, 1, NULL, NULL),
(2110, 2, 'جعرانة', 'Ju\'ranah', NULL, NULL, 0.000, 1, NULL, NULL),
(2111, 2, 'جليل', 'Julayyil', NULL, NULL, 0.000, 1, NULL, NULL),
(2112, 2, 'جليل', 'Julayyil', NULL, NULL, 0.000, 1, NULL, NULL),
(2113, 2, 'جوش', 'Jush', NULL, NULL, 0.000, 1, NULL, NULL),
(2114, 2, 'جويرة', 'Juwairah', NULL, NULL, 0.000, 1, NULL, NULL),
(2115, 2, 'خبت السبت', 'Khabt As Sabt', NULL, NULL, 0.000, 1, NULL, NULL),
(2116, 2, 'خبت مزقة', 'Khabt Mizqah', NULL, NULL, 0.000, 1, NULL, NULL),
(2117, 2, 'خد الحاج', 'Khadd Al Haj', NULL, NULL, 0.000, 1, NULL, NULL),
(2118, 2, 'خميس حرب', 'Khamis Harb', NULL, NULL, 0.000, 1, NULL, NULL),
(2119, 2, 'خليص', 'Khulays', NULL, NULL, 0.000, 1, NULL, NULL),
(2120, 2, 'كدوة الأعوج', 'Kidwat Al \'awaj', NULL, NULL, 0.000, 1, NULL, NULL),
(2121, 2, 'كلية', 'Kilayyah', NULL, NULL, 0.000, 1, NULL, NULL),
(2122, 2, 'مدينة الملك عبدالله الاقتصادية', 'King Abdullah Economic City', NULL, NULL, 0.000, 1, NULL, NULL),
(2123, 2, 'كياد', 'Kiyad', NULL, NULL, 0.000, 1, NULL, NULL),
(2124, 2, 'كلاخ', 'Kulakh', NULL, NULL, 0.000, 1, NULL, NULL),
(2125, 2, 'كويكب', 'Kuwaykib', NULL, NULL, 0.000, 1, NULL, NULL),
(2126, 12, 'العياش', 'Al \'ayyash', NULL, NULL, 0.000, 1, NULL, NULL),
(2127, 2, 'لغب', 'Laghab', NULL, NULL, 0.000, 1, NULL, NULL),
(2128, 2, 'لملم', 'Lamlam', NULL, NULL, 0.000, 1, NULL, NULL),
(2129, 2, 'معشوقة', 'Ma\'shuqah', NULL, NULL, 0.000, 1, NULL, NULL),
(2130, 2, 'مدركة', 'Madrakah', NULL, NULL, 0.000, 1, NULL, NULL),
(2131, 2, 'محجوبة', 'Mahjubah', NULL, NULL, 0.000, 1, NULL, NULL),
(2132, 2, 'مخشوش', 'Makhshush', NULL, NULL, 0.000, 1, NULL, NULL),
(2133, 2, 'مكة المكرمة', 'Makkah Al Mukarramah', NULL, NULL, 0.000, 1, NULL, NULL),
(2134, 2, 'ملح', 'Malah', NULL, NULL, 0.000, 1, NULL, NULL),
(2135, 2, 'مرفوض', 'Marfud', NULL, NULL, 0.000, 1, NULL, NULL),
(2136, 2, 'مران', 'Marran', NULL, NULL, 0.000, 1, NULL, NULL),
(2137, 2, 'مروان', 'Marwan', NULL, NULL, 0.000, 1, NULL, NULL),
(2138, 2, 'مسنى الازيار', 'Masna Al \'azyar', NULL, NULL, 0.000, 1, NULL, NULL),
(2139, 2, 'مستورة', 'Masturah', NULL, NULL, 0.000, 1, NULL, NULL),
(2140, 2, 'ميسان', 'Maysan', NULL, NULL, 0.000, 1, NULL, NULL),
(2141, 2, 'مفتاح', 'Miftah', NULL, NULL, 0.000, 1, NULL, NULL),
(2142, 2, 'مشرق', 'Mishriq', NULL, NULL, 0.000, 1, NULL, NULL),
(2143, 2, 'مشرق', 'Mishriq', NULL, NULL, 0.000, 1, NULL, NULL),
(2144, 2, 'المثان', 'Mithan', NULL, NULL, 0.000, 1, NULL, NULL),
(2145, 2, 'مطية', 'Mityah', NULL, NULL, 0.000, 1, NULL, NULL),
(2146, 2, 'مظللة', 'Mudallilah', NULL, NULL, 0.000, 1, NULL, NULL),
(2147, 2, 'مشجي', 'Mushaji', NULL, NULL, 0.000, 1, NULL, NULL),
(2148, 2, 'مشرف', 'Mushrif', NULL, NULL, 0.000, 1, NULL, NULL),
(2149, 2, 'مشرف', 'Mushrif', NULL, NULL, 0.000, 1, NULL, NULL),
(2150, 2, 'ناخس', 'Nakhis', NULL, NULL, 0.000, 1, NULL, NULL),
(2151, 2, 'ناخسة', 'Nakhusah', NULL, NULL, 0.000, 1, NULL, NULL),
(2152, 2, 'نمرة', 'Numarah', NULL, NULL, 0.000, 1, NULL, NULL),
(2153, 2, 'قاعس', 'Qa\'is', NULL, NULL, 0.000, 1, NULL, NULL),
(2154, 5, 'الونان', 'Al Wannan', NULL, NULL, 0.000, 1, NULL, NULL),
(2155, 7, 'علقان', 'alaqan', NULL, NULL, 0.000, 1, NULL, NULL),
(2156, 5, 'ام اثلة', 'Umm Athlah', NULL, NULL, 0.000, 1, NULL, NULL),
(2157, 5, 'ام الحمام', 'Umm Al Hamam', NULL, NULL, 0.000, 1, NULL, NULL),
(2158, 5, 'ام الحمام', 'Umm Al Hamam', NULL, NULL, 0.000, 1, NULL, NULL),
(2159, 5, 'ام الساهك', 'Umm As Sahik', NULL, NULL, 0.000, 1, NULL, NULL),
(2160, 5, 'ام الشفلح', 'Umm Ash Shifallah', NULL, NULL, 0.000, 1, NULL, NULL),
(2161, 5, 'ام الهوشات', 'Umm Al Hawshat', NULL, NULL, 0.000, 1, NULL, NULL),
(2162, 5, 'ام ربيعة', 'Umm Rubay\'ah', NULL, NULL, 0.000, 1, NULL, NULL),
(2163, 5, 'ام ضليع', 'Umm Dulay\'', NULL, NULL, 0.000, 1, NULL, NULL),
(2164, 3, 'اليتمة', 'Al Yitimah', NULL, NULL, 0.000, 1, NULL, NULL),
(2165, 5, 'ام عشر الشرقية', 'Umm Ishar Ash Sharqiyyah', NULL, NULL, 0.000, 1, NULL, NULL),
(2166, 5, 'ام قليب', 'Umm Qulaib', NULL, NULL, 0.000, 1, NULL, NULL),
(2167, 5, 'انقير', 'Annaqeer', NULL, NULL, 0.000, 1, NULL, NULL),
(2168, 5, 'برق الأسيدية', 'Burq Al Usaydiyah', NULL, NULL, 0.000, 1, NULL, NULL),
(2169, 5, 'برقاء الركبان', 'Barqa Al Rukban', NULL, NULL, 0.000, 1, NULL, NULL),
(2170, 3, 'اميرة', 'Amirah', NULL, NULL, 0.000, 1, NULL, NULL),
(2171, 5, 'بطحاء', 'Batha', NULL, NULL, 0.000, 1, NULL, NULL),
(2172, 5, 'بقيق', 'Buqayq', NULL, NULL, 0.000, 1, NULL, NULL),
(2173, 5, 'بني معن', 'Bani Mu\'n', NULL, NULL, 0.000, 1, NULL, NULL),
(2174, 5, 'تاروت', 'Tarut', NULL, NULL, 0.000, 1, NULL, NULL),
(2175, 5, 'تناقيب', 'Tanajib', NULL, NULL, 0.000, 1, NULL, NULL),
(2176, 2, 'قابل عيفان', 'Qabil \'ifan', NULL, NULL, 0.000, 1, NULL, NULL),
(2177, 2, 'قها', 'Qaha', NULL, NULL, 0.000, 1, NULL, NULL),
(2178, 7, 'عمرات', 'amrat', NULL, NULL, 0.000, 1, NULL, NULL),
(2179, 2, 'قرضة', 'Qaradah', NULL, NULL, 0.000, 1, NULL, NULL),
(2180, 2, 'قرن السرور', 'Qarn As Surur', NULL, NULL, 0.000, 1, NULL, NULL),
(2181, 2, 'قيا', 'Qiya', NULL, NULL, 0.000, 1, NULL, NULL),
(2182, 2, 'قفيلان', 'Qufaylan', NULL, NULL, 0.000, 1, NULL, NULL),
(2183, 2, 'قرى الصدر', 'Qura As Sadr', NULL, NULL, 0.000, 1, NULL, NULL),
(2184, 2, 'قويزة', 'Quwayzah', NULL, NULL, 0.000, 1, NULL, NULL),
(2185, 2, 'رابغ', 'Rabigh', NULL, NULL, 0.000, 1, NULL, NULL),
(2186, 2, 'رضوان', 'Radwan', NULL, NULL, 0.000, 1, NULL, NULL),
(2187, 2, 'رنية', 'Ranyah', NULL, NULL, 0.000, 1, NULL, NULL),
(2188, 2, 'ريحة', 'Rayhah', NULL, NULL, 0.000, 1, NULL, NULL),
(2189, 2, 'ريشان', 'Rishan', NULL, NULL, 0.000, 1, NULL, NULL),
(2190, 2, 'ربوع العين', 'Rubu\' Al Ayn', NULL, NULL, 0.000, 1, NULL, NULL),
(2191, 2, 'رمحة', 'Rumhah', NULL, NULL, 0.000, 1, NULL, NULL),
(2192, 2, 'صعبة', 'Sa\'bah', NULL, NULL, 0.000, 1, NULL, NULL),
(2193, 2, 'صعبر', 'Sa\'bar', NULL, NULL, 0.000, 1, NULL, NULL),
(2194, 2, 'صبح', 'Sabah', NULL, NULL, 0.000, 1, NULL, NULL),
(2195, 2, 'سبت الجارة', 'Sabt Al Jarah', NULL, NULL, 0.000, 1, NULL, NULL),
(2196, 2, 'سبت شمران', 'Sabt Shumran', NULL, NULL, 0.000, 1, NULL, NULL),
(2197, 2, 'صبياء', 'Sabya\'', NULL, NULL, 0.000, 1, NULL, NULL),
(2198, 2, 'صلعة', 'Sala\'ah', NULL, NULL, 0.000, 1, NULL, NULL),
(2199, 2, 'سلم الزواهرة', 'Salam Az Zuwahirah', NULL, NULL, 0.000, 1, NULL, NULL),
(2200, 2, 'سمد الحميمة', 'Samd Al Humaymah', NULL, NULL, 0.000, 1, NULL, NULL),
(2201, 2, 'صيادة', 'Sayyadah', NULL, NULL, 0.000, 1, NULL, NULL),
(2202, 9, 'طريف', 'Turaif', NULL, NULL, 0.000, 1, NULL, NULL),
(2203, 9, 'الجراني', 'Al Jirani', NULL, NULL, 0.000, 1, NULL, NULL),
(2204, 13, 'أطناب', 'Athnab', NULL, NULL, 0.000, 1, NULL, NULL),
(2205, 9, 'نعيج', 'Nu\'ayj', NULL, NULL, 0.000, 1, NULL, NULL),
(2206, 9, 'قاع الحنو', 'Qa\' Al Hinu', NULL, NULL, 0.000, 1, NULL, NULL),
(2207, 9, 'عرعر', 'Ar\'ar', NULL, NULL, 0.000, 1, NULL, NULL),
(2208, 9, 'مركز الصحن', 'Markaz As Sahan', NULL, NULL, 0.000, 1, NULL, NULL),
(2209, 9, 'العويقلية', 'Al \'uwayqiliyah', NULL, NULL, 0.000, 1, NULL, NULL),
(2210, 9, 'أبا الرواث', 'Aba Ar Rawath', NULL, NULL, 0.000, 1, NULL, NULL),
(2211, 9, 'الكاسب', 'Al Kasib', NULL, NULL, 0.000, 1, NULL, NULL),
(2212, 9, 'أم خنصر', 'Umm Khunsur', NULL, NULL, 0.000, 1, NULL, NULL),
(2213, 9, 'حزم الجلاميد', 'Hazam Al Jalamid', NULL, NULL, 0.000, 1, NULL, NULL),
(2214, 9, 'الدويد', 'Ad Duwayd', NULL, NULL, 0.000, 1, NULL, NULL),
(2215, 9, 'جديدة عرعر', 'Jadidat \'ar\'ar', NULL, NULL, 0.000, 1, NULL, NULL),
(2216, 13, 'إثرة', 'Ithrah', NULL, NULL, 0.000, 1, NULL, NULL),
(2217, 13, 'ابو عجرم', 'Abu \'ajram', NULL, NULL, 0.000, 1, NULL, NULL),
(2218, 13, 'ابورواث', 'Aburawas', NULL, NULL, 0.000, 1, NULL, NULL),
(2219, 13, 'الأضارع', 'Al Adari\'', NULL, NULL, 0.000, 1, NULL, NULL),
(2220, 13, 'الثنية', 'Ath Thaniyah', NULL, NULL, 0.000, 1, NULL, NULL),
(2221, 13, 'الجبيلي', 'Al Jabayli', NULL, NULL, 0.000, 1, NULL, NULL),
(2222, 13, 'الحديثة', 'Al Hadithah', NULL, NULL, 0.000, 1, NULL, NULL),
(2223, 13, 'الحرة', 'Al Harrah', NULL, NULL, 0.000, 1, NULL, NULL),
(2224, 13, 'الحماد', 'Al Hamad', NULL, NULL, 0.000, 1, NULL, NULL),
(2225, 13, 'الرديفة', 'Ar Radifah', NULL, NULL, 0.000, 1, NULL, NULL),
(2226, 13, 'الرفيعة', 'Ar Rafi\'ah', NULL, NULL, 0.000, 1, NULL, NULL),
(2227, 7, 'عنتر', 'antar', NULL, NULL, 0.000, 1, NULL, NULL),
(2228, 13, 'الشقيق', 'Ash Shaqiq', NULL, NULL, 0.000, 1, NULL, NULL),
(2229, 13, 'الشويحطية', 'Ash Shuwayhitiyah', NULL, NULL, 0.000, 1, NULL, NULL),
(2230, 13, 'الطوير', 'At Tuwayr', NULL, NULL, 0.000, 1, NULL, NULL),
(2231, 13, 'العيساوية', 'Al Isawiyah', NULL, NULL, 0.000, 1, NULL, NULL),
(2232, 13, 'الفياض', 'Al Fiyad', NULL, NULL, 0.000, 1, NULL, NULL),
(2233, 13, 'القرقر', 'Al Qarqar', NULL, NULL, 0.000, 1, NULL, NULL),
(2234, 13, 'القريات', 'Al Qurayyat', NULL, NULL, 0.000, 1, NULL, NULL),
(2235, 13, 'اللقايط', 'Al Laqayit', NULL, NULL, 0.000, 1, NULL, NULL),
(2236, 13, 'المرير', 'Al Murayr', NULL, NULL, 0.000, 1, NULL, NULL),
(2237, 13, 'الناصفة', 'An Nasifah', NULL, NULL, 0.000, 1, NULL, NULL),
(2238, 13, 'النبك ابو قصر', 'An Nabk Abu Qasr', NULL, NULL, 0.000, 1, NULL, NULL);
INSERT INTO `cities` (`id`, `region_id`, `title_ar`, `title_en`, `lat`, `long`, `delivery_cost`, `status`, `created_at`, `updated_at`) VALUES
(2239, 13, 'ام طليحة', 'Umm Tulayhah', NULL, NULL, 0.000, 1, NULL, NULL),
(2240, 13, 'ام نخيلة', 'Umm Nakhilah', NULL, NULL, 0.000, 1, NULL, NULL),
(2241, 13, 'بسيطاء', 'Basithah', NULL, NULL, 0.000, 1, NULL, NULL),
(2242, 13, 'حدرج', 'Hidrij', NULL, NULL, 0.000, 1, NULL, NULL),
(2243, 13, 'خوعاء', 'Khaw\'a\'', NULL, NULL, 0.000, 1, NULL, NULL),
(2244, 13, 'دومة الجندل', 'Dawmat Al Jandal', NULL, NULL, 0.000, 1, NULL, NULL),
(2245, 13, 'زلوم', 'Zallum', NULL, NULL, 0.000, 1, NULL, NULL),
(2246, 9, 'مركز أم الحيران', 'Markaz Umm Al Hiran', NULL, NULL, 0.000, 1, NULL, NULL),
(2247, 5, 'ثاج', 'Thaj', NULL, NULL, 0.000, 1, NULL, NULL),
(2248, 5, 'جرارة', 'Jarrarah', NULL, NULL, 0.000, 1, NULL, NULL),
(2249, 9, 'إبن سوقي', 'Ibn Suqi', NULL, NULL, 0.000, 1, NULL, NULL),
(2250, 9, 'رفحاء', 'Rafha\'', NULL, NULL, 0.000, 1, NULL, NULL),
(2251, 9, 'نصاب', 'Nisab', NULL, NULL, 0.000, 1, NULL, NULL),
(2252, 5, 'جواثا', 'Jawatha', NULL, NULL, 0.000, 1, NULL, NULL),
(2253, 9, 'لوقة', 'Lawqah', NULL, NULL, 0.000, 1, NULL, NULL),
(2254, 9, 'ام رضمة', 'Umm Rudmah', NULL, NULL, 0.000, 1, NULL, NULL),
(2255, 5, 'جودة', 'Judah', NULL, NULL, 0.000, 1, NULL, NULL),
(2256, 9, 'روضة هباس', 'Rawdat Habbas', NULL, NULL, 0.000, 1, NULL, NULL),
(2257, 9, 'التمياط', 'Timiat', NULL, NULL, 0.000, 1, NULL, NULL),
(2258, 9, 'إبن شريم', 'Ibn Shuraym', NULL, NULL, 0.000, 1, NULL, NULL),
(2259, 9, 'الشعبة', 'Ash Shu\'abah', NULL, NULL, 0.000, 1, NULL, NULL),
(2260, 9, 'لينة', 'Linah', NULL, NULL, 0.000, 1, NULL, NULL),
(2261, 9, 'المركوز', 'Al Markuz', NULL, NULL, 0.000, 1, NULL, NULL),
(2262, 13, 'سكاكا', 'Sakaka', NULL, NULL, 0.000, 1, NULL, NULL),
(2263, 13, 'صبيحة', 'Subayhah', NULL, NULL, 0.000, 1, NULL, NULL),
(2264, 13, 'صفان', 'Safan', NULL, NULL, 0.000, 1, NULL, NULL),
(2265, 13, 'صوير', 'Suwayr', NULL, NULL, 0.000, 1, NULL, NULL),
(2266, 13, 'طبرجل', 'Tubarjal', NULL, NULL, 0.000, 1, NULL, NULL),
(2267, 13, 'طلعة عمار', 'Tal\'at \'ammar', NULL, NULL, 0.000, 1, NULL, NULL),
(2268, 13, 'عذفاء', 'adhfa', NULL, NULL, 0.000, 1, NULL, NULL),
(2269, 8, 'الحميمة', 'Al Humaimah', NULL, NULL, 0.000, 1, NULL, NULL),
(2270, 8, 'الحورا', 'Al Hawra', NULL, NULL, 0.000, 1, NULL, NULL),
(2271, 8, 'الحويط', 'Al Huwayyit', NULL, NULL, 0.000, 1, NULL, NULL),
(2272, 8, 'الحيانية', 'Al Hayaniyah', NULL, NULL, 0.000, 1, NULL, NULL),
(2273, 8, 'الخبة', 'Al Khubbah', NULL, NULL, 0.000, 1, NULL, NULL),
(2274, 8, 'الخريمي', 'Al Khuraymi', NULL, NULL, 0.000, 1, NULL, NULL),
(2275, 8, 'الخطة', 'Al Khuttah', NULL, NULL, 0.000, 1, NULL, NULL),
(2276, 8, 'الخفج', 'Al Khufj', NULL, NULL, 0.000, 1, NULL, NULL),
(2277, 8, 'الخلصة', 'Al Khlusah', NULL, NULL, 0.000, 1, NULL, NULL),
(2278, 8, 'الخوي', 'Al Khawi', NULL, NULL, 0.000, 1, NULL, NULL),
(2279, 8, 'الخوير', 'Al Khuwair', NULL, NULL, 0.000, 1, NULL, NULL),
(2280, 8, 'الخيط', 'Al Khayt', NULL, NULL, 0.000, 1, NULL, NULL),
(2281, 8, 'الدابية', 'Ad Dabiyah', NULL, NULL, 0.000, 1, NULL, NULL),
(2282, 8, 'الدارة', 'Ad Darah', NULL, NULL, 0.000, 1, NULL, NULL),
(2283, 8, 'الدحوه', 'Ad Dihwah', NULL, NULL, 0.000, 1, NULL, NULL),
(2284, 8, 'الدفينة', 'Al Dufaynah', NULL, NULL, 0.000, 1, NULL, NULL),
(2285, 8, 'الدوادمي', 'Ad Duwadimi', NULL, NULL, 0.000, 1, NULL, NULL),
(2286, 8, 'الديماسة', 'Ad Dimasah', NULL, NULL, 0.000, 1, NULL, NULL),
(2287, 8, 'الذكري', 'Al Dhikra', NULL, NULL, 0.000, 1, NULL, NULL),
(2288, 8, 'الرشاوية', 'Ar Rishawiyah', NULL, NULL, 0.000, 1, NULL, NULL),
(2289, 8, 'الرضفين', 'Al Radhfain', NULL, NULL, 0.000, 1, NULL, NULL),
(2290, 8, 'الرعيلة', 'Al Raeelah', NULL, NULL, 0.000, 1, NULL, NULL),
(2291, 8, 'الرفايع', 'Ar Rufayi\'', NULL, NULL, 0.000, 1, NULL, NULL),
(2292, 8, 'الرقب', 'Ar Raqab', NULL, NULL, 0.000, 1, NULL, NULL),
(2293, 8, 'الركية', 'Ar Rukayyah', NULL, NULL, 0.000, 1, NULL, NULL),
(2294, 8, 'الروضة', 'Ar Rawdah', NULL, NULL, 0.000, 1, NULL, NULL),
(2295, 8, 'الرويع', 'Ar Ruway\'', NULL, NULL, 0.000, 1, NULL, NULL),
(2296, 8, 'الزبيرة', 'Az Zubayrah', NULL, NULL, 0.000, 1, NULL, NULL),
(2297, 8, 'الزغيبية', 'Az Zughaibiyah', NULL, NULL, 0.000, 1, NULL, NULL),
(2298, 8, 'الساقية', 'As Saqiyah', NULL, NULL, 0.000, 1, NULL, NULL),
(2299, 8, 'السبعان', 'As Sab\'an', NULL, NULL, 0.000, 1, NULL, NULL),
(2300, 8, 'السعدة', 'Al Saadah', NULL, NULL, 0.000, 1, NULL, NULL),
(2301, 8, 'السعيرة', 'As Su\'ayyirah', NULL, NULL, 0.000, 1, NULL, NULL),
(2302, 8, 'السفن', 'As Sufun', NULL, NULL, 0.000, 1, NULL, NULL),
(2303, 8, 'السليل', 'As Sulayyil', NULL, NULL, 0.000, 1, NULL, NULL),
(2304, 8, 'السليل', 'As Sulayyil', NULL, NULL, 0.000, 1, NULL, NULL),
(2305, 8, 'السليمي', 'As Sulaymi', NULL, NULL, 0.000, 1, NULL, NULL),
(2306, 8, 'السناف', 'Al Sanaf', NULL, NULL, 0.000, 1, NULL, NULL),
(2307, 8, 'السويفلة', 'As Suwayfilah', NULL, NULL, 0.000, 1, NULL, NULL),
(2308, 8, 'الشارف', 'Al Shaarif', NULL, NULL, 0.000, 1, NULL, NULL),
(2309, 8, 'الشبرية الحمراء', 'Ash Shibriyah Al Hamra', NULL, NULL, 0.000, 1, NULL, NULL),
(2310, 8, 'الشبرية الصفراء', 'Ash Shibriyah As Safra', NULL, NULL, 0.000, 1, NULL, NULL),
(2311, 8, 'الشبيكة', 'Ash Shubaykah', NULL, NULL, 0.000, 1, NULL, NULL),
(2312, 8, 'الشعفة', 'Ash Sha\'afah', NULL, NULL, 0.000, 1, NULL, NULL),
(2313, 8, 'الشعلانية', 'Ash Sha\'laniyah', NULL, NULL, 0.000, 1, NULL, NULL),
(2314, 8, 'الشعيبة', 'Ash Shu\'aybah', NULL, NULL, 0.000, 1, NULL, NULL),
(2315, 8, 'الشعيلاء', 'Al Shuayla', NULL, NULL, 0.000, 1, NULL, NULL),
(2316, 8, 'الشق', 'Al Shaq', NULL, NULL, 0.000, 1, NULL, NULL),
(2317, 8, 'الشقة', 'Ash Shiqqah', NULL, NULL, 0.000, 1, NULL, NULL),
(2318, 8, 'الشقيق', 'Ash Shaqiq', NULL, NULL, 0.000, 1, NULL, NULL),
(2319, 8, 'الشلالة', 'Ash Shallalah', NULL, NULL, 0.000, 1, NULL, NULL),
(2320, 8, 'الشملي', 'Ash Shamli', NULL, NULL, 0.000, 1, NULL, NULL),
(2321, 8, 'الشنان', 'Ash Shinan', NULL, NULL, 0.000, 1, NULL, NULL),
(2322, 8, 'الشويمس', 'Ash Shiwaymis', NULL, NULL, 0.000, 1, NULL, NULL),
(2323, 7, 'عين الأخضر', 'ayn Al Akhdar', NULL, NULL, 0.000, 1, NULL, NULL),
(2324, 8, 'الشيحية', 'Ash Shihiyah', NULL, NULL, 0.000, 1, NULL, NULL),
(2325, 8, 'الصبيحية', 'As Subayhiyah', NULL, NULL, 0.000, 1, NULL, NULL),
(2326, 8, 'الصخنة', 'As Sikhinah', NULL, NULL, 0.000, 1, NULL, NULL),
(2327, 8, 'الصغوى', 'As Sighawa', NULL, NULL, 0.000, 1, NULL, NULL),
(2328, 8, 'الصفراء', 'As Safra', NULL, NULL, 0.000, 1, NULL, NULL),
(2329, 8, 'الصفراء', 'As Safra', NULL, NULL, 0.000, 1, NULL, NULL),
(2330, 8, 'الصلبية', 'As Sulubiyah', NULL, NULL, 0.000, 1, NULL, NULL),
(2331, 8, 'الصليعاء', 'As Sulay\'a', NULL, NULL, 0.000, 1, NULL, NULL),
(2332, 8, 'الصنينا', 'As Sunayna\'', NULL, NULL, 0.000, 1, NULL, NULL),
(2333, 8, 'الصهوة', 'As Sahwah', NULL, NULL, 0.000, 1, NULL, NULL),
(2334, 8, 'الصور', 'As Sur', NULL, NULL, 0.000, 1, NULL, NULL),
(2335, 8, 'الضربة', 'Al Darbah', NULL, NULL, 0.000, 1, NULL, NULL),
(2336, 8, 'الطرفاوي', 'At Tarfawi', NULL, NULL, 0.000, 1, NULL, NULL),
(2337, 8, 'الطليحة', 'At Tulayhah', NULL, NULL, 0.000, 1, NULL, NULL),
(2339, 8, 'الطوال', 'At Tuwal', NULL, NULL, 0.000, 1, NULL, NULL),
(2340, 8, 'العجاجة', 'Al \'ajajah', NULL, NULL, 0.000, 1, NULL, NULL),
(2341, 8, 'العدوة', 'Al \'idwah', NULL, NULL, 0.000, 1, NULL, NULL),
(2342, 8, 'العرادية', 'Al \'aradiyah', NULL, NULL, 0.000, 1, NULL, NULL),
(2343, 8, 'العريدة', 'Al Areedah', NULL, NULL, 0.000, 1, NULL, NULL),
(2344, 8, 'العش', 'Al \'ishsh', NULL, NULL, 0.000, 1, NULL, NULL),
(2345, 8, 'العضدي', 'Al \'iddi', NULL, NULL, 0.000, 1, NULL, NULL),
(2346, 8, 'العظيم', 'Al \'udhaim', NULL, NULL, 0.000, 1, NULL, NULL),
(2347, 8, 'العقلة', 'Al \'uqlah', NULL, NULL, 0.000, 1, NULL, NULL),
(2348, 8, 'العقلة', 'Al \'uqlah', NULL, NULL, 0.000, 1, NULL, NULL),
(2349, 8, 'العمائر', 'Al \'amair', NULL, NULL, 0.000, 1, NULL, NULL),
(2350, 8, 'العمائر', 'Al \'amair', NULL, NULL, 0.000, 1, NULL, NULL),
(2351, 8, 'العوشري', 'Al Awshari', NULL, NULL, 0.000, 1, NULL, NULL),
(2352, 8, 'العوشزية', 'Al Awshaziyah', NULL, NULL, 0.000, 1, NULL, NULL),
(2353, 8, 'العيثمة', 'Al \'aythamah', NULL, NULL, 0.000, 1, NULL, NULL),
(2354, 8, 'الغار', 'Al Ghar', NULL, NULL, 0.000, 1, NULL, NULL),
(2355, 8, 'الغانمية', 'Al Ganimiyah', NULL, NULL, 0.000, 1, NULL, NULL),
(2356, 8, 'الغريسة', 'Al Gharisah', NULL, NULL, 0.000, 1, NULL, NULL),
(2357, 8, 'الغزالة', 'Al Ghazalah', NULL, NULL, 0.000, 1, NULL, NULL),
(2358, 8, 'الغمياء', 'Al Ghamya', NULL, NULL, 0.000, 1, NULL, NULL),
(2359, 8, 'الفرحانية', 'Al Farhaniyah', NULL, NULL, 0.000, 1, NULL, NULL),
(2360, 8, 'الفقي', 'Al Fuqay', NULL, NULL, 0.000, 1, NULL, NULL),
(2361, 8, 'الفويلق / الرشاوية', 'Al Fuwaileq / Ar Rishawiyah', NULL, NULL, 0.000, 1, NULL, NULL),
(2362, 8, 'الفويلق 1', 'Al Fuwayliq 1', NULL, NULL, 0.000, 1, NULL, NULL),
(2363, 8, 'الفويلق 2', 'Al Fuwayliq 2', NULL, NULL, 0.000, 1, NULL, NULL),
(2364, 8, 'القاعد', 'Al Qa\'id', NULL, NULL, 0.000, 1, NULL, NULL),
(2365, 8, 'القاعية', 'Al Qa\'iyah', NULL, NULL, 0.000, 1, NULL, NULL),
(2366, 8, 'القحصية', 'Al Qahsiyah', NULL, NULL, 0.000, 1, NULL, NULL),
(2367, 8, 'القرفاء', 'Al Qarfa', NULL, NULL, 0.000, 1, NULL, NULL),
(2368, 8, 'القرينين', 'Alqarinin', NULL, NULL, 0.000, 1, NULL, NULL),
(2369, 8, 'القصعاء', 'Al Qas\'a', NULL, NULL, 0.000, 1, NULL, NULL),
(2370, 8, 'القصير', 'Al Qusayr', NULL, NULL, 0.000, 1, NULL, NULL),
(2371, 8, 'القصيصة', 'Al Qusaysah', NULL, NULL, 0.000, 1, NULL, NULL),
(2372, 8, 'القصيلة', 'Al Qusailah', NULL, NULL, 0.000, 1, NULL, NULL),
(2373, 7, 'عينونة', 'aynunah', NULL, NULL, 0.000, 1, NULL, NULL),
(2374, 7, 'عينونة', 'aynunah', NULL, NULL, 0.000, 1, NULL, NULL),
(2375, 7, 'عيينة', 'Uyaynah', NULL, NULL, 0.000, 1, NULL, NULL),
(2376, 7, 'فم شثاث', 'Famm Shithath', NULL, NULL, 0.000, 1, NULL, NULL),
(2377, 7, 'قاصرة', 'Qasrah', NULL, NULL, 0.000, 1, NULL, NULL),
(2378, 7, 'قبقاب', 'Qabqab', NULL, NULL, 0.000, 1, NULL, NULL),
(2379, 7, 'قلعة الاذنم', 'Qal\'at Al Adhnum', NULL, NULL, 0.000, 1, NULL, NULL),
(2380, 7, 'قيال', 'Qiyal', NULL, NULL, 0.000, 1, NULL, NULL),
(2381, 4, 'المندسة', 'Al Mundassah', NULL, NULL, 0.000, 1, NULL, NULL),
(2382, 4, 'الطرفية الغربية', 'At Turfiyah Al Gharbiyah', NULL, NULL, 0.000, 1, NULL, NULL),
(2383, 4, 'البديعة', 'Al Badi\'ah', NULL, NULL, 0.000, 1, NULL, NULL),
(2384, 4, 'عريفجان ساحوق', 'urayfjan Sahuq', NULL, NULL, 0.000, 1, NULL, NULL),
(2385, 4, 'الصليبي', 'As Sulaybi', NULL, NULL, 0.000, 1, NULL, NULL),
(2386, 4, 'الزهيرية', 'Az Zihayriyah', NULL, NULL, 0.000, 1, NULL, NULL),
(2387, 4, 'روضة قرادان', 'Rawdat Qiradan', NULL, NULL, 0.000, 1, NULL, NULL),
(2388, 4, 'أبانات', 'Abanat', NULL, NULL, 0.000, 1, NULL, NULL),
(2389, 4, 'الحنينية', 'Al Hinayniyah', NULL, NULL, 0.000, 1, NULL, NULL),
(2390, 4, 'خضراء', 'Khadra', NULL, NULL, 0.000, 1, NULL, NULL),
(2391, 4, 'ضليع رشيد', 'Dulay\' Rashid', NULL, NULL, 0.000, 1, NULL, NULL),
(2392, 4, 'الخطيم', 'Al Khutaym', NULL, NULL, 0.000, 1, NULL, NULL),
(2393, 4, 'عطا', 'ata', NULL, NULL, 0.000, 1, NULL, NULL),
(2394, 4, 'عطي', 'utayy', NULL, NULL, 0.000, 1, NULL, NULL),
(2395, 4, 'الهمجة', 'Al Hamjah', NULL, NULL, 0.000, 1, NULL, NULL),
(2396, 4, 'رفائع اللهيب', 'Ruf\'ai\' Al Luhayb', NULL, NULL, 0.000, 1, NULL, NULL),
(2397, 4, 'الجرذاوية', 'Al Jardhawiyah', NULL, NULL, 0.000, 1, NULL, NULL),
(2398, 4, 'الركنة', 'Ar Ruknah', NULL, NULL, 0.000, 1, NULL, NULL),
(2399, 4, 'البتراء', 'Al Batra\'', NULL, NULL, 0.000, 1, NULL, NULL),
(2400, 4, 'العقلة', 'Al \'uqlah', NULL, NULL, 0.000, 1, NULL, NULL),
(2401, 4, 'الحوطة', 'Al Hawtah', NULL, NULL, 0.000, 1, NULL, NULL),
(2402, 4, 'العبيل', 'Al \'ubayl', NULL, NULL, 0.000, 1, NULL, NULL),
(2403, 4, 'الوسيطاء', 'Al Wusayta', NULL, NULL, 0.000, 1, NULL, NULL),
(2404, 4, 'نفجة', 'Nafjah', NULL, NULL, 0.000, 1, NULL, NULL),
(2405, 4, 'الغيدانية', 'Al Ghaydaniyah', NULL, NULL, 0.000, 1, NULL, NULL),
(2406, 4, 'العبلة', 'Al \'abla', NULL, NULL, 0.000, 1, NULL, NULL),
(2407, 4, 'المندسة', 'Al Mundassah', NULL, NULL, 0.000, 1, NULL, NULL),
(2408, 4, 'السميراء', 'As Sumayra', NULL, NULL, 0.000, 1, NULL, NULL),
(2409, 4, 'الرضيمة', 'Al Rudaymah', NULL, NULL, 0.000, 1, NULL, NULL),
(2410, 4, 'القوعي', 'Al Qaw\'i', NULL, NULL, 0.000, 1, NULL, NULL),
(2411, 4, 'المنتزة', 'Al Muntazah', NULL, NULL, 0.000, 1, NULL, NULL),
(2412, 4, 'دخنة', 'Dukhnah', NULL, NULL, 0.000, 1, NULL, NULL),
(2413, 4, 'الرس', 'Ar Rass', NULL, NULL, 0.000, 1, NULL, NULL),
(2414, 4, 'الشنانة', 'Ash Shananah', NULL, NULL, 0.000, 1, NULL, NULL),
(2415, 4, 'الشورقية', 'Ash Shawraqiyah', NULL, NULL, 0.000, 1, NULL, NULL),
(2416, 4, 'القاع', 'Al Qa\'', NULL, NULL, 0.000, 1, NULL, NULL),
(2417, 4, 'الروضة', 'Ar Rawdah', NULL, NULL, 0.000, 1, NULL, NULL),
(2418, 4, 'الطلعة', 'At Tal\'ah', NULL, NULL, 0.000, 1, NULL, NULL),
(2419, 4, 'المربع', 'Al Murabba\'', NULL, NULL, 0.000, 1, NULL, NULL),
(2420, 4, 'الوشحاء', 'Al Washha', NULL, NULL, 0.000, 1, NULL, NULL),
(2421, 4, 'الهيشة', 'Al Hishah', NULL, NULL, 0.000, 1, NULL, NULL),
(2422, 4, 'الحزم', 'Al Hazm', NULL, NULL, 0.000, 1, NULL, NULL),
(2423, 4, 'العدان', 'Al \'adan', NULL, NULL, 0.000, 1, NULL, NULL),
(2424, 4, 'عين العقيلي', 'ayn Al \'uqayli', NULL, NULL, 0.000, 1, NULL, NULL),
(2425, 4, 'روضة اللواف', 'Rawdat Al Lawwaf', NULL, NULL, 0.000, 1, NULL, NULL),
(2426, 4, 'العكرشية', 'Al \'ikrashiyah', NULL, NULL, 0.000, 1, NULL, NULL),
(2427, 4, 'زهلولة', 'Zihlulah', NULL, NULL, 0.000, 1, NULL, NULL),
(2428, 4, 'الرحيمية', 'Ar Ruhaymiyah', NULL, NULL, 0.000, 1, NULL, NULL),
(2429, 4, 'الوسطى', 'Al Wista', NULL, NULL, 0.000, 1, NULL, NULL),
(2430, 4, 'المريديسية', 'Al Muraydisiyah', NULL, NULL, 0.000, 1, NULL, NULL),
(2431, 4, 'المرغلة', 'Al Murghalah', NULL, NULL, 0.000, 1, NULL, NULL),
(2432, 4, 'المطيوي', 'Al Mutaywi', NULL, NULL, 0.000, 1, NULL, NULL),
(2433, 4, 'الربقية', 'Ar Ribqiyah', NULL, NULL, 0.000, 1, NULL, NULL),
(2434, 4, 'ام طليحة', 'Umm Tulayhah', NULL, NULL, 0.000, 1, NULL, NULL),
(2435, 4, 'فردة', 'Fardah', NULL, NULL, 0.000, 1, NULL, NULL),
(2436, 4, 'الناصرية', 'An Nasiriyah', NULL, NULL, 0.000, 1, NULL, NULL),
(2437, 4, 'الخرماء الجنوبية', 'Al Kharma Al Janubiyah', NULL, NULL, 0.000, 1, NULL, NULL),
(2438, 4, 'النعايم', 'An Na\'ayim', NULL, NULL, 0.000, 1, NULL, NULL),
(2439, 4, 'خريمان', 'Khurayman', NULL, NULL, 0.000, 1, NULL, NULL),
(2440, 4, 'المطيوي الشمالي', 'Al Mutaywi Ash Shamali', NULL, NULL, 0.000, 1, NULL, NULL),
(2441, 4, 'علباء', 'alba', NULL, NULL, 0.000, 1, NULL, NULL),
(2442, 4, 'روضة الحسو', 'Rawdat Al Hisu', NULL, NULL, 0.000, 1, NULL, NULL),
(2443, 4, 'بدائع مشرفة', 'Badai\' Mushrifah', NULL, NULL, 0.000, 1, NULL, NULL),
(2444, 4, 'مهدومة', 'Mahdumah', NULL, NULL, 0.000, 1, NULL, NULL),
(2445, 4, 'مرغان', 'Marghan', NULL, NULL, 0.000, 1, NULL, NULL),
(2446, 4, 'ظليم', 'Dhulyim', NULL, NULL, 0.000, 1, NULL, NULL),
(2447, 4, 'الباطن', 'Al Batin', NULL, NULL, 0.000, 1, NULL, NULL),
(2448, 4, 'مزارع الحقباء', 'Mazari Al Haqba', NULL, NULL, 0.000, 1, NULL, NULL),
(2449, 4, 'رغابية', 'Raghabiyah', NULL, NULL, 0.000, 1, NULL, NULL),
(2450, 4, 'الطعمية', 'At Tu\'miyah', NULL, NULL, 0.000, 1, NULL, NULL),
(2451, 4, 'العداين', 'Al \'adayin', NULL, NULL, 0.000, 1, NULL, NULL),
(2452, 4, 'البويطن', 'Al Buwaytin', NULL, NULL, 0.000, 1, NULL, NULL),
(2453, 4, 'الرقة', 'Ar Riqa', NULL, NULL, 0.000, 1, NULL, NULL),
(2454, 4, 'العبلة', 'Al \'abla', NULL, NULL, 0.000, 1, NULL, NULL),
(2455, 4, 'الروغاني', 'Ar Rawghany', NULL, NULL, 0.000, 1, NULL, NULL),
(2456, 5, 'حرض', 'Harad', NULL, NULL, 0.000, 1, NULL, NULL),
(2457, 4, 'العوشزية', 'Al Awshaziyah', NULL, NULL, 0.000, 1, NULL, NULL),
(2458, 4, 'وادى أبو على', 'Wadi Abu \'ali', NULL, NULL, 0.000, 1, NULL, NULL),
(2459, 4, 'رياض الخبراء', 'Riyad Al Khabra', NULL, NULL, 0.000, 1, NULL, NULL),
(2461, 4, 'صبيح', 'Subayh', NULL, NULL, 0.000, 1, NULL, NULL),
(2462, 4, 'نبيها', 'Nubayha', NULL, NULL, 0.000, 1, NULL, NULL),
(2463, 4, 'الشبيبة', 'Ash Shibibiyah', NULL, NULL, 0.000, 1, NULL, NULL),
(2464, 4, 'البدائع أم تلعة', 'Al Bada\'i Umm Tal\'ah', NULL, NULL, 0.000, 1, NULL, NULL),
(2465, 4, 'البدائع العليا', 'Al Badai Al \'ulya', NULL, NULL, 0.000, 1, NULL, NULL),
(2466, 4, 'العبيلة', 'Al \'ubaylah', NULL, NULL, 0.000, 1, NULL, NULL),
(2467, 4, 'مزارع الشيحية', 'Mazari Ash Shihiyah', NULL, NULL, 0.000, 1, NULL, NULL),
(2468, 4, 'عبل عبلا', 'abal \'abla', NULL, NULL, 0.000, 1, NULL, NULL),
(2469, 4, 'الروضة', 'Ar Rawdah', NULL, NULL, 0.000, 1, NULL, NULL),
(2470, 4, 'العبدلية', 'Al \'abdaliyah', NULL, NULL, 0.000, 1, NULL, NULL),
(2471, 4, 'الحجناوي', 'Al Hajnawi', NULL, NULL, 0.000, 1, NULL, NULL),
(2472, 4, 'الدحلة', 'Ad Dahlah', NULL, NULL, 0.000, 1, NULL, NULL),
(2473, 4, 'البدائع', 'Al Badai\'', NULL, NULL, 0.000, 1, NULL, NULL),
(2474, 4, 'دهيماء', 'Duhayma', NULL, NULL, 0.000, 1, NULL, NULL),
(2475, 4, 'الابرق', 'Al Abraq', NULL, NULL, 0.000, 1, NULL, NULL),
(2476, 4, 'العبيد', 'Al \'ubayd', NULL, NULL, 0.000, 1, NULL, NULL),
(2477, 4, 'النفيد', 'An Nufayyid', NULL, NULL, 0.000, 1, NULL, NULL),
(2478, 4, 'الخبراء', 'Al Khabra\'', NULL, NULL, 0.000, 1, NULL, NULL),
(2479, 4, 'مزارع الدغمانيات', 'Mazari\' Ad Daghmaniyat', NULL, NULL, 0.000, 1, NULL, NULL),
(2480, 4, 'فيضة ذيبان', 'Faydat Dhiban', NULL, NULL, 0.000, 1, NULL, NULL),
(2481, 4, 'مزارع العقل', 'Mazari\' Al \'aql', NULL, NULL, 0.000, 1, NULL, NULL),
(2482, 4, 'العابر', 'Al \'abir', NULL, NULL, 0.000, 1, NULL, NULL),
(2483, 4, 'مزارع الحزم', 'Mazari\' Al Hazm', NULL, NULL, 0.000, 1, NULL, NULL),
(2484, 4, 'الحجبة', 'Al Hajbah', NULL, NULL, 0.000, 1, NULL, NULL),
(2485, 4, 'الظبة', 'Adh Dhabah', NULL, NULL, 0.000, 1, NULL, NULL),
(2486, 4, 'الدعثة', 'Ad Daathah', NULL, NULL, 0.000, 1, NULL, NULL),
(2487, 4, 'الضبة', 'Ad Dabbah', NULL, NULL, 0.000, 1, NULL, NULL),
(2488, 4, 'الحنية', 'Al Haniyah', NULL, NULL, 0.000, 1, NULL, NULL),
(2489, 4, 'ابو خشبة', 'Abu Khashabah', NULL, NULL, 0.000, 1, NULL, NULL),
(2490, 4, 'أم الخراسع', 'Umm Al Kharasi', NULL, NULL, 0.000, 1, NULL, NULL),
(2491, 4, 'الثامرية', 'Ath Thamiriyah', NULL, NULL, 0.000, 1, NULL, NULL),
(2492, 4, 'الداث', 'Ad Dath', NULL, NULL, 0.000, 1, NULL, NULL),
(2493, 4, 'مزارع الحفيرات', 'Mazari\' Al Hufayrat', NULL, NULL, 0.000, 1, NULL, NULL),
(2494, 4, 'مزارع الجراوة', 'Mazari\' Al Jirawah', NULL, NULL, 0.000, 1, NULL, NULL),
(2495, 4, 'الجرارية', 'Al Jarrariyah', NULL, NULL, 0.000, 1, NULL, NULL),
(2496, 4, 'خربشاء', 'Kharbasha', NULL, NULL, 0.000, 1, NULL, NULL),
(2497, 4, 'الظاهرية', 'Adh Dhahiriyah', NULL, NULL, 0.000, 1, NULL, NULL),
(2498, 4, 'الظاهرية الجنوبية', 'Adh Dhahiriyah Al Janubiyah', NULL, NULL, 0.000, 1, NULL, NULL),
(2499, 4, 'الناعمة', 'An Na\'imah', NULL, NULL, 0.000, 1, NULL, NULL),
(2500, 4, 'الوطاة', 'Al Watah', NULL, NULL, 0.000, 1, NULL, NULL),
(2501, 4, 'الغضياء والسلمات', 'Al Ghadya And Salmat', NULL, NULL, 0.000, 1, NULL, NULL),
(2502, 4, 'مزارع القرائن', 'Mazari\' Al Qarain', NULL, NULL, 0.000, 1, NULL, NULL),
(2503, 4, 'الجرير', 'Al Jarir', NULL, NULL, 0.000, 1, NULL, NULL),
(2504, 4, 'القيصومة', 'Al Qaysumah', NULL, NULL, 0.000, 1, NULL, NULL),
(2505, 6, 'الكنهبلة', 'Al Kanahbilah', NULL, NULL, 0.000, 1, NULL, NULL),
(2506, 6, 'السهوة', 'As Sahwah', NULL, NULL, 0.000, 1, NULL, NULL),
(2507, 6, 'يانف', 'Yanif', NULL, NULL, 0.000, 1, NULL, NULL),
(2508, 6, 'حلباء', 'Halaba', NULL, NULL, 0.000, 1, NULL, NULL),
(2509, 6, 'العدوة', 'Al \'idwah', NULL, NULL, 0.000, 1, NULL, NULL),
(2510, 6, 'الطلحة', 'At Talhah', NULL, NULL, 0.000, 1, NULL, NULL),
(2511, 6, 'النماص', 'An Namas', NULL, NULL, 0.000, 1, NULL, NULL),
(2512, 11, 'آل سوار', 'Alsuwar', NULL, NULL, 0.000, 1, NULL, NULL),
(2513, 11, 'ابا الرخم', 'Aba Ar Rakham', NULL, NULL, 0.000, 1, NULL, NULL),
(2514, 11, 'ال شهي', 'Al Shahi', NULL, NULL, 0.000, 1, NULL, NULL),
(2515, 11, 'البرك', 'Al Birk', NULL, NULL, 0.000, 1, NULL, NULL),
(2516, 11, 'التماني', 'At Tamani', NULL, NULL, 0.000, 1, NULL, NULL),
(2517, 11, 'الجفة', 'Al Jifah', NULL, NULL, 0.000, 1, NULL, NULL),
(2518, 6, 'تباشعة', 'Tubash\'ah', NULL, NULL, 0.000, 1, NULL, NULL),
(2519, 6, 'أم خيسة', 'Umm Khisah', NULL, NULL, 0.000, 1, NULL, NULL),
(2520, 6, 'صلحلح', 'Salahlah', NULL, NULL, 0.000, 1, NULL, NULL),
(2521, 6, 'آل خضاري', 'Al Khidari', NULL, NULL, 0.000, 1, NULL, NULL),
(2522, 8, 'القعساء', 'Al Qa\'asa', NULL, NULL, 0.000, 1, NULL, NULL),
(2523, 8, 'القليبين', 'Al Qulaybayn', NULL, NULL, 0.000, 1, NULL, NULL),
(2524, 8, 'القوينية', 'Al Quwainiyah', NULL, NULL, 0.000, 1, NULL, NULL),
(2525, 8, 'الكهفة', 'Al Kahafah', NULL, NULL, 0.000, 1, NULL, NULL),
(2526, 8, 'الكهيفية', 'Al Kihayfiyah', NULL, NULL, 0.000, 1, NULL, NULL),
(2527, 8, 'اللبانه', 'Al Labana', NULL, NULL, 0.000, 1, NULL, NULL),
(2528, 8, 'اللخين عبيد', 'Al Lakheen Ubaid', NULL, NULL, 0.000, 1, NULL, NULL),
(2529, 8, 'اللقيطه', 'Al Liqitah', NULL, NULL, 0.000, 1, NULL, NULL),
(2530, 8, 'اللويبدة', 'Al Luwaybidah', NULL, NULL, 0.000, 1, NULL, NULL),
(2531, 8, 'اللويمي', 'Al Luwaymi', NULL, NULL, 0.000, 1, NULL, NULL),
(2532, 8, 'المبدع', 'Al Mabda\'', NULL, NULL, 0.000, 1, NULL, NULL),
(2533, 8, 'المبعوثة', 'Al Mab\'uthah', NULL, NULL, 0.000, 1, NULL, NULL),
(2534, 8, 'المبيدع', 'Al Mubaydi\'', NULL, NULL, 0.000, 1, NULL, NULL),
(2535, 8, 'المجصة', 'Al Majasah', NULL, NULL, 0.000, 1, NULL, NULL),
(2536, 8, 'المجيصة', 'Al Mijayssah', NULL, NULL, 0.000, 1, NULL, NULL),
(2537, 8, 'المحفر', 'Al Mahaffar', NULL, NULL, 0.000, 1, NULL, NULL),
(2538, 8, 'المختلف', 'Al Mukhtalif', NULL, NULL, 0.000, 1, NULL, NULL),
(2539, 8, 'المرمى', 'Al Marma', NULL, NULL, 0.000, 1, NULL, NULL),
(2540, 8, 'المرير', 'Al Murayr', NULL, NULL, 0.000, 1, NULL, NULL),
(2541, 8, 'المستجدة', 'Al Mustajiddah', NULL, NULL, 0.000, 1, NULL, NULL),
(2542, 8, 'المسجد', 'Al Masjid', NULL, NULL, 0.000, 1, NULL, NULL),
(2543, 8, 'المسلسل', 'Al Musalsal', NULL, NULL, 0.000, 1, NULL, NULL),
(2544, 8, 'المشيطية', 'Al Mushaytiyah', NULL, NULL, 0.000, 1, NULL, NULL),
(2545, 8, 'المضابيع', 'Al Madabi\'', NULL, NULL, 0.000, 1, NULL, NULL),
(2546, 8, 'المضيح', 'Al Mudayyih', NULL, NULL, 0.000, 1, NULL, NULL),
(2547, 8, 'المطرفية', 'Al Matrafiyah', NULL, NULL, 0.000, 1, NULL, NULL),
(2548, 8, 'المعاذب', 'Al Ma\'adhib', NULL, NULL, 0.000, 1, NULL, NULL),
(2549, 8, 'المعازل', 'Al Ma\'azil', NULL, NULL, 0.000, 1, NULL, NULL),
(2550, 8, 'المعترضة', 'Al Mu\'taridah', NULL, NULL, 0.000, 1, NULL, NULL),
(2551, 8, 'المعرش', 'Al Ma\'arrash', NULL, NULL, 0.000, 1, NULL, NULL),
(2552, 8, 'المعيقلات', 'Al Mu\'ayqilat', NULL, NULL, 0.000, 1, NULL, NULL),
(2553, 8, 'المغار', 'Al Maghar', NULL, NULL, 0.000, 1, NULL, NULL),
(2554, 8, 'المكحول', 'Al Makhul', NULL, NULL, 0.000, 1, NULL, NULL),
(2555, 8, 'المكظم', 'Al Makdham', NULL, NULL, 0.000, 1, NULL, NULL),
(2556, 8, 'المكظم', 'Al Makdham', NULL, NULL, 0.000, 1, NULL, NULL),
(2557, 8, 'الملوي', 'Al Malvi', NULL, NULL, 0.000, 1, NULL, NULL),
(2558, 8, 'المليح', 'Al Mulayh', NULL, NULL, 0.000, 1, NULL, NULL),
(2559, 8, 'المناخ', 'Al Manakh', NULL, NULL, 0.000, 1, NULL, NULL),
(2560, 8, 'المندسة الشرقية', 'Al Mindassah Ash Sharqiyah', NULL, NULL, 0.000, 1, NULL, NULL),
(2561, 8, 'المنصورية', 'Al Mansuriyah', NULL, NULL, 0.000, 1, NULL, NULL),
(2562, 8, 'المهاش', 'Al Mahash', NULL, NULL, 0.000, 1, NULL, NULL),
(2563, 8, 'المهينية', 'Al Mihayniyah', NULL, NULL, 0.000, 1, NULL, NULL),
(2564, 8, 'المويكر', 'Al Muwaykir', NULL, NULL, 0.000, 1, NULL, NULL),
(2565, 8, 'الميركة', 'Al Mirakah', NULL, NULL, 0.000, 1, NULL, NULL),
(2566, 8, 'الناصرية', 'An Nasiriyah', NULL, NULL, 0.000, 1, NULL, NULL),
(2567, 8, 'الناصفة', 'An Nasifah', NULL, NULL, 0.000, 1, NULL, NULL),
(2568, 8, 'النبوان', 'An Nabuwan', NULL, NULL, 0.000, 1, NULL, NULL),
(2569, 8, 'النحيتية', 'An Nuhaytiyah', NULL, NULL, 0.000, 1, NULL, NULL),
(2570, 8, 'النظيم واللجاوي', 'An Nadhim And Lajawi', NULL, NULL, 0.000, 1, NULL, NULL),
(2571, 8, 'النعي', 'An Ni\'ayy', NULL, NULL, 0.000, 1, NULL, NULL),
(2572, 4, 'الفرعة', 'Al Far\'ah', NULL, NULL, 0.000, 1, NULL, NULL),
(2573, 8, 'النقرة', 'An Nuqrah', NULL, NULL, 0.000, 1, NULL, NULL),
(2574, 8, 'النمارة', 'An Nimarah', NULL, NULL, 0.000, 1, NULL, NULL),
(2575, 4, 'فيضة يكلب', 'Faydat Yaklib', NULL, NULL, 0.000, 1, NULL, NULL),
(2576, 4, 'مزارع الوسيطاء', 'Mazari\' Al Wusayta', NULL, NULL, 0.000, 1, NULL, NULL),
(2577, 4, 'النويبات', 'An Nuwaybat', NULL, NULL, 0.000, 1, NULL, NULL),
(2578, 4, 'مزارع الوسيطاء', 'Mazari\' Al Wusayta', NULL, NULL, 0.000, 1, NULL, NULL),
(2579, 4, 'مزارع الراشد', 'Mazari\' Ar Rashid', NULL, NULL, 0.000, 1, NULL, NULL),
(2580, 4, 'الطراق', 'At Tiraq', NULL, NULL, 0.000, 1, NULL, NULL),
(2581, 4, 'الصلبية', 'As Sulubiyah', NULL, NULL, 0.000, 1, NULL, NULL),
(2582, 5, 'حزم ام الساهك', 'Hazam Umm As Sahik', NULL, NULL, 0.000, 1, NULL, NULL),
(2583, 5, 'حفر الباطن', 'Hafar Al Batin', NULL, NULL, 0.000, 1, NULL, NULL),
(2584, 8, 'النميرة', 'An Numayyirah', NULL, NULL, 0.000, 1, NULL, NULL),
(2585, 8, 'النيصية', 'An Nisiyah', NULL, NULL, 0.000, 1, NULL, NULL),
(2586, 8, 'الهدية', 'Al Hudayyah', NULL, NULL, 0.000, 1, NULL, NULL),
(2587, 8, 'الهرير', 'Al Hurayr', NULL, NULL, 0.000, 1, NULL, NULL),
(2588, 8, 'الهمجة', 'Al Hamjah', NULL, NULL, 0.000, 1, NULL, NULL),
(2589, 8, 'الهمجة', 'Al Hamjah', NULL, NULL, 0.000, 1, NULL, NULL),
(2590, 8, 'الهويدي', 'Al Huwaidi', NULL, NULL, 0.000, 1, NULL, NULL),
(2591, 8, 'الوبيرية', 'Al Wubayriyah', NULL, NULL, 0.000, 1, NULL, NULL),
(2592, 8, 'الودي', 'Al Wuday', NULL, NULL, 0.000, 1, NULL, NULL),
(2593, 8, 'الوسعة', 'Al Was\'ah', NULL, NULL, 0.000, 1, NULL, NULL),
(2594, 8, 'الوسيطاء', 'Al Wusayta', NULL, NULL, 0.000, 1, NULL, NULL),
(2595, 8, 'الوسيطي', 'Al Wusayti', NULL, NULL, 0.000, 1, NULL, NULL),
(2596, 8, 'الوعيلي', 'Al Wu\'ayli', NULL, NULL, 0.000, 1, NULL, NULL),
(2597, 8, 'الوهيبيات', 'Al Wuhaybiyat', NULL, NULL, 0.000, 1, NULL, NULL),
(2598, 8, 'ام القلبان', 'Umm Al Qulban', NULL, NULL, 0.000, 1, NULL, NULL),
(2599, 4, 'نفجة', 'Nafjah', NULL, NULL, 0.000, 1, NULL, NULL),
(2600, 4, 'الروضة', 'Ar Rawdah', NULL, NULL, 0.000, 1, NULL, NULL),
(2601, 4, 'مزارع الرفائع', 'Mazari\' Ar Rufai\'', NULL, NULL, 0.000, 1, NULL, NULL),
(2602, 4, 'مزارع الصقيريات', 'Mazari\' As Suqayriyat', NULL, NULL, 0.000, 1, NULL, NULL),
(2603, 4, 'الشيحية', 'Ash Shihiyah', NULL, NULL, 0.000, 1, NULL, NULL),
(2604, 4, 'أم قدة', 'Umm Qiddah', NULL, NULL, 0.000, 1, NULL, NULL),
(2605, 4, 'قليب خنيفسة', 'Qalib Khunayfisah', NULL, NULL, 0.000, 1, NULL, NULL),
(2606, 4, 'مزارع خريمان', 'Mazari\' Khurayman', NULL, NULL, 0.000, 1, NULL, NULL),
(2607, 4, 'أم العراد', 'Umm Al \'arad', NULL, NULL, 0.000, 1, NULL, NULL),
(2608, 4, 'الثابتية', 'Ath Thabitiyah', NULL, NULL, 0.000, 1, NULL, NULL),
(2609, 4, 'بقيعاء الشمالية', 'Buqay\'a Ash Shamaliyah', NULL, NULL, 0.000, 1, NULL, NULL),
(2610, 4, 'مزارع ثويدج', 'Mazari\' Thuwaydij', NULL, NULL, 0.000, 1, NULL, NULL),
(2611, 4, 'عسيلة', 'usaylah', NULL, NULL, 0.000, 1, NULL, NULL),
(2612, 4, 'النجبة', 'An Nijibah', NULL, NULL, 0.000, 1, NULL, NULL),
(2613, 4, 'قليب الرجيمية', 'Qalib Ar Rujaymiyah', NULL, NULL, 0.000, 1, NULL, NULL),
(2614, 4, 'عقدة', 'iqdah', NULL, NULL, 0.000, 1, NULL, NULL),
(2615, 4, 'أم خطوط', 'Umm Khutut', NULL, NULL, 0.000, 1, NULL, NULL),
(2616, 4, 'مزارع أم أرطى', 'Mazari\' Umm Arta', NULL, NULL, 0.000, 1, NULL, NULL),
(2617, 8, 'ام روشن', 'Umm Rawshan', NULL, NULL, 0.000, 1, NULL, NULL),
(2618, 4, 'كحلة', 'Kahlah', NULL, NULL, 0.000, 1, NULL, NULL),
(2619, 4, 'الأرطاوي الشمالي', 'Al Artawi Ash Shamali', NULL, NULL, 0.000, 1, NULL, NULL),
(2620, 4, 'الفيضة', 'Al Faydah', NULL, NULL, 0.000, 1, NULL, NULL),
(2621, 4, 'الهلالية', 'Al Hilaliyah', NULL, NULL, 0.000, 1, NULL, NULL),
(2622, 4, 'البكيرية', 'Al Bukayriyah', NULL, NULL, 0.000, 1, NULL, NULL),
(2623, 4, 'الفويلق', 'Al Fuwayliq', NULL, NULL, 0.000, 1, NULL, NULL),
(2624, 4, 'مزرعة البسامية', 'Mazra\'at Al Bassamiyah', NULL, NULL, 0.000, 1, NULL, NULL),
(2625, 4, 'الضلفعة', 'Ad Dalfa\'ah', NULL, NULL, 0.000, 1, NULL, NULL),
(2626, 4, 'الطوال', 'At Tuwal', NULL, NULL, 0.000, 1, NULL, NULL),
(2627, 4, 'العليا', 'Al \'ulayya', NULL, NULL, 0.000, 1, NULL, NULL),
(2628, 4, 'الرفيعة', 'Ar Rafi\'ah', NULL, NULL, 0.000, 1, NULL, NULL),
(2629, 4, 'الشباكية', 'Ash Shabbakiyah', NULL, NULL, 0.000, 1, NULL, NULL),
(2630, 8, 'ام ساروت', 'Umm Sarut', NULL, NULL, 0.000, 1, NULL, NULL),
(2631, 5, 'حلة محيش', 'Hulat Muhish', NULL, NULL, 0.000, 1, NULL, NULL),
(2632, 5, 'حمى', 'Hima', NULL, NULL, 0.000, 1, NULL, NULL),
(2633, 5, 'حنيذ', 'Hanidh', NULL, NULL, 0.000, 1, NULL, NULL),
(2634, 5, 'خبيراء', 'Khubaira', NULL, NULL, 0.000, 1, NULL, NULL),
(2635, 5, 'خريص', 'Khurays', NULL, NULL, 0.000, 1, NULL, NULL),
(2636, 5, 'دارين', 'Darin', NULL, NULL, 0.000, 1, NULL, NULL),
(2637, 5, 'ذبحة', 'Dhabhah', NULL, NULL, 0.000, 1, NULL, NULL),
(2638, 5, 'ذعبلوتن', 'Dha\'blutin', NULL, NULL, 0.000, 1, NULL, NULL),
(2639, 5, 'رأس الخير', 'Ras Al Khair', NULL, NULL, 0.000, 1, NULL, NULL),
(2640, 5, 'راس ام قصبة', 'Ras Umm Qusbah', NULL, NULL, 0.000, 1, NULL, NULL),
(2641, 5, 'راس تنورة', 'Ras Tannurah', NULL, NULL, 0.000, 1, NULL, NULL),
(2642, 5, 'رحيمة', 'Rahimah', NULL, NULL, 0.000, 1, NULL, NULL),
(2643, 5, 'رغوة', 'Raghwah', NULL, NULL, 0.000, 1, NULL, NULL),
(2644, 5, 'سامودة', 'Samudah', NULL, NULL, 0.000, 1, NULL, NULL),
(2645, 5, 'سحمة', 'Sihmah', NULL, NULL, 0.000, 1, NULL, NULL),
(2646, 6, 'آل مجادب', 'Al Mijadib', NULL, NULL, 0.000, 1, NULL, NULL),
(2647, 6, 'السبت', 'As Sabt', NULL, NULL, 0.000, 1, NULL, NULL),
(2648, 6, 'آل الصعدي', 'Al As Sa\'di', NULL, NULL, 0.000, 1, NULL, NULL),
(2649, 6, 'سدوان', 'Sadwan', NULL, NULL, 0.000, 1, NULL, NULL),
(2650, 6, 'الشعف', 'Ash Sha\'af', NULL, NULL, 0.000, 1, NULL, NULL),
(2651, 6, 'لربوعة', 'Larbu\'ah', NULL, NULL, 0.000, 1, NULL, NULL),
(2652, 6, 'قريش', 'Qiraysh', NULL, NULL, 0.000, 1, NULL, NULL),
(2653, 6, 'آل دحمان', 'Al Dahman', NULL, NULL, 0.000, 1, NULL, NULL),
(2654, 6, 'الجفر', 'Al Jafr', NULL, NULL, 0.000, 1, NULL, NULL),
(2655, 6, 'النماص', 'An Namas', NULL, NULL, 0.000, 1, NULL, NULL),
(2656, 6, 'شوحطة', 'Shuhitah', NULL, NULL, 0.000, 1, NULL, NULL),
(2657, 6, 'الرهوة', 'Ar Rahwah', NULL, NULL, 0.000, 1, NULL, NULL),
(2658, 6, 'قاها', 'Qaha', NULL, NULL, 0.000, 1, NULL, NULL),
(2659, 6, 'آل عزة', 'Al \'azzah', NULL, NULL, 0.000, 1, NULL, NULL),
(2660, 6, 'بيحان', 'Bihan', NULL, NULL, 0.000, 1, NULL, NULL),
(2661, 6, 'قرآنية', 'Quraniyah', NULL, NULL, 0.000, 1, NULL, NULL),
(2662, 6, 'العطوف', 'Al \'utuf', NULL, NULL, 0.000, 1, NULL, NULL),
(2663, 4, 'طلحة', 'Talhah', NULL, NULL, 0.000, 1, NULL, NULL),
(2664, 8, 'ام شعاري', 'Umm Sha\'arei', NULL, NULL, 0.000, 1, NULL, NULL),
(2665, 8, 'بدائع إبضة', 'Badai\' Ibdah', NULL, NULL, 0.000, 1, NULL, NULL),
(2666, 8, 'بدائع الجرعاء', 'Badai\' Al Jara', NULL, NULL, 0.000, 1, NULL, NULL),
(2667, 8, 'بدائع الشق', 'Badai\' Al Shaq', NULL, NULL, 0.000, 1, NULL, NULL),
(2668, 8, 'بدائع الصداعية', 'Badai\' As Suda\'iyah', NULL, NULL, 0.000, 1, NULL, NULL),
(2669, 8, 'بدائع الصغوي', 'Badai\' As Sighwa', NULL, NULL, 0.000, 1, NULL, NULL),
(2670, 8, 'بدائع الصفران', 'Badai\' As Sufran', NULL, NULL, 0.000, 1, NULL, NULL),
(2671, 8, 'بدائع العش', 'Badai\' Al \'ishsh', NULL, NULL, 0.000, 1, NULL, NULL),
(2672, 8, 'بدائع العليا', 'Badai\' Aleulya', NULL, NULL, 0.000, 1, NULL, NULL),
(2673, 8, 'بدائع الفقي', 'Badai\' Al Fuqayy', NULL, NULL, 0.000, 1, NULL, NULL),
(2674, 8, 'بدائع المحمي', 'Badai\' Al Mahmi', NULL, NULL, 0.000, 1, NULL, NULL),
(2675, 8, 'بدائع اول', 'Badai\' Awl', NULL, NULL, 0.000, 1, NULL, NULL),
(2676, 8, 'بدائع قني', 'Badai\' Qunay', NULL, NULL, 0.000, 1, NULL, NULL),
(2677, 8, 'بدائع مريفق', 'Badai\' Murayfiq', NULL, NULL, 0.000, 1, NULL, NULL),
(2678, 8, 'بدع ابن حويط', 'Bid\' Bin Huwayyit', NULL, NULL, 0.000, 1, NULL, NULL),
(2679, 8, 'بدع ابن خلف', 'Bid\' Ibn Khalaf', NULL, NULL, 0.000, 1, NULL, NULL),
(2680, 8, 'بطيحان', 'Butayhan', NULL, NULL, 0.000, 1, NULL, NULL),
(2681, 8, 'بقعاء', 'Baq\'a', NULL, NULL, 0.000, 1, NULL, NULL),
(2682, 8, 'بقعاء الشرقية', 'Baq\'a\' Ash Sharqiyah', NULL, NULL, 0.000, 1, NULL, NULL),
(2683, 8, 'بيضاء نثيل', 'Bayda\' Nathil', NULL, NULL, 0.000, 1, NULL, NULL),
(2684, 8, 'تربه', 'Turbah', NULL, NULL, 0.000, 1, NULL, NULL),
(2685, 8, 'توارين', 'Tuwarin', NULL, NULL, 0.000, 1, NULL, NULL),
(2686, 8, 'ثرال', 'Thiral', NULL, NULL, 0.000, 1, NULL, NULL),
(2687, 8, 'ثويليل', 'Thuwayleel', NULL, NULL, 0.000, 1, NULL, NULL),
(2688, 8, 'جبة', 'Jubbah', NULL, NULL, 0.000, 1, NULL, NULL),
(2689, 8, 'جرمة', 'Jurumah', NULL, NULL, 0.000, 1, NULL, NULL),
(2690, 8, 'جفيفاء', 'Jufayfa', NULL, NULL, 0.000, 1, NULL, NULL),
(2691, 8, 'حائل', 'Hail', NULL, NULL, 0.000, 1, NULL, NULL),
(2692, 8, 'حريد', 'Hurayd', NULL, NULL, 0.000, 1, NULL, NULL),
(2693, 8, 'حفيرة الشقيق', 'Hafirat Ash Shaqayq', NULL, NULL, 0.000, 1, NULL, NULL),
(2694, 8, 'حمر القعساء', 'Humr Al Qa\'asa', NULL, NULL, 0.000, 1, NULL, NULL),
(2695, 8, 'حمه', 'Hama', NULL, NULL, 0.000, 1, NULL, NULL),
(2696, 8, 'حويان', 'Huwayyan', NULL, NULL, 0.000, 1, NULL, NULL),
(2697, 8, 'خفيج أم هشيم', 'Khufayj Umm Hashim', NULL, NULL, 0.000, 1, NULL, NULL),
(2698, 8, 'خنقة الرماحي', 'Khanqat Ar Rimahi', NULL, NULL, 0.000, 1, NULL, NULL),
(2699, 8, 'دليهان', 'Dulayhan', NULL, NULL, 0.000, 1, NULL, NULL),
(2700, 8, 'رجامة', 'Rijamah', NULL, NULL, 0.000, 1, NULL, NULL),
(2701, 8, 'رك', 'Rakk', NULL, NULL, 0.000, 1, NULL, NULL),
(2702, 8, 'روض ابن هادي', 'Rawd Ibn Hadi', NULL, NULL, 0.000, 1, NULL, NULL),
(2703, 8, 'روض العبد', 'Rawd Al Abd', NULL, NULL, 0.000, 1, NULL, NULL),
(2704, 8, 'ريع البكر', 'Ri\' Al Bakr', NULL, NULL, 0.000, 1, NULL, NULL),
(2705, 8, 'ريع المحمي', 'Ri\' Al Mahmi', NULL, NULL, 0.000, 1, NULL, NULL),
(2706, 8, 'رينبة', 'Raynibah', NULL, NULL, 0.000, 1, NULL, NULL),
(2707, 8, 'زيخين', 'Zikhin', NULL, NULL, 0.000, 1, NULL, NULL),
(2708, 8, 'سبطر', 'Sibutar', NULL, NULL, 0.000, 1, NULL, NULL),
(2709, 8, 'سبيعة', 'Sibi\'ah', NULL, NULL, 0.000, 1, NULL, NULL),
(2710, 8, 'سراء', 'Sara\'', NULL, NULL, 0.000, 1, NULL, NULL),
(2711, 8, 'سعيدان', 'Su\'aydan', NULL, NULL, 0.000, 1, NULL, NULL),
(2712, 8, 'سقف', 'Saqf', NULL, NULL, 0.000, 1, NULL, NULL),
(2713, 8, 'سميراء', 'Simira\'', NULL, NULL, 0.000, 1, NULL, NULL),
(2714, 8, 'سهلة بدنة', 'Sahlat Badanah', NULL, NULL, 0.000, 1, NULL, NULL),
(2715, 8, 'شعيب الصقعاء', 'Shuaib As Saqa\'a', NULL, NULL, 0.000, 1, NULL, NULL),
(2716, 8, 'شعيلا المصع', 'Shuayla Al Masae', NULL, NULL, 0.000, 1, NULL, NULL),
(2718, 8, 'صحي', 'Sahayy', NULL, NULL, 0.000, 1, NULL, NULL),
(2719, 8, 'صديان', 'Sadyan', NULL, NULL, 0.000, 1, NULL, NULL),
(2720, 8, 'صفيط', 'Sufayt', NULL, NULL, 0.000, 1, NULL, NULL),
(2721, 8, 'ضبيعة', 'Dubay\'ah', NULL, NULL, 0.000, 1, NULL, NULL),
(2722, 8, 'ضرغط', 'Darghat', NULL, NULL, 0.000, 1, NULL, NULL),
(2723, 8, 'ضريغط', 'Duraighat', NULL, NULL, 0.000, 1, NULL, NULL),
(2724, 8, 'طابة', 'Tabah', NULL, NULL, 0.000, 1, NULL, NULL),
(2725, 8, 'طلحاء', 'Talha\'', NULL, NULL, 0.000, 1, NULL, NULL),
(2726, 8, 'طلوح', 'Tuluh', NULL, NULL, 0.000, 1, NULL, NULL),
(2727, 8, 'طوية', 'Tuwayyah', NULL, NULL, 0.000, 1, NULL, NULL),
(2728, 8, 'عريجاء', 'Uraija\'', NULL, NULL, 0.000, 1, NULL, NULL),
(2729, 5, 'سلوى', 'Salwa', NULL, NULL, 0.000, 1, NULL, NULL),
(2730, 5, 'سماح', 'Samah', NULL, NULL, 0.000, 1, NULL, NULL),
(2731, 5, 'سنابس', 'Sanabis', NULL, NULL, 0.000, 1, NULL, NULL),
(2732, 5, 'سوده', 'Sudah', NULL, NULL, 0.000, 1, NULL, NULL),
(2733, 5, 'سيهات', 'Sayhat', NULL, NULL, 0.000, 1, NULL, NULL),
(2734, 5, 'شبيطة', 'Shubaytah', NULL, NULL, 0.000, 1, NULL, NULL),
(2735, 5, 'شدقم', 'Shadqam', NULL, NULL, 0.000, 1, NULL, NULL),
(2736, 5, 'شفية', 'Shifiyah', NULL, NULL, 0.000, 1, NULL, NULL),
(2737, 5, 'شهيلاء', 'Shuhayla\'', NULL, NULL, 0.000, 1, NULL, NULL),
(2738, 5, 'شوالة', 'Shawwalah', NULL, NULL, 0.000, 1, NULL, NULL),
(2739, 5, 'صفوى', 'Safwa', NULL, NULL, 0.000, 1, NULL, NULL),
(2740, 5, 'صلاصل', 'Salasil', NULL, NULL, 0.000, 1, NULL, NULL),
(2741, 5, 'ظلوم', 'Dhulum', NULL, NULL, 0.000, 1, NULL, NULL),
(2742, 5, 'عتيق', 'Utayyiq', NULL, NULL, 0.000, 1, NULL, NULL),
(2743, 5, 'عجائب', 'Ajaib', NULL, NULL, 0.000, 1, NULL, NULL),
(2744, 5, 'عردة', 'ardah', NULL, NULL, 0.000, 1, NULL, NULL),
(2745, 5, 'عريعرة', 'Uray\'irah', NULL, NULL, 0.000, 1, NULL, NULL),
(2746, 5, 'عريفج', 'Urayfij', NULL, NULL, 0.000, 1, NULL, NULL),
(2747, 5, 'عصيفرات', 'Usayfirat', NULL, NULL, 0.000, 1, NULL, NULL),
(2748, 5, 'علاة', 'Allat', NULL, NULL, 0.000, 1, NULL, NULL),
(2749, 5, 'عنك', 'inak', NULL, NULL, 0.000, 1, NULL, NULL),
(2750, 5, 'عين دار الجديده', 'New \'ayn Dar', NULL, NULL, 0.000, 1, NULL, NULL),
(2751, 5, 'عين دار القديمة', 'Old \'ayn Dar', NULL, NULL, 0.000, 1, NULL, NULL),
(2752, 5, 'غزلان', 'Ghazlan', NULL, NULL, 0.000, 1, NULL, NULL),
(2753, 5, 'غنوى', 'Ghanwa', NULL, NULL, 0.000, 1, NULL, NULL),
(2754, 5, 'فرزان', 'Farzan', NULL, NULL, 0.000, 1, NULL, NULL),
(2755, 5, 'فودة', 'Fudah', NULL, NULL, 0.000, 1, NULL, NULL),
(2756, 5, 'قرية', 'Qurayyah', NULL, NULL, 0.000, 1, NULL, NULL),
(2757, 5, 'قرية', 'Qurayyah', NULL, NULL, 0.000, 1, NULL, NULL),
(2758, 5, 'قرية العليا', 'Qaryat Al \'ulya', NULL, NULL, 0.000, 1, NULL, NULL),
(2759, 5, 'متالع / ام تالع', 'Matali\' / Umm Tali\'', NULL, NULL, 0.000, 1, NULL, NULL),
(2760, 4, 'البرجسية', 'Al Barjasiyah', NULL, NULL, 0.000, 1, NULL, NULL),
(2761, 4, 'مزرعة الغبية', 'Mazra\'at Al Ghibyah', NULL, NULL, 0.000, 1, NULL, NULL),
(2762, 4, 'مزرعة عبلا', 'Mazra\'at At \'abla', NULL, NULL, 0.000, 1, NULL, NULL),
(2763, 4, 'النبتى رية', 'An Nabta Rayyah', NULL, NULL, 0.000, 1, NULL, NULL),
(2764, 4, 'الرويضة', 'Ar Ruwaydah', NULL, NULL, 0.000, 1, NULL, NULL),
(2765, 4, 'الركية', 'Ar Rukayyah', NULL, NULL, 0.000, 1, NULL, NULL),
(2766, 4, 'ام طليحة', 'Umm Tulayhah', NULL, NULL, 0.000, 1, NULL, NULL),
(2767, 4, 'الشماسية', 'Ash Shimasiyah', NULL, NULL, 0.000, 1, NULL, NULL),
(2768, 4, 'الربيعية', 'Ar Rabi\'iyah', NULL, NULL, 0.000, 1, NULL, NULL),
(2769, 4, 'العويقلية', 'Al \'uwayqiliyah', NULL, NULL, 0.000, 1, NULL, NULL),
(2770, 4, 'النبقية', 'An Nubqiyah', NULL, NULL, 0.000, 1, NULL, NULL),
(2771, 4, 'أم حزم', 'Umm Hazm', NULL, NULL, 0.000, 1, NULL, NULL),
(2772, 7, 'كلوة', 'Kilwah', NULL, NULL, 0.000, 1, NULL, NULL),
(2773, 4, 'القرين', 'Al Qurayn', NULL, NULL, 0.000, 1, NULL, NULL),
(2774, 4, 'الهبيرية', 'Al Hubayriyah', NULL, NULL, 0.000, 1, NULL, NULL),
(2775, 4, 'البدع', 'Al Bada\'', NULL, NULL, 0.000, 1, NULL, NULL),
(2776, 4, 'ساق', 'Saq', NULL, NULL, 0.000, 1, NULL, NULL),
(2777, 4, 'الشقران', 'Ash Shuqran', NULL, NULL, 0.000, 1, NULL, NULL),
(2778, 4, 'البكرة', 'Al Bakrah', NULL, NULL, 0.000, 1, NULL, NULL),
(2779, 4, 'دوبح', 'Dawbah', NULL, NULL, 0.000, 1, NULL, NULL),
(2780, 4, 'الفيضة', 'Al Faydah', NULL, NULL, 0.000, 1, NULL, NULL),
(2781, 4, 'طوال جبيرة', 'Tuwal Jubayrah', NULL, NULL, 0.000, 1, NULL, NULL),
(2782, 4, 'جبيرة', 'Jubayrah', NULL, NULL, 0.000, 1, NULL, NULL),
(2783, 4, 'الرحيمية', 'Ar Ruhaymiyah', NULL, NULL, 0.000, 1, NULL, NULL),
(2784, 2, 'شعب سامر', 'Sha\'ib Samir', NULL, NULL, 0.000, 1, NULL, NULL),
(2785, 2, 'شداد', 'Shadad', NULL, NULL, 0.000, 1, NULL, NULL),
(2786, 2, 'شقصان', 'Shaqasan', NULL, NULL, 0.000, 1, NULL, NULL),
(2787, 2, 'شرائع المجاهدين', 'Sharai\' Al Mujahidin', NULL, NULL, 0.000, 1, NULL, NULL),
(2788, 2, 'شراقب', 'Sharaqib', NULL, NULL, 0.000, 1, NULL, NULL),
(2789, 2, 'شيباي', 'Shaybay', NULL, NULL, 0.000, 1, NULL, NULL),
(2790, 2, 'شينانة', 'Shaynanah', NULL, NULL, 0.000, 1, NULL, NULL),
(2791, 2, 'شعر', 'Shi\'r', NULL, NULL, 0.000, 1, NULL, NULL),
(2792, 2, 'شبيرم', 'Shubayrim', NULL, NULL, 0.000, 1, NULL, NULL),
(2793, 2, 'شلوة', 'Shuluwah', NULL, NULL, 0.000, 1, NULL, NULL),
(2794, 2, 'شويحط', 'Shuwayhit', NULL, NULL, 0.000, 1, NULL, NULL),
(2795, 2, 'صلبة', 'Sulubah', NULL, NULL, 0.000, 1, NULL, NULL),
(2796, 2, 'سوق الجمعة', 'Suq Al Jum\'ah', NULL, NULL, 0.000, 1, NULL, NULL),
(2797, 2, 'سوق اللصفة', 'Suq Al Lusafah', NULL, NULL, 0.000, 1, NULL, NULL),
(2798, 2, 'سوق بني يزيد', 'Suq Bani Yazid', NULL, NULL, 0.000, 1, NULL, NULL),
(2799, 12, 'الغرباء والاثمة', 'Al Gharaba Wal Athimmah', NULL, NULL, 0.000, 1, NULL, NULL),
(2800, 12, 'الغشامرة', 'Al Ghashamrah', NULL, NULL, 0.000, 1, NULL, NULL),
(2801, 12, 'الغصنة', 'Al Ghasanah', NULL, NULL, 0.000, 1, NULL, NULL),
(2802, 12, 'الفرح', 'Al Farah', NULL, NULL, 0.000, 1, NULL, NULL),
(2803, 12, 'الفرع', 'Al Far\'', NULL, NULL, 0.000, 1, NULL, NULL),
(2804, 6, 'جعبة', 'Ji\'abah', NULL, NULL, 0.000, 1, NULL, NULL),
(2805, 12, 'الفصيلة وال مسعود', 'Al Fasilah And Al Masud', NULL, NULL, 0.000, 1, NULL, NULL),
(2806, 12, 'الفقهاء', 'Al Fuqaha', NULL, NULL, 0.000, 1, NULL, NULL),
(2807, 12, 'القرن', 'Al Qarn', NULL, NULL, 0.000, 1, NULL, NULL),
(2808, 6, 'مرازيق', 'Maraziq', NULL, NULL, 0.000, 1, NULL, NULL),
(2809, 12, 'القرن', 'Al Qarn', NULL, NULL, 0.000, 1, NULL, NULL),
(2810, 12, 'القرى', 'Al Qara', NULL, NULL, 0.000, 1, NULL, NULL),
(2811, 12, 'القري', 'Al Quray', NULL, NULL, 0.000, 1, NULL, NULL),
(2812, 12, 'القسمة', 'Al Qisamah', NULL, NULL, 0.000, 1, NULL, NULL),
(2813, 12, 'القصيباء', 'Al Qusayba', NULL, NULL, 0.000, 1, NULL, NULL),
(2814, 12, 'القمع', 'Al Qama', NULL, NULL, 0.000, 1, NULL, NULL),
(2815, 12, 'القهب', 'Al Qahab', NULL, NULL, 0.000, 1, NULL, NULL),
(2816, 12, 'القهب', 'Al Qahab', NULL, NULL, 0.000, 1, NULL, NULL),
(2817, 12, 'الكرادسة', 'Al Karadisah', NULL, NULL, 0.000, 1, NULL, NULL),
(2818, 12, 'الكلبة', 'Al Kalibah', NULL, NULL, 0.000, 1, NULL, NULL),
(2819, 12, 'المخواة', 'Al Mukhwah', NULL, NULL, 0.000, 1, NULL, NULL),
(2820, 12, 'المسودة', 'Al Maswadah', NULL, NULL, 0.000, 1, NULL, NULL),
(2821, 12, 'المطرية', 'Al Mutariyah', NULL, NULL, 0.000, 1, NULL, NULL),
(2822, 12, 'المغثة', 'Al Maghthah', NULL, NULL, 0.000, 1, NULL, NULL),
(2823, 12, 'المكاتيم', 'Al Makatim', NULL, NULL, 0.000, 1, NULL, NULL),
(2824, 12, 'المندق', 'Al Mandaq', NULL, NULL, 0.000, 1, NULL, NULL),
(2825, 12, 'المي الأحمر', 'Al May Al Ahmar', NULL, NULL, 0.000, 1, NULL, NULL),
(2826, 12, 'الميفا', 'Al Mifa', NULL, NULL, 0.000, 1, NULL, NULL),
(2827, 12, 'النجيل', 'An Najil', NULL, NULL, 0.000, 1, NULL, NULL),
(2828, 12, 'النصباء', 'An Nasba', NULL, NULL, 0.000, 1, NULL, NULL),
(2829, 12, 'النعرة', 'An Na\'arah', NULL, NULL, 0.000, 1, NULL, NULL),
(2830, 12, 'الهتافرة', 'Al Hatafirah', NULL, NULL, 0.000, 1, NULL, NULL),
(2831, 12, 'الهضبة', 'Al Hadabah', NULL, NULL, 0.000, 1, NULL, NULL),
(2832, 12, 'بادية بني كبير', 'Badiyat Bani Kabir', NULL, NULL, 0.000, 1, NULL, NULL),
(2833, 4, 'مزرعة الزرقاء', 'Mazra\'at Az Zarqa', NULL, NULL, 0.000, 1, NULL, NULL),
(2834, 4, 'الإفيهد', 'Al Ifayhid', NULL, NULL, 0.000, 1, NULL, NULL),
(2835, 4, 'الحمادة', 'Al Hamadah', NULL, NULL, 0.000, 1, NULL, NULL),
(2836, 4, 'أشقر النومانيات', 'Ashqar An Numaniyat', NULL, NULL, 0.000, 1, NULL, NULL),
(2837, 4, 'النومانية', 'An Numaniyah', NULL, NULL, 0.000, 1, NULL, NULL),
(2838, 4, 'العمودة الجنوبية', 'Al \'amudah Al Janubiyah', NULL, NULL, 0.000, 1, NULL, NULL),
(2839, 4, 'العمودة الشمالية', 'Al \'amudah Ash Shamaliyah', NULL, NULL, 0.000, 1, NULL, NULL),
(2840, 4, 'الجرير', 'Al Jarir', NULL, NULL, 0.000, 1, NULL, NULL),
(2841, 4, 'الأشيعل', 'Al Ishay\'il', NULL, NULL, 0.000, 1, NULL, NULL),
(2842, 4, 'القهيبية', 'Al Qihabiyah', NULL, NULL, 0.000, 1, NULL, NULL),
(2843, 4, 'الشعيفانية', 'Ash Shi\'faniyah', NULL, NULL, 0.000, 1, NULL, NULL),
(2844, 4, 'مزرعة مشرفة', 'Mazra\'at Mushrifah', NULL, NULL, 0.000, 1, NULL, NULL),
(2845, 4, 'دريميحة', 'Diraymihah', NULL, NULL, 0.000, 1, NULL, NULL),
(2846, 4, 'مزارع أم ظهيرة', 'Mazrai\' Umm Dhuhayrah', NULL, NULL, 0.000, 1, NULL, NULL),
(2847, 4, 'قريطة', 'Quraytah', NULL, NULL, 0.000, 1, NULL, NULL),
(2848, 4, 'مازونة', 'Mazunah', NULL, NULL, 0.000, 1, NULL, NULL),
(2849, 4, 'قصر البطاح', 'Qasr Al Battah', NULL, NULL, 0.000, 1, NULL, NULL),
(2850, 4, 'السيح', 'As Seeh', NULL, NULL, 0.000, 1, NULL, NULL),
(2851, 4, 'الحملية', 'Al Himliyah', NULL, NULL, 0.000, 1, NULL, NULL),
(2852, 4, 'الصويتية', 'As Suwaytiyah', NULL, NULL, 0.000, 1, NULL, NULL),
(2853, 4, 'الأسامر', 'Al Asamir', NULL, NULL, 0.000, 1, NULL, NULL),
(2854, 4, 'الأساس', 'Al Asas', NULL, NULL, 0.000, 1, NULL, NULL),
(2855, 4, 'أبو نخلة', 'Abu Nakhlah', NULL, NULL, 0.000, 1, NULL, NULL),
(2856, 4, 'الشبيكية', 'Ash Shubaykiyah', NULL, NULL, 0.000, 1, NULL, NULL),
(2857, 4, 'الوسيطاء', 'Al Wusayta', NULL, NULL, 0.000, 1, NULL, NULL),
(2858, 4, 'جديد', 'Jadid', NULL, NULL, 0.000, 1, NULL, NULL),
(2859, 4, 'الطرفاوي', 'At Tarfawi', NULL, NULL, 0.000, 1, NULL, NULL),
(2860, 4, 'الخشيبي', 'Al Khishaybi', NULL, NULL, 0.000, 1, NULL, NULL),
(2861, 4, 'الحجازية', 'Al Hajjaziyah', NULL, NULL, 0.000, 1, NULL, NULL),
(2862, 11, 'الحجف', 'Al Hajf', NULL, NULL, 0.000, 1, NULL, NULL),
(2863, 11, 'الحرشف', 'Al Harshaf', NULL, NULL, 0.000, 1, NULL, NULL),
(2864, 11, 'الحصينية', 'Al Husayniyah', NULL, NULL, 0.000, 1, NULL, NULL),
(2865, 11, 'الحمضة', 'Al Hamdah', NULL, NULL, 0.000, 1, NULL, NULL),
(2866, 11, 'الخانق', 'Al Khaniq', NULL, NULL, 0.000, 1, NULL, NULL),
(2867, 11, 'الخرخير', 'Al Kharkhir', NULL, NULL, 0.000, 1, NULL, NULL),
(2868, 11, 'الخضراء', 'Al Khadra', NULL, NULL, 0.000, 1, NULL, NULL),
(2869, 6, 'الشرفات', 'Ash Shurafat', NULL, NULL, 0.000, 1, NULL, NULL),
(2870, 6, 'الرعي', 'Ar Ra\'y', NULL, NULL, 0.000, 1, NULL, NULL),
(2871, 6, 'الطرق', 'At Tirq', NULL, NULL, 0.000, 1, NULL, NULL),
(2872, 6, 'الجرمة', 'Al Jirmah', NULL, NULL, 0.000, 1, NULL, NULL),
(2873, 6, 'الحشافة', 'Al Hashafah', NULL, NULL, 0.000, 1, NULL, NULL),
(2874, 6, 'حمضة', 'Hamadah', NULL, NULL, 0.000, 1, NULL, NULL),
(2875, 6, 'المطعن', 'Al Mat\'an', NULL, NULL, 0.000, 1, NULL, NULL),
(2876, 6, 'المنجحة', 'Al Manjahah', NULL, NULL, 0.000, 1, NULL, NULL),
(2877, 6, 'الفيض', 'Al Fayd', NULL, NULL, 0.000, 1, NULL, NULL),
(2878, 6, 'غالب', 'Ghalib', NULL, NULL, 0.000, 1, NULL, NULL),
(2879, 6, 'سعيدة', 'Sa\'idah', NULL, NULL, 0.000, 1, NULL, NULL),
(2880, 6, 'الأجرع الشمالي', 'Al Ajra\' Ash Shamali', NULL, NULL, 0.000, 1, NULL, NULL),
(2881, 6, 'ذهبان', 'Dhahban', NULL, NULL, 0.000, 1, NULL, NULL),
(2882, 6, 'دبساء', 'Dabsa', NULL, NULL, 0.000, 1, NULL, NULL),
(2883, 6, 'البرك', 'Al Birk', NULL, NULL, 0.000, 1, NULL, NULL),
(2884, 6, 'القحمة', 'Al Qahmah', NULL, NULL, 0.000, 1, NULL, NULL),
(2885, 6, 'عمق', 'amaq', NULL, NULL, 0.000, 1, NULL, NULL),
(2886, 6, 'الحظيرة', 'Al Hadhirah', NULL, NULL, 0.000, 1, NULL, NULL),
(2887, 6, 'آل حامد', 'Al Hamid', NULL, NULL, 0.000, 1, NULL, NULL),
(2888, 6, 'آل يوسف', 'Al Yusuf', NULL, NULL, 0.000, 1, NULL, NULL),
(2889, 6, 'البدلة', 'Al Badlah', NULL, NULL, 0.000, 1, NULL, NULL),
(2890, 6, 'لولاة', 'Lawlah', NULL, NULL, 0.000, 1, NULL, NULL),
(2891, 6, 'نجد قرض', 'Najd Qarad', NULL, NULL, 0.000, 1, NULL, NULL),
(2892, 6, 'جمان', 'Jumman', NULL, NULL, 0.000, 1, NULL, NULL),
(2893, 6, 'كثم', 'Kathm', NULL, NULL, 0.000, 1, NULL, NULL),
(2894, 6, 'السلامة', 'As Salamah', NULL, NULL, 0.000, 1, NULL, NULL),
(2895, 6, 'المثناة', 'Al Mathnah', NULL, NULL, 0.000, 1, NULL, NULL),
(2896, 6, 'الهضبة', 'Al Hadabah', NULL, NULL, 0.000, 1, NULL, NULL),
(2897, 6, 'لعصان', 'Li\'san', NULL, NULL, 0.000, 1, NULL, NULL),
(2898, 6, 'المحالة', 'Al Mahalah', NULL, NULL, 0.000, 1, NULL, NULL),
(2899, 6, 'الشرف', 'Ash Sharaf', NULL, NULL, 0.000, 1, NULL, NULL),
(2900, 6, 'سر آل السريع', 'Sirr Al As Siri\'', NULL, NULL, 0.000, 1, NULL, NULL),
(2901, 6, 'العبب', 'Al \'abab', NULL, NULL, 0.000, 1, NULL, NULL),
(2902, 6, 'الدارة', 'Ad Darah', NULL, NULL, 0.000, 1, NULL, NULL),
(2903, 6, 'الجرجر', 'Al Jarjar', NULL, NULL, 0.000, 1, NULL, NULL),
(2904, 6, 'عدوان', 'adwan', NULL, NULL, 0.000, 1, NULL, NULL),
(2905, 6, 'العين', 'Al \'ayn', NULL, NULL, 0.000, 1, NULL, NULL),
(2906, 6, 'الجعجاع', 'Al Ja\'ja\'', NULL, NULL, 0.000, 1, NULL, NULL),
(2907, 6, 'الموسطة', 'Al Mawsatah', NULL, NULL, 0.000, 1, NULL, NULL),
(2908, 6, 'آل جمعة', 'Al Jum\'ah', NULL, NULL, 0.000, 1, NULL, NULL),
(2909, 6, 'العزيزة', 'Al \'azizah', NULL, NULL, 0.000, 1, NULL, NULL),
(2910, 6, 'الهرير الغربي', 'Al Hurayr Al Gharbi', NULL, NULL, 0.000, 1, NULL, NULL),
(2911, 6, 'إيتارة', 'Itarah', NULL, NULL, 0.000, 1, NULL, NULL),
(2912, 6, 'أبو نخلة', 'Abu Nakhlah', NULL, NULL, 0.000, 1, NULL, NULL),
(2913, 6, 'القرح', 'Al Qurh', NULL, NULL, 0.000, 1, NULL, NULL),
(2914, 6, 'العرف', 'Al \'araf', NULL, NULL, 0.000, 1, NULL, NULL),
(2915, 6, 'أبو جرشة', 'Abu Jarshah', NULL, NULL, 0.000, 1, NULL, NULL),
(2916, 6, 'الخشم', 'Al Khashm', NULL, NULL, 0.000, 1, NULL, NULL),
(2917, 6, 'روغ العاند', 'Rugh Al \'anid', NULL, NULL, 0.000, 1, NULL, NULL),
(2918, 6, 'آل بالفلاح', 'Al Balfalah', NULL, NULL, 0.000, 1, NULL, NULL),
(2919, 6, 'حجلا', 'Hajla', NULL, NULL, 0.000, 1, NULL, NULL),
(2920, 6, 'العطفة', 'Al \'utfah', NULL, NULL, 0.000, 1, NULL, NULL),
(2921, 6, 'تانة', 'Tanah', NULL, NULL, 0.000, 1, NULL, NULL),
(2922, 6, 'آل الشيخ', 'Al Ash Shaykh', NULL, NULL, 0.000, 1, NULL, NULL),
(2923, 6, 'حبيب', 'Hubayyib', NULL, NULL, 0.000, 1, NULL, NULL),
(2924, 6, 'رغفة', 'Rughfah', NULL, NULL, 0.000, 1, NULL, NULL),
(2925, 6, 'عضاضة', 'adadah', NULL, NULL, 0.000, 1, NULL, NULL),
(2926, 6, 'آل سرحان', 'Al Sirhan', NULL, NULL, 0.000, 1, NULL, NULL),
(2927, 6, 'القعرة', 'Al Qa\'arah', NULL, NULL, 0.000, 1, NULL, NULL),
(2928, 6, 'آل يزيد', 'Al Yazid', NULL, NULL, 0.000, 1, NULL, NULL),
(2929, 6, 'المجمع', 'Al Majma\'', NULL, NULL, 0.000, 1, NULL, NULL),
(2930, 6, 'الصيحاني', 'As Sayhani', NULL, NULL, 0.000, 1, NULL, NULL),
(2931, 6, 'البهيمة', 'Al Bihaymah', NULL, NULL, 0.000, 1, NULL, NULL),
(2932, 6, 'القرعاء', 'Al Qar\'a', NULL, NULL, 0.000, 1, NULL, NULL),
(2933, 6, 'الجر الصغير', 'Al Jarr As Saghir', NULL, NULL, 0.000, 1, NULL, NULL),
(2934, 6, 'الشعف', 'Ash Sha\'af', NULL, NULL, 0.000, 1, NULL, NULL),
(2935, 6, 'تمنية', 'Tamniyah', NULL, NULL, 0.000, 1, NULL, NULL),
(2936, 6, 'القرن', 'Al Qarn', NULL, NULL, 0.000, 1, NULL, NULL),
(2937, 6, 'آل علي', 'Al \'ali', NULL, NULL, 0.000, 1, NULL, NULL),
(2938, 6, 'عين الذيبة', 'ayn Adh Dhibah', NULL, NULL, 0.000, 1, NULL, NULL),
(2939, 6, 'البارك', 'Al Barik', NULL, NULL, 0.000, 1, NULL, NULL),
(2940, 6, 'قرضة', 'Qaradah', NULL, NULL, 0.000, 1, NULL, NULL),
(2941, 6, 'آل زيدي', 'Al Zaydi', NULL, NULL, 0.000, 1, NULL, NULL),
(2942, 6, 'حصن الجرين', 'Husn Al Jarin', NULL, NULL, 0.000, 1, NULL, NULL),
(2943, 6, 'آل عاصم', 'Al \'asim', NULL, NULL, 0.000, 1, NULL, NULL),
(2944, 6, 'الجنفور', 'Al Janfur', NULL, NULL, 0.000, 1, NULL, NULL),
(2945, 6, 'عرايس', 'arayis', NULL, NULL, 0.000, 1, NULL, NULL),
(2946, 6, 'عمام', 'umam', NULL, NULL, 0.000, 1, NULL, NULL),
(2947, 6, 'الرهوة', 'Ar Rahwah', NULL, NULL, 0.000, 1, NULL, NULL),
(2948, 6, 'شوحط', 'Shuhat', NULL, NULL, 0.000, 1, NULL, NULL),
(2949, 6, 'منادرالعين', 'Manadir Al \'ayn', NULL, NULL, 0.000, 1, NULL, NULL),
(2950, 6, 'بني رزام', 'Bani Rizam', NULL, NULL, 0.000, 1, NULL, NULL),
(2951, 6, 'الملاحة', 'Al Malahah', NULL, NULL, 0.000, 1, NULL, NULL),
(2952, 6, 'الطلحة', 'At Talhah', NULL, NULL, 0.000, 1, NULL, NULL),
(2953, 6, 'شرمة', 'Sharmah', NULL, NULL, 0.000, 1, NULL, NULL),
(2954, 6, 'الحنق', 'Al Hanaq', NULL, NULL, 0.000, 1, NULL, NULL),
(2955, 6, 'القرين', 'Al Qurayn', NULL, NULL, 0.000, 1, NULL, NULL),
(2956, 6, 'آل مجمل', 'Al Mujammal', NULL, NULL, 0.000, 1, NULL, NULL),
(2957, 7, 'مغيرة', 'Mughayrah', NULL, NULL, 0.000, 1, NULL, NULL),
(2958, 6, 'طبب', 'Tabab', NULL, NULL, 0.000, 1, NULL, NULL),
(2959, 6, 'الشطاط', 'Al Shutat', NULL, NULL, 0.000, 1, NULL, NULL),
(2960, 6, 'العبيدية', 'Al \'abidiyah', NULL, NULL, 0.000, 1, NULL, NULL),
(2961, 6, 'السبت', 'As Sabt', NULL, NULL, 0.000, 1, NULL, NULL),
(2962, 6, 'حمالة', 'Himalah', NULL, NULL, 0.000, 1, NULL, NULL),
(2963, 6, 'العقيق', 'Al Aqiq', NULL, NULL, 0.000, 1, NULL, NULL),
(2964, 6, 'العطفة', 'Al \'utfah', NULL, NULL, 0.000, 1, NULL, NULL),
(2965, 6, 'آل بسام', 'Al Bassam', NULL, NULL, 0.000, 1, NULL, NULL),
(2966, 6, 'آل دكين', 'Al Dukayn', NULL, NULL, 0.000, 1, NULL, NULL);
INSERT INTO `cities` (`id`, `region_id`, `title_ar`, `title_en`, `lat`, `long`, `delivery_cost`, `status`, `created_at`, `updated_at`) VALUES
(2967, 6, 'آل مهدي', 'Al Mahadi', NULL, NULL, 0.000, 1, NULL, NULL),
(2968, 6, 'المصياد', 'Al Misyad', NULL, NULL, 0.000, 1, NULL, NULL),
(2969, 6, 'الجزعة', 'Al Juz\'ah', NULL, NULL, 0.000, 1, NULL, NULL),
(2970, 6, 'آل مشدود', 'Al Mashdud', NULL, NULL, 0.000, 1, NULL, NULL),
(2971, 6, 'الجهمة', 'Al Jihmah', NULL, NULL, 0.000, 1, NULL, NULL),
(2972, 6, 'العسران', 'Al \'usran', NULL, NULL, 0.000, 1, NULL, NULL),
(2973, 6, 'آل بحبيب', 'Al Bihabib', NULL, NULL, 0.000, 1, NULL, NULL),
(2974, 6, 'آل قوشع', 'Al Qawsha\'', NULL, NULL, 0.000, 1, NULL, NULL),
(2975, 6, 'القرن', 'Al Qarn', NULL, NULL, 0.000, 1, NULL, NULL),
(2976, 4, 'الدليمية', 'Ad Dilaymiyah', NULL, NULL, 0.000, 1, NULL, NULL),
(2977, 4, 'الفوارة', 'Al Fawwarah', NULL, NULL, 0.000, 1, NULL, NULL),
(2978, 4, 'عقلة الصقور', 'Uqlat As Suqur', NULL, NULL, 0.000, 1, NULL, NULL),
(2979, 4, 'الذيبية', 'Adh Dhibiyah', NULL, NULL, 0.000, 1, NULL, NULL),
(2980, 4, 'قصر ابن عقيل', 'Qasr Ibn \'uqayyil', NULL, NULL, 0.000, 1, NULL, NULL),
(2981, 4, 'قطن', 'Qitan', NULL, NULL, 0.000, 1, NULL, NULL),
(2982, 4, 'البصيري', 'Al Basiri', NULL, NULL, 0.000, 1, NULL, NULL),
(2983, 4, 'الخريشاء', 'Al Khuraysha', NULL, NULL, 0.000, 1, NULL, NULL),
(2984, 4, 'الدحلة', 'Ad Dahlah', NULL, NULL, 0.000, 1, NULL, NULL),
(2985, 4, 'النقرة', 'An Nuqrah', NULL, NULL, 0.000, 1, NULL, NULL),
(2986, 4, 'امباري', 'Embary', NULL, NULL, 0.000, 1, NULL, NULL),
(2987, 4, 'الجفن', 'Al Jifn', NULL, NULL, 0.000, 1, NULL, NULL),
(2988, 4, 'ديم', 'Daym', NULL, NULL, 0.000, 1, NULL, NULL),
(2989, 4, 'الهميلية', 'Al Humayliyah', NULL, NULL, 0.000, 1, NULL, NULL),
(2990, 4, 'عماير سعيدة', 'Amayir Si\'idah', NULL, NULL, 0.000, 1, NULL, NULL),
(2991, 4, 'ذوقان الركايا', 'Dhawqan Ar Rakaya', NULL, NULL, 0.000, 1, NULL, NULL),
(2992, 4, 'الضاحي', 'Ad Dahi', NULL, NULL, 0.000, 1, NULL, NULL),
(2993, 4, 'الوهلان', 'Al Wahalan', NULL, NULL, 0.000, 1, NULL, NULL),
(2994, 4, 'العونية', 'Al \'awniyah', NULL, NULL, 0.000, 1, NULL, NULL),
(2995, 4, 'الحفيرة', 'Al Hufayrah', NULL, NULL, 0.000, 1, NULL, NULL),
(2996, 4, 'الأشرفية', 'Al Ashrafiyah', NULL, NULL, 0.000, 1, NULL, NULL),
(2997, 4, 'مهيضة', 'Mihayyidah', NULL, NULL, 0.000, 1, NULL, NULL),
(2998, 4, 'الضلعة', 'Ad Dal\'ah', NULL, NULL, 0.000, 1, NULL, NULL),
(2999, 4, 'غدفاء', 'Ghadfa', NULL, NULL, 0.000, 1, NULL, NULL),
(3000, 4, 'الغريبية', 'Al Ghuraybiyah', NULL, NULL, 0.000, 1, NULL, NULL),
(3001, 4, 'الفيحاء', 'Al Fayha', NULL, NULL, 0.000, 1, NULL, NULL),
(3002, 4, 'أم غويفة', 'Umm Ghuwayfah', NULL, NULL, 0.000, 1, NULL, NULL),
(3003, 4, 'الجناح', 'Al Janah', NULL, NULL, 0.000, 1, NULL, NULL),
(3004, 4, 'الحزم', 'Al Hazm', NULL, NULL, 0.000, 1, NULL, NULL),
(3005, 4, 'رياض قناء', 'Riyad Qana', NULL, NULL, 0.000, 1, NULL, NULL),
(3006, 4, 'محير الترمس', 'Mihir At Turmus', NULL, NULL, 0.000, 1, NULL, NULL),
(3007, 4, 'رفائع الحميمة', 'Ruf\'ai\' Al Humaymah', NULL, NULL, 0.000, 1, NULL, NULL),
(3008, 4, 'مشاش جرود', 'Mishash Jurud', NULL, NULL, 0.000, 1, NULL, NULL),
(3009, 4, 'العمودة', 'Al \'amudah', NULL, NULL, 0.000, 1, NULL, NULL),
(3010, 4, 'الروضة', 'Ar Rawdah', NULL, NULL, 0.000, 1, NULL, NULL),
(3011, 4, 'ابو طلح', 'Abu Talh', NULL, NULL, 0.000, 1, NULL, NULL),
(3012, 4, 'مشاش ركيان', 'Mishash Rukayyan', NULL, NULL, 0.000, 1, NULL, NULL),
(3014, 4, 'فياضة', 'Fayyadah', NULL, NULL, 0.000, 1, NULL, NULL),
(3015, 4, 'كحلة', 'Kahlah', NULL, NULL, 0.000, 1, NULL, NULL),
(3016, 4, 'رفائع الحجرة', 'Ruf\'ai\' Al Hajrah', NULL, NULL, 0.000, 1, NULL, NULL),
(3017, 4, 'مسكة', 'Miskah', NULL, NULL, 0.000, 1, NULL, NULL),
(3018, 4, 'أبو عرداء', 'Abu \'arda', NULL, NULL, 0.000, 1, NULL, NULL),
(3019, 4, 'الناصفة', 'An Nasifah', NULL, NULL, 0.000, 1, NULL, NULL),
(3020, 4, 'النبهانية', 'An Nabhaniyah', NULL, NULL, 0.000, 1, NULL, NULL),
(3021, 4, 'ثادج', 'Thadij', NULL, NULL, 0.000, 1, NULL, NULL),
(3022, 4, 'ربيق', 'Rubayq', NULL, NULL, 0.000, 1, NULL, NULL),
(3023, 4, 'سامودة', 'Samudah', NULL, NULL, 0.000, 1, NULL, NULL),
(3024, 4, 'مدرج', 'Mudarraj', NULL, NULL, 0.000, 1, NULL, NULL),
(3025, 4, 'الخرماء', 'Al Kharma', NULL, NULL, 0.000, 1, NULL, NULL),
(3026, 4, 'الخرماءالشمالية', 'Al Kharma Ash Shamaliyah', NULL, NULL, 0.000, 1, NULL, NULL),
(3027, 4, 'الحيسونية', 'Al Haysuniyah', NULL, NULL, 0.000, 1, NULL, NULL),
(3028, 4, 'القعير', 'Al Qu\'ayyir', NULL, NULL, 0.000, 1, NULL, NULL),
(3029, 4, 'العمار', 'Al \'amar', NULL, NULL, 0.000, 1, NULL, NULL),
(3030, 3, 'بئر الغنم', 'Bir Al Ghanam', NULL, NULL, 0.000, 1, NULL, NULL),
(3031, 3, 'بئر قيضي', 'Bi\'r Qaydi', NULL, NULL, 0.000, 1, NULL, NULL),
(3032, 3, 'بدائع الحناحنه', 'Badai\' Al Hanahanah', NULL, NULL, 0.000, 1, NULL, NULL),
(3033, 3, 'بدائع العوض', 'Badai\' Al Awd', NULL, NULL, 0.000, 1, NULL, NULL),
(3034, 3, 'بدائع الهراسين', 'Badai\' Al Harasin', NULL, NULL, 0.000, 1, NULL, NULL),
(3035, 3, 'بدر', 'Badr', NULL, NULL, 0.000, 1, NULL, NULL),
(3037, 3, 'بلغة', 'Bilghah', NULL, NULL, 0.000, 1, NULL, NULL),
(3038, 3, 'بواط', 'Buwat', NULL, NULL, 0.000, 1, NULL, NULL),
(3039, 3, 'ترجم', 'Tarjim', NULL, NULL, 0.000, 1, NULL, NULL),
(3040, 3, 'ترعة', 'Tir\'ah', NULL, NULL, 0.000, 1, NULL, NULL),
(3041, 3, 'تفيدة', 'Tafidah', NULL, NULL, 0.000, 1, NULL, NULL),
(3042, 3, 'تلعة نزة', 'Tal\'ah Nazah', NULL, NULL, 0.000, 1, NULL, NULL),
(3043, 3, 'تيتد', 'Taytad', NULL, NULL, 0.000, 1, NULL, NULL),
(3044, 3, 'ثرب', 'Tharb', NULL, NULL, 0.000, 1, NULL, NULL),
(3045, 3, 'ثعيل', 'Thu\'ayyil', NULL, NULL, 0.000, 1, NULL, NULL),
(3046, 3, 'جدعاء', 'Jad\'a', NULL, NULL, 0.000, 1, NULL, NULL),
(3047, 3, 'جراجر', 'Jarajir', NULL, NULL, 0.000, 1, NULL, NULL),
(3048, 3, 'جيدة', 'Jaydah', NULL, NULL, 0.000, 1, NULL, NULL),
(3049, 3, 'حاذة', 'Hadhah', NULL, NULL, 0.000, 1, NULL, NULL),
(3050, 3, 'حزرة', 'Hazrah', NULL, NULL, 0.000, 1, NULL, NULL),
(3051, 3, 'حنذ', 'Hanadh', NULL, NULL, 0.000, 1, NULL, NULL),
(3052, 3, 'خرص', 'Khuruss', NULL, NULL, 0.000, 1, NULL, NULL),
(3053, 3, 'خلص', 'Khals', NULL, NULL, 0.000, 1, NULL, NULL),
(3054, 3, 'خيبر', 'Khaybar', NULL, NULL, 0.000, 1, NULL, NULL),
(3055, 3, 'خيف حسين', 'Khayf Husayn', NULL, NULL, 0.000, 1, NULL, NULL),
(3056, 3, 'دبدبة فضلاء', 'Dibdibbat Fudala', NULL, NULL, 0.000, 1, NULL, NULL),
(3057, 3, 'دثير', 'Dithir', NULL, NULL, 0.000, 1, NULL, NULL),
(3058, 3, 'دريبس', 'Diraybis', NULL, NULL, 0.000, 1, NULL, NULL),
(3059, 3, 'دمان', 'Duman', NULL, NULL, 0.000, 1, NULL, NULL),
(3060, 3, 'دوينه', 'Duwayyinah', NULL, NULL, 0.000, 1, NULL, NULL),
(3061, 3, 'ذارة', 'Dharah', NULL, NULL, 0.000, 1, NULL, NULL),
(3062, 3, 'راين', 'Rayin', NULL, NULL, 0.000, 1, NULL, NULL),
(3063, 3, 'رحبة علوش', 'Rahbat \'allush', NULL, NULL, 0.000, 1, NULL, NULL),
(3064, 3, 'رحقان', 'Rahqan', NULL, NULL, 0.000, 1, NULL, NULL),
(3065, 3, 'رحيب', 'Ruhayb', NULL, NULL, 0.000, 1, NULL, NULL),
(3066, 3, 'رواوة', 'Ruwawah', NULL, NULL, 0.000, 1, NULL, NULL),
(3067, 3, 'سفاء', 'Safa', NULL, NULL, 0.000, 1, NULL, NULL),
(3068, 3, 'سليلة جهينة', 'Salilat Juhaynah', NULL, NULL, 0.000, 1, NULL, NULL),
(3069, 3, 'شجوى', 'Shajwa', NULL, NULL, 0.000, 1, NULL, NULL),
(3070, 3, 'شلال', 'Shalal', NULL, NULL, 0.000, 1, NULL, NULL),
(3071, 3, 'صبحا', 'Sabha', NULL, NULL, 0.000, 1, NULL, NULL),
(3072, 3, 'صبحا الجحفه', 'Sabha Al Jahfah', NULL, NULL, 0.000, 1, NULL, NULL),
(3073, 3, 'صخيبرة', 'Sukhaybirah', NULL, NULL, 0.000, 1, NULL, NULL),
(3074, 3, 'صدر', 'Sadr', NULL, NULL, 0.000, 1, NULL, NULL),
(3075, 3, 'صفينة', 'Sufaynah', NULL, NULL, 0.000, 1, NULL, NULL),
(3076, 3, 'ضاعا', 'Da\'a', NULL, NULL, 0.000, 1, NULL, NULL),
(3077, 3, 'ضفيان', 'Dufyan', NULL, NULL, 0.000, 1, NULL, NULL),
(3078, 3, 'ضويل', 'Duwail', NULL, NULL, 0.000, 1, NULL, NULL),
(3079, 3, 'طلال', 'Talal', NULL, NULL, 0.000, 1, NULL, NULL),
(3080, 3, 'عاصر', 'Asir', NULL, NULL, 0.000, 1, NULL, NULL),
(3081, 3, 'عدن', 'adan', NULL, NULL, 0.000, 1, NULL, NULL),
(3082, 3, 'عرجاء', 'Arja\'', NULL, NULL, 0.000, 1, NULL, NULL),
(3083, 3, 'عردة', 'ardah', NULL, NULL, 0.000, 1, NULL, NULL),
(3084, 3, 'عرقوص', 'Arqus', NULL, NULL, 0.000, 1, NULL, NULL),
(3085, 3, 'عضاد', 'adad', NULL, NULL, 0.000, 1, NULL, NULL),
(3086, 3, 'عورش', 'Awarsh', NULL, NULL, 0.000, 1, NULL, NULL),
(3087, 3, 'غراب', 'Ghurab', NULL, NULL, 0.000, 1, NULL, NULL),
(3088, 7, 'مقنا', 'Maqna', NULL, NULL, 0.000, 1, NULL, NULL),
(3089, 3, 'غضن علياء', 'Ghadn Aliya', NULL, NULL, 0.000, 1, NULL, NULL),
(3090, 3, 'غمرة', 'Ghamrah', NULL, NULL, 0.000, 1, NULL, NULL),
(3091, 3, 'قران', 'Qaran', NULL, NULL, 0.000, 1, NULL, NULL),
(3092, 3, 'قرظة', 'Qurudhah', NULL, NULL, 0.000, 1, NULL, NULL),
(3093, 3, 'قريضة', 'Quraydah', NULL, NULL, 0.000, 1, NULL, NULL),
(3094, 3, 'قصيب ابو سيال', 'Qusayb Abu Siyal', NULL, NULL, 0.000, 1, NULL, NULL),
(3095, 3, 'قصيباء', 'Qusayba', NULL, NULL, 0.000, 1, NULL, NULL),
(3096, 3, 'قصيرة', 'Qusayrah', NULL, NULL, 0.000, 1, NULL, NULL),
(3097, 3, 'قلبان عشرة', 'Qulban \'isharah', NULL, NULL, 0.000, 1, NULL, NULL),
(3098, 3, 'كتيدة', 'Kitaydah', NULL, NULL, 0.000, 1, NULL, NULL),
(3099, 3, 'كتيفة مصادر', 'Kutayfat Masadir', NULL, NULL, 0.000, 1, NULL, NULL),
(3100, 3, 'متان العريقة', 'Mitan Al \'urayqah', NULL, NULL, 0.000, 1, NULL, NULL),
(3101, 3, 'مثعر', 'Math\'ar', NULL, NULL, 0.000, 1, NULL, NULL),
(3102, 3, 'مدائن الصالح', 'Madain As Salih', NULL, NULL, 0.000, 1, NULL, NULL),
(3103, 3, 'مرتجة', 'Murattijah', NULL, NULL, 0.000, 1, NULL, NULL),
(3104, 3, 'مرموماء', 'Marmuma', NULL, NULL, 0.000, 1, NULL, NULL),
(3105, 3, 'مريخة', 'Muraykhah', NULL, NULL, 0.000, 1, NULL, NULL),
(3106, 3, 'مريغان', 'Murayghan', NULL, NULL, 0.000, 1, NULL, NULL),
(3107, 3, 'مشرفة', 'Mushrifah', NULL, NULL, 0.000, 1, NULL, NULL),
(3108, 3, 'مشوقة', 'Mashuqah', NULL, NULL, 0.000, 1, NULL, NULL),
(3109, 4, 'مظيفر', 'Mudhayfir', NULL, NULL, 0.000, 1, NULL, NULL),
(3110, 4, 'مظيفيرة', 'Mudhayfirah', NULL, NULL, 0.000, 1, NULL, NULL),
(3111, 4, 'عيدة', 'idah', NULL, NULL, 0.000, 1, NULL, NULL),
(3112, 4, 'الرفائع', 'Ar Rafai\'', NULL, NULL, 0.000, 1, NULL, NULL),
(3113, 4, 'صميعر', 'Sumayir', NULL, NULL, 0.000, 1, NULL, NULL),
(3114, 1, 'فيضة سلام', 'Faydat Salam', NULL, NULL, 0.000, 1, NULL, NULL),
(3115, 4, 'طفيلة', 'Tufaylah', NULL, NULL, 0.000, 1, NULL, NULL),
(3116, 4, 'حليوة', 'Hulaywah', NULL, NULL, 0.000, 1, NULL, NULL),
(3117, 4, 'هرمول', 'Hurmul', NULL, NULL, 0.000, 1, NULL, NULL),
(3118, 1, 'روضة عسعس', 'Rawdat \'as\'as', NULL, NULL, 0.000, 1, NULL, NULL),
(3119, 4, 'مشرف', 'Mushrif', NULL, NULL, 0.000, 1, NULL, NULL),
(3120, 4, 'بدائع هويشلة', 'Badai\' Huwayshilah', NULL, NULL, 0.000, 1, NULL, NULL),
(3121, 1, 'الكفية', 'Al Kuffiyah', NULL, NULL, 0.000, 1, NULL, NULL),
(3122, 4, 'بقيعاء الجنوبية', 'Buqay\'a Al Janubiyah', NULL, NULL, 0.000, 1, NULL, NULL),
(3123, 4, 'الرفايع النجج', 'Ar Rufayi\' Al Najh', NULL, NULL, 0.000, 1, NULL, NULL),
(3124, 4, 'الظاهرية', 'Adh Dhahiriyah', NULL, NULL, 0.000, 1, NULL, NULL),
(3125, 4, 'مشرفة', 'Mushrifah', NULL, NULL, 0.000, 1, NULL, NULL),
(3126, 4, 'العقلة', 'Al \'uqlah', NULL, NULL, 0.000, 1, NULL, NULL),
(3127, 4, 'القاعية', 'Al Qa\'iyah', NULL, NULL, 0.000, 1, NULL, NULL),
(3128, 1, 'الضبعية', 'Ad Dubay\'ah', NULL, NULL, 0.000, 1, NULL, NULL),
(3129, 4, 'بدائع الضبعية', 'Badai Ad Dib\'iyah', NULL, NULL, 0.000, 1, NULL, NULL),
(3130, 4, 'جفرة الجديدة', 'Jafrat Al Jadidah', NULL, NULL, 0.000, 1, NULL, NULL),
(3131, 4, 'جفرة', 'Jafrah', NULL, NULL, 0.000, 1, NULL, NULL),
(3132, 4, 'الحمادة', 'Al Hamadah', NULL, NULL, 0.000, 1, NULL, NULL),
(3133, 4, 'مشرفة عمودان', 'Mushrifah Amudan', NULL, NULL, 0.000, 1, NULL, NULL),
(3134, 4, 'نجخ الجنوبي', 'Najkh Al Janubi', NULL, NULL, 0.000, 1, NULL, NULL),
(3135, 4, 'نجخ الشمالي', 'Najkh Al Shamali', NULL, NULL, 0.000, 1, NULL, NULL),
(3136, 4, 'القويعية', 'Al Quway\'iyah', NULL, NULL, 0.000, 1, NULL, NULL),
(3137, 4, 'صعينين', 'Su\'aynin', NULL, NULL, 0.000, 1, NULL, NULL),
(3138, 4, 'ليم', 'Laym', NULL, NULL, 0.000, 1, NULL, NULL),
(3139, 4, 'السليسية', 'As Sulaysiyah', NULL, NULL, 0.000, 1, NULL, NULL),
(3141, 4, 'ضرية', 'Dariyah', NULL, NULL, 0.000, 1, NULL, NULL),
(3142, 4, 'الصمعورية', 'As Sum\'uriyah', NULL, NULL, 0.000, 1, NULL, NULL),
(3143, 4, 'سلام', 'Salam', NULL, NULL, 0.000, 1, NULL, NULL),
(3144, 4, 'العاقر', 'Al \'aqir', NULL, NULL, 0.000, 1, NULL, NULL),
(3145, 4, 'بدائع ريمان', 'Badai\' Riman', NULL, NULL, 0.000, 1, NULL, NULL),
(3146, 4, 'بدائع الضبطان', 'Badai\' Ad Dubtan', NULL, NULL, 0.000, 1, NULL, NULL),
(3147, 4, 'البعجاء', 'Al Ba\'ja', NULL, NULL, 0.000, 1, NULL, NULL),
(3148, 1, 'الحريق', 'Al Hariq', NULL, NULL, 0.000, 1, NULL, NULL),
(3149, 1, 'نعام', 'Na\'am', NULL, NULL, 0.000, 1, NULL, NULL),
(3150, 1, 'حوطة الحلوة', 'Hawtat Al Hilwah', NULL, NULL, 0.000, 1, NULL, NULL),
(3151, 1, 'حوطة بني تميم', 'Hawtat Bani Tamim', NULL, NULL, 0.000, 1, NULL, NULL),
(3152, 1, 'اسفل الباطن', 'Asfal Al Batin', NULL, NULL, 0.000, 1, NULL, NULL),
(3153, 1, 'الفرعة', 'Al Far\'ah', NULL, NULL, 0.000, 1, NULL, NULL),
(3154, 1, 'المثعب', 'Al Mith\'ab', NULL, NULL, 0.000, 1, NULL, NULL),
(3155, 1, 'الحلوة', 'Al Hilwah', NULL, NULL, 0.000, 1, NULL, NULL),
(3156, 1, 'الحيطان', 'Al Haytan', NULL, NULL, 0.000, 1, NULL, NULL),
(3157, 1, 'وادي البرك', 'Wadi Al Bark', NULL, NULL, 0.000, 1, NULL, NULL),
(3158, 1, 'الشكرة', 'Ash Shukrah', NULL, NULL, 0.000, 1, NULL, NULL),
(3159, 1, 'الفيصلية', 'Al Faysaliyah', NULL, NULL, 0.000, 1, NULL, NULL),
(3160, 1, 'النايفية', 'An Naifiyah', NULL, NULL, 0.000, 1, NULL, NULL),
(3161, 1, 'القطين', 'Al Qatin', NULL, NULL, 0.000, 1, NULL, NULL),
(3162, 1, 'الخرفة', 'Al Kharfah', NULL, NULL, 0.000, 1, NULL, NULL),
(3163, 1, 'الروضة', 'Ar Rawdah', NULL, NULL, 0.000, 1, NULL, NULL),
(3164, 1, 'ليلى', 'Layla', NULL, NULL, 0.000, 1, NULL, NULL),
(3165, 1, 'سويدانا', 'Swidana', NULL, NULL, 0.000, 1, NULL, NULL),
(3166, 1, 'مروان', 'Marwan', NULL, NULL, 0.000, 1, NULL, NULL),
(3167, 1, 'واسط', 'Wasit', NULL, NULL, 0.000, 1, NULL, NULL),
(3168, 1, 'الحمر', 'Al Hamr', NULL, NULL, 0.000, 1, NULL, NULL),
(3169, 1, 'البديع الجنوبى', 'Al Badi\' Al Janubi', NULL, NULL, 0.000, 1, NULL, NULL),
(3170, 1, 'البديع الشمالي', 'Al Badi\' Ash Shamali', NULL, NULL, 0.000, 1, NULL, NULL),
(3171, 1, 'الهدار', 'Al Haddar', NULL, NULL, 0.000, 1, NULL, NULL),
(3172, 1, 'ساقي الناهض', 'Saqi An Nahid', NULL, NULL, 0.000, 1, NULL, NULL),
(3173, 1, 'الغيل', 'Al Ghayl', NULL, NULL, 0.000, 1, NULL, NULL),
(3174, 1, 'ستارة', 'Sitarah', NULL, NULL, 0.000, 1, NULL, NULL),
(3175, 1, 'حراضة', 'Haradah', NULL, NULL, 0.000, 1, NULL, NULL),
(3176, 2, 'سوق ذرى', 'Suq Dhara', NULL, NULL, 0.000, 1, NULL, NULL),
(3177, 2, 'سوق ترعا', 'Suq Tara\'a', NULL, NULL, 0.000, 1, NULL, NULL),
(3178, 2, 'صور بن شكوان', 'Sur Bin Shakwan', NULL, NULL, 0.000, 1, NULL, NULL),
(3179, 2, 'ثلوث عمارة', 'Thuluth \'imarah', NULL, NULL, 0.000, 1, NULL, NULL),
(3180, 2, 'ثمالة', 'Thumalah', NULL, NULL, 0.000, 1, NULL, NULL),
(3181, 2, 'ثريبان', 'Thurayban', NULL, NULL, 0.000, 1, NULL, NULL),
(3182, 2, 'ثول', 'Thuwal', NULL, NULL, 0.000, 1, NULL, NULL),
(3183, 2, 'ترعة', 'Tir\'ah', NULL, NULL, 0.000, 1, NULL, NULL),
(3184, 2, 'تربة الخيالة', 'Turabat Al Khiyalah', NULL, NULL, 0.000, 1, NULL, NULL),
(3185, 2, 'تربه', 'Turbah', NULL, NULL, 0.000, 1, NULL, NULL),
(3186, 2, 'أم الدوم', 'Umm Ad Dawm', NULL, NULL, 0.000, 1, NULL, NULL),
(3187, 2, 'ام العرمط', 'Umm Al \'urmut', NULL, NULL, 0.000, 1, NULL, NULL),
(3188, 2, 'ام البكار', 'Umm Al Bikar', NULL, NULL, 0.000, 1, NULL, NULL),
(3189, 2, 'ام الفروغ', 'Umm Al Furugh', NULL, NULL, 0.000, 1, NULL, NULL),
(3190, 2, 'ام الحصن', 'Umm Al Hisn', NULL, NULL, 0.000, 1, NULL, NULL),
(3191, 12, 'بالحكم', 'Balhakam', NULL, NULL, 0.000, 1, NULL, NULL),
(3192, 12, 'بالخزمر', 'Bal Khazmar', NULL, NULL, 0.000, 1, NULL, NULL),
(3193, 12, 'بالشهم', 'Bal Shaham', NULL, NULL, 0.000, 1, NULL, NULL),
(3194, 12, 'برحرح', 'Barahrah', NULL, NULL, 0.000, 1, NULL, NULL),
(3195, 12, 'بلجرشي', 'Biljurashi', NULL, NULL, 0.000, 1, NULL, NULL),
(3196, 12, 'بلعلاء', 'Bal\'ala', NULL, NULL, 0.000, 1, NULL, NULL),
(3197, 12, 'بني جرة', 'Bani Jarrah', NULL, NULL, 0.000, 1, NULL, NULL),
(3198, 12, 'بني حسن', 'Bani Hasan', NULL, NULL, 0.000, 1, NULL, NULL),
(3199, 12, 'بني سار', 'Bani Sar', NULL, NULL, 0.000, 1, NULL, NULL),
(3200, 12, 'بني ظبيان', 'Bani Dhabyan', NULL, NULL, 0.000, 1, NULL, NULL),
(3201, 12, 'بني فروة', 'Bani Farwah', NULL, NULL, 0.000, 1, NULL, NULL),
(3202, 12, 'بني كبير', 'Bani Kabir', NULL, NULL, 0.000, 1, NULL, NULL),
(3203, 12, 'بيدة', 'Baydah', NULL, NULL, 0.000, 1, NULL, NULL),
(3204, 12, 'بيضان', 'Baydan', NULL, NULL, 0.000, 1, NULL, NULL),
(3205, 12, 'جبر', 'Jabr', NULL, NULL, 0.000, 1, NULL, NULL),
(3206, 12, 'جرب', 'Jarab', NULL, NULL, 0.000, 1, NULL, NULL),
(3207, 12, 'حظوة', 'Hadhwah', NULL, NULL, 0.000, 1, NULL, NULL),
(3208, 12, 'حوالة', 'Hawalah', NULL, NULL, 0.000, 1, NULL, NULL),
(3209, 12, 'خدعة', 'Khid\'ah', NULL, NULL, 0.000, 1, NULL, NULL),
(3210, 12, 'خيرة', 'Khirah', NULL, NULL, 0.000, 1, NULL, NULL),
(3211, 12, 'دارالسوق', 'Dar As Suq', NULL, NULL, 0.000, 1, NULL, NULL),
(3212, 12, 'دوس', 'Daws', NULL, NULL, 0.000, 1, NULL, NULL),
(3213, 12, 'رغدان', 'Raghdan', NULL, NULL, 0.000, 1, NULL, NULL),
(3214, 12, 'سبيحة العليا', 'Sabihah Al \'ulya', NULL, NULL, 0.000, 1, NULL, NULL),
(3215, 12, 'سيحان', 'Sayhan', NULL, NULL, 0.000, 1, NULL, NULL),
(3216, 2, 'ام الجرم', 'Umm Al Jurm', NULL, NULL, 0.000, 1, NULL, NULL),
(3217, 12, 'شبرقة', 'Shibriqah', NULL, NULL, 0.000, 1, NULL, NULL),
(3218, 12, 'ظهي', 'Dhaha', NULL, NULL, 0.000, 1, NULL, NULL),
(3219, 2, 'ام الزلة', 'Umm Al Zillah', NULL, NULL, 0.000, 1, NULL, NULL),
(3220, 2, 'ام النخلة', 'Umm An Nakhlah', NULL, NULL, 0.000, 1, NULL, NULL),
(3221, 2, 'ام الراكة', 'Umm Ar Rakah', NULL, NULL, 0.000, 1, NULL, NULL),
(3222, 12, 'عمضان', 'amdan', NULL, NULL, 0.000, 1, NULL, NULL),
(3223, 12, 'غامد الزناد', 'Ghamid Az Zinad', NULL, NULL, 0.000, 1, NULL, NULL),
(3224, 12, 'فرعة العطاردة', 'Fara\'t Al \'atardah', NULL, NULL, 0.000, 1, NULL, NULL),
(3225, 12, 'قذانه', 'Al Qadhanah', NULL, NULL, 0.000, 1, NULL, NULL),
(3226, 12, 'قراما', 'Qurama', NULL, NULL, 0.000, 1, NULL, NULL),
(3227, 12, 'قرن ظبي', 'Qarn Dhabi', NULL, NULL, 0.000, 1, NULL, NULL),
(3228, 12, 'قريش الحسن', 'Quraysh Al Hasan', NULL, NULL, 0.000, 1, NULL, NULL),
(3229, 6, 'العرق', 'Al Arq', NULL, NULL, 0.000, 1, NULL, NULL),
(3230, 6, 'كعب', 'Ka\'b', NULL, NULL, 0.000, 1, NULL, NULL),
(3231, 6, 'الخاضرة', 'Al Khadirah', NULL, NULL, 0.000, 1, NULL, NULL),
(3232, 6, 'القرن الأبيض', 'Al Qarn Al Abyad', NULL, NULL, 0.000, 1, NULL, NULL),
(3233, 6, 'الدحض', 'Ad Dahid', NULL, NULL, 0.000, 1, NULL, NULL),
(3234, 6, 'الظهارة', 'Adh Dhaharah', NULL, NULL, 0.000, 1, NULL, NULL),
(3235, 6, 'مخدرة', 'Makhdarah', NULL, NULL, 0.000, 1, NULL, NULL),
(3236, 6, 'الخضراء', 'Al Khadra', NULL, NULL, 0.000, 1, NULL, NULL),
(3237, 6, 'القرية', 'Al Qurayyah', NULL, NULL, 0.000, 1, NULL, NULL),
(3238, 6, 'بني مليح', 'Bani Mulayh', NULL, NULL, 0.000, 1, NULL, NULL),
(3239, 6, 'وادي الغيل', 'Wadi Al Ghayl', NULL, NULL, 0.000, 1, NULL, NULL),
(3240, 6, 'مليح', 'Mulayh', NULL, NULL, 0.000, 1, NULL, NULL),
(3241, 6, 'ربوع السرو', 'Rubu\' As Sarw', NULL, NULL, 0.000, 1, NULL, NULL),
(3242, 6, 'آل بو خشيف', 'Al Bukhishayf', NULL, NULL, 0.000, 1, NULL, NULL),
(3243, 6, 'بهوان', 'Bahwan', NULL, NULL, 0.000, 1, NULL, NULL),
(3244, 6, 'الضاربين', 'Ad Daribayn', NULL, NULL, 0.000, 1, NULL, NULL),
(3245, 6, 'آل مخلد', 'Al Makhlad', NULL, NULL, 0.000, 1, NULL, NULL),
(3246, 6, 'آل عباس', 'Al \'abbas', NULL, NULL, 0.000, 1, NULL, NULL),
(3247, 6, 'آل مضرة', 'Al Midrah', NULL, NULL, 0.000, 1, NULL, NULL),
(3248, 6, 'غاشرة', 'Ghashirah', NULL, NULL, 0.000, 1, NULL, NULL),
(3249, 6, 'ذبوب', 'Dhabub', NULL, NULL, 0.000, 1, NULL, NULL),
(3250, 6, 'مجالد', 'Mijalid', NULL, NULL, 0.000, 1, NULL, NULL),
(3251, 6, 'آل سخيطة', 'Al Sakhaytah', NULL, NULL, 0.000, 1, NULL, NULL),
(3252, 6, 'عبالة', 'aballah', NULL, NULL, 0.000, 1, NULL, NULL),
(3253, 6, 'آل عبيد', 'Al \'ubayd', NULL, NULL, 0.000, 1, NULL, NULL),
(3254, 6, 'آل مشاعر', 'Al Misha\'ir', NULL, NULL, 0.000, 1, NULL, NULL),
(3255, 6, 'مسفرة', 'Misfirah', NULL, NULL, 0.000, 1, NULL, NULL),
(3256, 6, 'آل فرش', 'Al Farsh', NULL, NULL, 0.000, 1, NULL, NULL),
(3257, 6, 'الحفاة', 'Al Hufah', NULL, NULL, 0.000, 1, NULL, NULL),
(3258, 6, 'الصرة', 'As Surrah', NULL, NULL, 0.000, 1, NULL, NULL),
(3259, 6, 'حوراء', 'Hawra', NULL, NULL, 0.000, 1, NULL, NULL),
(3260, 6, 'القرن', 'Al Qarn', NULL, NULL, 0.000, 1, NULL, NULL),
(3261, 6, 'كبدة', 'Kubadah', NULL, NULL, 0.000, 1, NULL, NULL),
(3262, 6, 'العينين', 'Al \'aynayn', NULL, NULL, 0.000, 1, NULL, NULL),
(3263, 6, 'تنومة', 'Tanumah', NULL, NULL, 0.000, 1, NULL, NULL),
(3264, 6, 'الواديين', 'Al Wadiyayn', NULL, NULL, 0.000, 1, NULL, NULL),
(3265, 6, 'بللسمر', 'Billasmar', NULL, NULL, 0.000, 1, NULL, NULL),
(3266, 6, 'آل لجم', 'Al Lajam', NULL, NULL, 0.000, 1, NULL, NULL),
(3267, 6, 'الاثنين', 'Al Ithnayn', NULL, NULL, 0.000, 1, NULL, NULL),
(3268, 6, 'آل غلفق', 'Al Ghalfaq', NULL, NULL, 0.000, 1, NULL, NULL),
(3269, 6, 'سحيبان', 'Suhayban', NULL, NULL, 0.000, 1, NULL, NULL),
(3270, 6, 'العمارة', 'Al \'ammarah', NULL, NULL, 0.000, 1, NULL, NULL),
(3271, 6, 'قيان', 'Qiyan', NULL, NULL, 0.000, 1, NULL, NULL),
(3272, 6, 'الغرس', 'Al Ghars', NULL, NULL, 0.000, 1, NULL, NULL),
(3273, 6, 'الحكيمة', 'Al Hakimah', NULL, NULL, 0.000, 1, NULL, NULL),
(3274, 6, 'الرقوة', 'Ar Raqwah', NULL, NULL, 0.000, 1, NULL, NULL),
(3275, 6, 'آل الجلدة', 'Al Al Jildah', NULL, NULL, 0.000, 1, NULL, NULL),
(3276, 6, 'مشروفة', 'Mashrufah', NULL, NULL, 0.000, 1, NULL, NULL),
(3277, 6, 'لاهمة', 'Lahmah', NULL, NULL, 0.000, 1, NULL, NULL),
(3278, 6, 'آل فهيد', 'Al Fuhayd', NULL, NULL, 0.000, 1, NULL, NULL),
(3279, 6, 'الحدباء', 'Al Hadba', NULL, NULL, 0.000, 1, NULL, NULL),
(3280, 6, 'آل صنيج', 'Al Sunayj', NULL, NULL, 0.000, 1, NULL, NULL),
(3281, 6, 'آل عرفان', 'Al \'urfan', NULL, NULL, 0.000, 1, NULL, NULL),
(3282, 6, 'آل كشيم', 'Al Kushaym', NULL, NULL, 0.000, 1, NULL, NULL),
(3283, 6, 'الحذيان', 'Al Hadhyan', NULL, NULL, 0.000, 1, NULL, NULL),
(3284, 6, 'العرفان', 'Al \'urfan', NULL, NULL, 0.000, 1, NULL, NULL),
(3285, 6, 'حافظ', 'Hafidh', NULL, NULL, 0.000, 1, NULL, NULL),
(3286, 6, 'العلوبي', 'Al \'ulubi', NULL, NULL, 0.000, 1, NULL, NULL),
(3287, 6, 'الرمضة', 'Ar Rumadah', NULL, NULL, 0.000, 1, NULL, NULL),
(3288, 6, 'العرين', 'Al \'arin', NULL, NULL, 0.000, 1, NULL, NULL),
(3289, 6, 'فرعة طريب', 'Turaib', NULL, NULL, 0.000, 1, NULL, NULL),
(3290, 6, 'الزهرة', 'Az Zahrah', NULL, NULL, 0.000, 1, NULL, NULL),
(3291, 6, 'آل معدي', 'Al Ma\'addi', NULL, NULL, 0.000, 1, NULL, NULL),
(3292, 6, 'الغلقة', 'Al Ghiliqah', NULL, NULL, 0.000, 1, NULL, NULL),
(3293, 6, 'الجلدة', 'Al Jildah', NULL, NULL, 0.000, 1, NULL, NULL),
(3294, 6, 'آل قنبة', 'Al Qunbah', NULL, NULL, 0.000, 1, NULL, NULL),
(3295, 6, 'الربعة', 'Ar Riba\'ah', NULL, NULL, 0.000, 1, NULL, NULL),
(3296, 6, 'الوهابة', 'Al Wahabah', NULL, NULL, 0.000, 1, NULL, NULL),
(3297, 6, 'آل سعيدة', 'Al Sa\'idah', NULL, NULL, 0.000, 1, NULL, NULL),
(3298, 6, 'آل كولت', 'Al Kulat', NULL, NULL, 0.000, 1, NULL, NULL),
(3299, 6, 'آل جلال', 'Al Jallal', NULL, NULL, 0.000, 1, NULL, NULL),
(3300, 6, 'آل محي', 'Al Mihi', NULL, NULL, 0.000, 1, NULL, NULL),
(3301, 6, 'الحدباء', 'Al Hadba', NULL, NULL, 0.000, 1, NULL, NULL),
(3302, 6, 'الحنجور', 'Al Hunjur', NULL, NULL, 0.000, 1, NULL, NULL),
(3303, 6, 'الحنو', 'Al Hinu', NULL, NULL, 0.000, 1, NULL, NULL),
(3304, 6, 'المنابية', 'Al Manabiyah', NULL, NULL, 0.000, 1, NULL, NULL),
(3305, 6, 'الزهيد', 'Az Zuhayd', NULL, NULL, 0.000, 1, NULL, NULL),
(3306, 6, 'المحزمة', 'Al Muhazmah', NULL, NULL, 0.000, 1, NULL, NULL),
(3307, 6, 'الدربين', 'Ad Darbayn', NULL, NULL, 0.000, 1, NULL, NULL),
(3308, 10, 'أبو العشرة', 'Abu Al \'usharah', NULL, NULL, 0.000, 1, NULL, NULL),
(3309, 6, 'عدن', 'adan', NULL, NULL, 0.000, 1, NULL, NULL),
(3310, 6, 'الغول', 'Al Ghawl', NULL, NULL, 0.000, 1, NULL, NULL),
(3311, 6, 'درامة', 'Diramah', NULL, NULL, 0.000, 1, NULL, NULL),
(3312, 6, 'آل الخلف', 'Al Al Khalaf', NULL, NULL, 0.000, 1, NULL, NULL),
(3313, 6, 'آل مانع', 'Al Mani\'', NULL, NULL, 0.000, 1, NULL, NULL),
(3314, 6, 'نقعة', 'Naq\'ah', NULL, NULL, 0.000, 1, NULL, NULL),
(3315, 6, 'آل غبران', 'Al Ghubran', NULL, NULL, 0.000, 1, NULL, NULL),
(3316, 6, 'الفقاعيس', 'Al Fuqa\'is', NULL, NULL, 0.000, 1, NULL, NULL),
(3317, 6, 'الحريقة', 'Al Hariqah', NULL, NULL, 0.000, 1, NULL, NULL),
(3318, 6, 'سراة عبيدة', 'Sarat Abidah', NULL, NULL, 0.000, 1, NULL, NULL),
(3319, 6, 'العطفة', 'Al \'utfah', NULL, NULL, 0.000, 1, NULL, NULL),
(3320, 6, 'الفرشة', 'Al Farshah', NULL, NULL, 0.000, 1, NULL, NULL),
(3321, 6, 'الربوعة', 'Ar Rabuah', NULL, NULL, 0.000, 1, NULL, NULL),
(3322, 6, 'الجوة', 'Al Jawwah', NULL, NULL, 0.000, 1, NULL, NULL),
(3323, 6, 'عرضين', 'Ardayn', NULL, NULL, 0.000, 1, NULL, NULL),
(3324, 11, 'الدواس', 'Ad Dawas', NULL, NULL, 0.000, 1, NULL, NULL),
(3325, 11, 'الظاهرة', 'Adh Dhahirah', NULL, NULL, 0.000, 1, NULL, NULL),
(3326, 11, 'العريسة', 'Al \'arayyisah', NULL, NULL, 0.000, 1, NULL, NULL),
(3327, 11, 'العضبات', 'Al \'adabat', NULL, NULL, 0.000, 1, NULL, NULL),
(3328, 11, 'الغافية', 'Al Ghafiyah', NULL, NULL, 0.000, 1, NULL, NULL),
(3329, 11, 'الفيصلية', 'Al Faysaliyah', NULL, NULL, 0.000, 1, NULL, NULL),
(3330, 11, 'المجمع', 'Al Majma\'', NULL, NULL, 0.000, 1, NULL, NULL),
(3331, 11, 'المشعلية', 'Al Mishaliyah', NULL, NULL, 0.000, 1, NULL, NULL),
(3332, 11, 'المنخلي', 'Al Minkhali', NULL, NULL, 0.000, 1, NULL, NULL),
(3333, 11, 'النقعاء', 'An Naq\'a', NULL, NULL, 0.000, 1, NULL, NULL),
(3334, 11, 'النقعاء', 'An Naq\'a', NULL, NULL, 0.000, 1, NULL, NULL),
(3335, 11, 'الهويد', 'Al Hawid', NULL, NULL, 0.000, 1, NULL, NULL),
(3336, 11, 'الهويمل', 'Al Huwaymil', NULL, NULL, 0.000, 1, NULL, NULL),
(3337, 11, 'الوديعة', 'Al Wadi\'ah', NULL, NULL, 0.000, 1, NULL, NULL),
(3338, 11, 'ام الوهط', 'Umm Al Whaht', NULL, NULL, 0.000, 1, NULL, NULL),
(3339, 11, 'بئر خباش', 'Bir Khubash', NULL, NULL, 0.000, 1, NULL, NULL),
(3340, 11, 'بئر عسكر', 'Bi\'r \'askar', NULL, NULL, 0.000, 1, NULL, NULL),
(3341, 6, 'المجمع', 'Al Majma\'', NULL, NULL, 0.000, 1, NULL, NULL),
(3342, 6, 'شيبة مسورة', 'Shaybat Miswarah', NULL, NULL, 0.000, 1, NULL, NULL),
(3343, 6, 'آل ثابت', 'Al Thabit', NULL, NULL, 0.000, 1, NULL, NULL),
(3344, 6, 'الجربة', 'Al Jirbah', NULL, NULL, 0.000, 1, NULL, NULL),
(3345, 6, 'الغيل', 'Al Ghayl', NULL, NULL, 0.000, 1, NULL, NULL),
(3346, 6, 'المجزعة', 'Al Majza\'ah', NULL, NULL, 0.000, 1, NULL, NULL),
(3347, 6, 'آل عليا', 'Al \'alya', NULL, NULL, 0.000, 1, NULL, NULL),
(3348, 6, 'آل بيضاء', 'Al Bayda', NULL, NULL, 0.000, 1, NULL, NULL),
(3349, 6, 'آل معمر', 'Al Mu\'ammar', NULL, NULL, 0.000, 1, NULL, NULL),
(3350, 6, 'الملحة', 'Al Malhah', NULL, NULL, 0.000, 1, NULL, NULL),
(3351, 6, 'الحاجر', 'Al Hajir', NULL, NULL, 0.000, 1, NULL, NULL),
(3352, 6, 'علب', 'Alb', NULL, NULL, 0.000, 1, NULL, NULL),
(3353, 6, 'الملطاء', 'Al Malta', NULL, NULL, 0.000, 1, NULL, NULL),
(3354, 6, 'الرهوة', 'Ar Rahwah', NULL, NULL, 0.000, 1, NULL, NULL),
(3355, 6, 'المجازة', 'Al Mijazah', NULL, NULL, 0.000, 1, NULL, NULL),
(3356, 6, 'بن لكرم', 'Bin Lakram', NULL, NULL, 0.000, 1, NULL, NULL),
(3357, 6, 'السلاطين', 'As Salatin', NULL, NULL, 0.000, 1, NULL, NULL),
(3358, 6, 'المحجر', 'Al Mahjar', NULL, NULL, 0.000, 1, NULL, NULL),
(3359, 6, 'الوسط', 'Al Wasat', NULL, NULL, 0.000, 1, NULL, NULL),
(3360, 6, 'العقدة', 'Al \'uqdah', NULL, NULL, 0.000, 1, NULL, NULL),
(3361, 6, 'آل الأشعث', 'Al Al Ash\'ath', NULL, NULL, 0.000, 1, NULL, NULL),
(3362, 6, 'العنثري', 'Al \'anthari', NULL, NULL, 0.000, 1, NULL, NULL),
(3363, 6, 'آل عمران', 'Al \'imran', NULL, NULL, 0.000, 1, NULL, NULL),
(3364, 6, 'آل جحالي', 'Al Jihali', NULL, NULL, 0.000, 1, NULL, NULL),
(3365, 6, 'العرف', 'Al \'araf', NULL, NULL, 0.000, 1, NULL, NULL),
(3366, 6, 'دهر', 'Dihir', NULL, NULL, 0.000, 1, NULL, NULL),
(3367, 6, 'الحظيرة', 'Al Hadhirah', NULL, NULL, 0.000, 1, NULL, NULL),
(3368, 6, 'الخضراء', 'Al Khadra', NULL, NULL, 0.000, 1, NULL, NULL),
(3369, 6, 'علاف', 'allaf', NULL, NULL, 0.000, 1, NULL, NULL),
(3370, 6, 'آل يعلى', 'Al Ya\'la', NULL, NULL, 0.000, 1, NULL, NULL),
(3371, 6, 'ظهران الجنوب', 'Dhahran Al Janub', NULL, NULL, 0.000, 1, NULL, NULL),
(3372, 6, 'الطلحة', 'At Talhah', NULL, NULL, 0.000, 1, NULL, NULL),
(3373, 6, 'الحرجة', 'Al Harajah', NULL, NULL, 0.000, 1, NULL, NULL),
(3374, 6, 'الكولة', 'Al Kulah', NULL, NULL, 0.000, 1, NULL, NULL),
(3375, 6, 'القصب', 'Al Qasab', NULL, NULL, 0.000, 1, NULL, NULL),
(3376, 6, 'حمران', 'Humran', NULL, NULL, 0.000, 1, NULL, NULL),
(3377, 6, 'آل لهوة', 'Al Lahwah', NULL, NULL, 0.000, 1, NULL, NULL),
(3378, 11, 'بدر الجنوب', 'Badr Al Janub', NULL, NULL, 0.000, 1, NULL, NULL),
(3379, 11, 'تريمة', 'Tirimah', NULL, NULL, 0.000, 1, NULL, NULL),
(3380, 11, 'ثار', 'Thar', NULL, NULL, 0.000, 1, NULL, NULL),
(3381, 11, 'حبونا', 'Hubuna', NULL, NULL, 0.000, 1, NULL, NULL),
(3382, 11, 'حزامة', 'Hazamah', NULL, NULL, 0.000, 1, NULL, NULL),
(3383, 11, 'حمراء نثيل / ابو شداد', 'Hamrah Nithil (Abu Shadad)', NULL, NULL, 0.000, 1, NULL, NULL),
(3384, 11, 'حمى', 'Hima', NULL, NULL, 0.000, 1, NULL, NULL),
(3385, 11, 'خجيم', 'Khajim', NULL, NULL, 0.000, 1, NULL, NULL),
(3386, 11, 'خد قيس', 'Khad Qays', NULL, NULL, 0.000, 1, NULL, NULL),
(3387, 11, 'دوح', 'Dawwah', NULL, NULL, 0.000, 1, NULL, NULL),
(3388, 10, 'ابوالمقره', 'Abu Al Maqrah', NULL, NULL, 0.000, 1, NULL, NULL),
(3389, 10, 'ابو الكرش', 'Abu Alkarsh', NULL, NULL, 0.000, 1, NULL, NULL),
(3390, 10, 'ابو القعايد', 'Abu Alqa\'ayid', NULL, NULL, 0.000, 1, NULL, NULL),
(3391, 10, 'ابو الطيور', 'abu Altuyur', NULL, NULL, 0.000, 1, NULL, NULL),
(3392, 10, 'أبو الرديف', 'Abu Ar Radif', NULL, NULL, 0.000, 1, NULL, NULL),
(3393, 10, 'ابو عريش', 'Abu Arish', NULL, NULL, 0.000, 1, NULL, NULL),
(3394, 10, 'ابو السداد', 'Abu As Sadad', NULL, NULL, 0.000, 1, NULL, NULL),
(3395, 10, 'ابو السلع', 'Abu As Sala\'', NULL, NULL, 0.000, 1, NULL, NULL),
(3396, 10, 'ابو دنقور', 'Abu Danqur', NULL, NULL, 0.000, 1, NULL, NULL),
(3397, 10, 'ابو حجر الأعلى', 'Abu Hajar Al A\'la', NULL, NULL, 0.000, 1, NULL, NULL),
(3398, 10, 'ابو حجر الاسفل', 'Abu Hajar Al Asfal', NULL, NULL, 0.000, 1, NULL, NULL),
(3399, 10, 'أبو طوق', 'Abu Tawq', NULL, NULL, 0.000, 1, NULL, NULL),
(3400, 10, 'الدغارير', 'Ad Dagharir', NULL, NULL, 0.000, 1, NULL, NULL),
(3401, 10, 'الدهناء', 'Ad Dahna', NULL, NULL, 0.000, 1, NULL, NULL),
(3402, 11, 'رجلاء', 'Rijla\'', NULL, NULL, 0.000, 1, NULL, NULL),
(3403, 11, 'رضية', 'Rudayyah', NULL, NULL, 0.000, 1, NULL, NULL),
(3404, 11, 'زور العقارب', 'Zur Al \'aqarib', NULL, NULL, 0.000, 1, NULL, NULL),
(3405, 11, 'شرورة', 'Sharurah', NULL, NULL, 0.000, 1, NULL, NULL),
(3406, 11, 'شقة الكناور', 'Shiqqat Al Kanawir', NULL, NULL, 0.000, 1, NULL, NULL),
(3407, 11, 'صفاه', 'Sufah', NULL, NULL, 0.000, 1, NULL, NULL),
(3408, 11, 'ظلماء', 'Dhalma', NULL, NULL, 0.000, 1, NULL, NULL),
(3409, 11, 'قابل منيف', 'Qabil Minif', NULL, NULL, 0.000, 1, NULL, NULL),
(3410, 11, 'قطان', 'Qatan', NULL, NULL, 0.000, 1, NULL, NULL),
(3411, 11, 'لاهومة', 'Lahumah', NULL, NULL, 0.000, 1, NULL, NULL),
(3412, 11, 'مركز الوجيد', 'Markaz Al Wujid', NULL, NULL, 0.000, 1, NULL, NULL),
(3413, 11, 'معمر ريمان', 'Ma\'mar Riman', NULL, NULL, 0.000, 1, NULL, NULL),
(3414, 11, 'نجران', 'Najran', NULL, NULL, 0.000, 1, NULL, NULL),
(3415, 11, 'نهوقة', 'Nahuqah', NULL, NULL, 0.000, 1, NULL, NULL),
(3416, 10, 'الدائر', 'Ad Dair', NULL, NULL, 0.000, 1, NULL, NULL),
(3417, 10, 'الدرب', 'Ad Darb', NULL, NULL, 0.000, 1, NULL, NULL),
(3418, 10, 'الدولة', 'Ad Dawlah', NULL, NULL, 0.000, 1, NULL, NULL),
(3419, 10, 'الدوشية', 'Ad Dawshiyah', NULL, NULL, 0.000, 1, NULL, NULL),
(3420, 10, 'الدخرة', 'Ad Dikarah', NULL, NULL, 0.000, 1, NULL, NULL),
(3421, 10, 'الدريعية', 'Ad Duray\'iyah', NULL, NULL, 0.000, 1, NULL, NULL),
(3422, 10, 'الظهر', 'Adh Dhahar', NULL, NULL, 0.000, 1, NULL, NULL),
(3423, 10, 'احد المسارحة', 'Ahad Al Musarihah', NULL, NULL, 0.000, 1, NULL, NULL),
(3424, 10, 'عيبان', 'aiban', NULL, NULL, 0.000, 1, NULL, NULL),
(3425, 10, 'العبادلة', 'Al \'abadilah', NULL, NULL, 0.000, 1, NULL, NULL),
(3426, 10, 'العباسية', 'Al \'abbasiyah', NULL, NULL, 0.000, 1, NULL, NULL),
(3427, 10, 'العداية', 'Al \'addayah', NULL, NULL, 0.000, 1, NULL, NULL),
(3428, 10, 'آل علي', 'Al \'ali', NULL, NULL, 0.000, 1, NULL, NULL),
(3429, 10, 'العالية', 'Al \'aliyah', NULL, NULL, 0.000, 1, NULL, NULL),
(3430, 10, 'العقم', 'Al \'aqum', NULL, NULL, 0.000, 1, NULL, NULL),
(3431, 10, 'العارضة', 'Al \'aridah', NULL, NULL, 0.000, 1, NULL, NULL),
(3432, 10, 'العريش', 'Al \'arish', NULL, NULL, 0.000, 1, NULL, NULL),
(3433, 10, 'العروس', 'Al \'arus', NULL, NULL, 0.000, 1, NULL, NULL),
(3434, 10, 'العيدابي', 'Al \'aydabi', NULL, NULL, 0.000, 1, NULL, NULL),
(3435, 10, 'العيشة', 'Al \'ayshah', NULL, NULL, 0.000, 1, NULL, NULL),
(3436, 10, 'العشوة', 'Al \'ishwah', NULL, NULL, 0.000, 1, NULL, NULL),
(3437, 10, 'العزة', 'Al \'izzah', NULL, NULL, 0.000, 1, NULL, NULL),
(3438, 10, 'العقيل', 'Al \'uqail', NULL, NULL, 0.000, 1, NULL, NULL),
(3439, 10, 'العقدة', 'Al \'uqdah', NULL, NULL, 0.000, 1, NULL, NULL),
(3440, 10, 'العقدة', 'Al \'uqdah', NULL, NULL, 0.000, 1, NULL, NULL),
(3441, 10, 'العسيلة', 'Al \'usaylah', NULL, NULL, 0.000, 1, NULL, NULL),
(3443, 10, 'العمارده', 'Al Amaridah', NULL, NULL, 0.000, 1, NULL, NULL),
(3444, 10, 'العرجين', 'Al Arjeen', NULL, NULL, 0.000, 1, NULL, NULL),
(3445, 10, 'العرق', 'Al Arq', NULL, NULL, 0.000, 1, NULL, NULL),
(3446, 10, 'الاساملة', 'Al Asamilah', NULL, NULL, 0.000, 1, NULL, NULL),
(3447, 10, 'العشة', 'Al Ashah', NULL, NULL, 0.000, 1, NULL, NULL),
(3448, 10, 'الأثلة', 'Al Athlah', NULL, NULL, 0.000, 1, NULL, NULL),
(3449, 10, 'العواجمه', 'Al Awajimah', NULL, NULL, 0.000, 1, NULL, NULL),
(3450, 10, 'البدوي', 'Al Badawi', NULL, NULL, 0.000, 1, NULL, NULL),
(3451, 10, 'البديع والقرفي', 'Al Badi\' Wal Qarafi', NULL, NULL, 0.000, 1, NULL, NULL),
(3452, 10, 'الباحر', 'Al Bahir', NULL, NULL, 0.000, 1, NULL, NULL),
(3453, 10, 'الباطنه', 'Al Batinah', NULL, NULL, 0.000, 1, NULL, NULL),
(3454, 10, 'البيسري', 'Al Baysuri', NULL, NULL, 0.000, 1, NULL, NULL),
(3455, 10, 'البحثة', 'Al Bihthah', NULL, NULL, 0.000, 1, NULL, NULL),
(3456, 10, 'الدهالية', 'Al Dahaliyyah', NULL, NULL, 0.000, 1, NULL, NULL),
(3457, 10, 'الدحيقي', 'Al Daheeqi', NULL, NULL, 0.000, 1, NULL, NULL),
(3458, 10, 'الدواحشه', 'Al Dawahishah', NULL, NULL, 0.000, 1, NULL, NULL),
(3459, 10, 'الظبرة', 'Al Dhabrah', NULL, NULL, 0.000, 1, NULL, NULL),
(3460, 10, 'الظبية', 'Al Dhabyah', NULL, NULL, 0.000, 1, NULL, NULL),
(3461, 10, 'الفقرة', 'Al Faqrah', NULL, NULL, 0.000, 1, NULL, NULL),
(3463, 10, 'الفطيحة', 'Al Fatihah', NULL, NULL, 0.000, 1, NULL, NULL),
(3464, 10, 'الفصاله والدغاريه', 'Al Fisalah Wal Dagharih', NULL, NULL, 0.000, 1, NULL, NULL),
(3465, 10, 'الفقهاء', 'Al Fuqaha', NULL, NULL, 0.000, 1, NULL, NULL),
(3466, 10, 'الغفقيه', 'Al Ghafqiyah', NULL, NULL, 0.000, 1, NULL, NULL),
(3467, 10, 'الغرا', 'Al Ghara', NULL, NULL, 0.000, 1, NULL, NULL),
(3468, 10, 'الحضن', 'Al Hadan', NULL, NULL, 0.000, 1, NULL, NULL),
(3469, 10, 'الحضرور', 'Al Hadrur', NULL, NULL, 0.000, 1, NULL, NULL),
(3470, 10, 'الحجاجة', 'Al Hajajah', NULL, NULL, 0.000, 1, NULL, NULL),
(3471, 10, 'الهجنبة', 'Al Hajanbah', NULL, NULL, 0.000, 1, NULL, NULL),
(3472, 10, 'الهجنبة', 'Al Hajanbah', NULL, NULL, 0.000, 1, NULL, NULL),
(3473, 10, 'الهجاريه', 'Al Hajariah', NULL, NULL, 0.000, 1, NULL, NULL),
(3474, 10, 'الحجروف', 'Al Hajruf', NULL, NULL, 0.000, 1, NULL, NULL),
(3475, 10, 'الحلحلة', 'Al Halhalah', NULL, NULL, 0.000, 1, NULL, NULL),
(3476, 10, 'الهلية', 'Al Halliyah', NULL, NULL, 0.000, 1, NULL, NULL),
(3477, 10, 'الحمضيه', 'Al Hamdiyah', NULL, NULL, 0.000, 1, NULL, NULL),
(3478, 10, 'الحامضة', 'Al Hamidah', NULL, NULL, 0.000, 1, NULL, NULL),
(3479, 10, 'الحنبة', 'Al Hanabah', NULL, NULL, 0.000, 1, NULL, NULL),
(3480, 10, 'الحنيني', 'Al Hanini', NULL, NULL, 0.000, 1, NULL, NULL),
(3481, 10, 'الحقلة', 'Al Haqlah', NULL, NULL, 0.000, 1, NULL, NULL),
(3482, 10, 'الحقو', 'Al Haqu', NULL, NULL, 0.000, 1, NULL, NULL),
(3483, 10, 'الحرف', 'Al Harf', NULL, NULL, 0.000, 1, NULL, NULL),
(3484, 10, 'الحريقة', 'Al Hariqah', NULL, NULL, 0.000, 1, NULL, NULL),
(3485, 10, 'الحصمة', 'Al Hasamah', NULL, NULL, 0.000, 1, NULL, NULL),
(3486, 10, 'الحشيبرية', 'Al Hashibiria', NULL, NULL, 0.000, 1, NULL, NULL),
(3487, 10, 'الحصامة', 'Al Hassamah', NULL, NULL, 0.000, 1, NULL, NULL),
(3488, 10, 'الحوامضه جحيش', 'Al Hawamidah Jahish', NULL, NULL, 0.000, 1, NULL, NULL),
(3489, 10, 'الهيجاء', 'Al Hayja', NULL, NULL, 0.000, 1, NULL, NULL),
(3490, 10, 'الحجفار', 'Al Hijfar', NULL, NULL, 0.000, 1, NULL, NULL),
(3491, 10, 'الحمي', 'Al Hima', NULL, NULL, 0.000, 1, NULL, NULL),
(3492, 10, 'الحناية', 'Al Hinnayah', NULL, NULL, 0.000, 1, NULL, NULL),
(3493, 10, 'الحواية', 'Al Hiwaya', NULL, NULL, 0.000, 1, NULL, NULL),
(3494, 10, 'الهياج', 'Al Hiyaj', NULL, NULL, 0.000, 1, NULL, NULL),
(3495, 10, 'الحميرة', 'Al Humayrah', NULL, NULL, 0.000, 1, NULL, NULL),
(3496, 10, 'الحروف', 'Al Huruf', NULL, NULL, 0.000, 1, NULL, NULL),
(3497, 10, 'الحسيني', 'Al Husayni', NULL, NULL, 0.000, 1, NULL, NULL),
(3498, 10, 'الجعدية', 'Al Ja\'diyah', NULL, NULL, 0.000, 1, NULL, NULL),
(3499, 10, 'الجابري', 'Al Jabiri', NULL, NULL, 0.000, 1, NULL, NULL),
(3500, 10, 'الجاظع', 'Al Jadhi\'', NULL, NULL, 0.000, 1, NULL, NULL),
(3501, 10, 'الجعاونه', 'Al Jaeawunah', NULL, NULL, 0.000, 1, NULL, NULL),
(3502, 10, 'الجهو', 'Al Jahw', NULL, NULL, 0.000, 1, NULL, NULL),
(3503, 10, 'الجمالة', 'Al Jammalah', NULL, NULL, 0.000, 1, NULL, NULL),
(3504, 10, 'الجاره القديمه', 'Al Jarah Al Qadiumah', NULL, NULL, 0.000, 1, NULL, NULL),
(3505, 10, 'الجديين', 'Al Jidiayn', NULL, NULL, 0.000, 1, NULL, NULL),
(3506, 10, 'الجربة', 'Al Jirbah', NULL, NULL, 0.000, 1, NULL, NULL),
(3507, 10, 'الجروف', 'Al Joroof', NULL, NULL, 0.000, 1, NULL, NULL),
(3508, 10, 'الجرادية', 'Al Juradiyah', NULL, NULL, 0.000, 1, NULL, NULL),
(3509, 10, 'الكدارة', 'Al Kadarah', NULL, NULL, 0.000, 1, NULL, NULL),
(3511, 10, 'الكربوص', 'Al Karbus', NULL, NULL, 0.000, 1, NULL, NULL),
(3512, 10, 'الكوابسة', 'Al Kawabisar', NULL, NULL, 0.000, 1, NULL, NULL),
(3513, 10, 'الخضراء', 'Al Khadra', NULL, NULL, 0.000, 1, NULL, NULL),
(3514, 10, 'الخضراء الشمالية', 'Al Khadra Ash Shamaliyah', NULL, NULL, 0.000, 1, NULL, NULL),
(3515, 10, 'الخلايف', 'Al Khalayif', NULL, NULL, 0.000, 1, NULL, NULL),
(3516, 10, 'الخلفة', 'Al Khalfah', NULL, NULL, 0.000, 1, NULL, NULL),
(3517, 10, 'الخارش', 'Al Kharish', NULL, NULL, 0.000, 1, NULL, NULL),
(3518, 10, 'الخصاوية', 'Al Khasawiyah', NULL, NULL, 0.000, 1, NULL, NULL),
(3519, 10, 'الخشابية', 'Al Khashabiyah', NULL, NULL, 0.000, 1, NULL, NULL),
(3520, 10, 'الخشعة', 'Al Khashah', NULL, NULL, 0.000, 1, NULL, NULL),
(3521, 10, 'الخشل', 'Al Khashal', NULL, NULL, 0.000, 1, NULL, NULL),
(3522, 10, 'الخواجيه', 'Al Khawajih', NULL, NULL, 0.000, 1, NULL, NULL),
(3523, 10, 'الخواره', 'Al Khawarah', NULL, NULL, 0.000, 1, NULL, NULL),
(3524, 10, 'الخوجرة', 'Al Khawjarah', NULL, NULL, 0.000, 1, NULL, NULL),
(3525, 10, 'الخضيرة', 'Al Khudayrah', NULL, NULL, 0.000, 1, NULL, NULL),
(3526, 10, 'الخمس', 'Al Khums', NULL, NULL, 0.000, 1, NULL, NULL),
(3527, 10, 'الخطوة', 'Al Khutwah', NULL, NULL, 0.000, 1, NULL, NULL),
(3528, 10, 'الخزنة', 'Al Khuznah', NULL, NULL, 0.000, 1, NULL, NULL),
(3529, 10, 'الكدمي', 'Al Kudmi', NULL, NULL, 0.000, 1, NULL, NULL),
(3530, 10, 'الكروس', 'Al Kurus', NULL, NULL, 0.000, 1, NULL, NULL),
(3531, 10, 'الكتيفة', 'Al Kutayfah', NULL, NULL, 0.000, 1, NULL, NULL),
(3532, 10, 'اللخبصية', 'Al Lakhabsia', NULL, NULL, 0.000, 1, NULL, NULL),
(3533, 10, 'اللقية', 'Al Laqyah', NULL, NULL, 0.000, 1, NULL, NULL),
(3534, 10, 'المعبوج', 'Al Ma\'buj', NULL, NULL, 0.000, 1, NULL, NULL),
(3535, 10, 'المعاشية', 'Al Maashiyyah', NULL, NULL, 0.000, 1, NULL, NULL),
(3536, 10, 'المضاية', 'Al Madayah', NULL, NULL, 0.000, 1, NULL, NULL),
(3537, 10, 'المدرك', 'Al Madrak', NULL, NULL, 0.000, 1, NULL, NULL),
(3538, 10, 'المحامل', 'Al Mahamil', NULL, NULL, 0.000, 1, NULL, NULL),
(3539, 10, 'المحاصيه', 'Al Mahasih', NULL, NULL, 0.000, 1, NULL, NULL),
(3540, 10, 'المحطة', 'Al Mahattah', NULL, NULL, 0.000, 1, NULL, NULL),
(3541, 10, 'المحازره', 'Al Mahazirah', NULL, NULL, 0.000, 1, NULL, NULL),
(3542, 10, 'الملحاة', 'Al Malha', NULL, NULL, 0.000, 1, NULL, NULL),
(3543, 10, 'المقرقم', 'Al Maqarqam', NULL, NULL, 0.000, 1, NULL, NULL),
(3544, 10, 'المروة', 'Al Marwah', NULL, NULL, 0.000, 1, NULL, NULL),
(3545, 10, 'المرزوق', 'Al Marzuq', NULL, NULL, 0.000, 1, NULL, NULL),
(3546, 10, 'المسكية', 'Al Maskiyah', NULL, NULL, 0.000, 1, NULL, NULL),
(3547, 10, 'المطعن', 'Al Mat\'an', NULL, NULL, 0.000, 1, NULL, NULL),
(3548, 10, 'المواسة', 'Al Mawasah', NULL, NULL, 0.000, 1, NULL, NULL),
(3549, 10, 'المعزاب', 'Al Mi\'zab', NULL, NULL, 0.000, 1, NULL, NULL),
(3550, 10, 'المهدف', 'Al Mihdaf', NULL, NULL, 0.000, 1, NULL, NULL),
(3551, 11, 'هدادة', 'Hadadah', NULL, NULL, 0.000, 1, NULL, NULL),
(3552, 10, 'المجنة', 'Al Mijannah', NULL, NULL, 0.000, 1, NULL, NULL),
(3553, 10, 'المجازيع', 'Al Mijazi', NULL, NULL, 0.000, 1, NULL, NULL),
(3554, 10, 'المنجارة', 'Al Minjarah', NULL, NULL, 0.000, 1, NULL, NULL),
(3555, 10, 'المنجارة', 'Al Minjarah', NULL, NULL, 0.000, 1, NULL, NULL),
(3556, 10, 'المعترض', 'Al Mu\'tarid', NULL, NULL, 0.000, 1, NULL, NULL),
(3557, 10, 'المبيت', 'Al Mubayyat', NULL, NULL, 0.000, 1, NULL, NULL),
(3558, 10, 'المحرق', 'Al Muharq', NULL, NULL, 0.000, 1, NULL, NULL),
(3559, 10, 'المحصام', 'Al Muhsam', NULL, NULL, 0.000, 1, NULL, NULL),
(3560, 10, 'المجامة', 'Al Mujammah', NULL, NULL, 0.000, 1, NULL, NULL),
(3561, 3, 'مغيراء', 'Mughayra\'', NULL, NULL, 0.000, 1, NULL, NULL),
(3562, 3, 'مفرحات', 'Mufarrihat', NULL, NULL, 0.000, 1, NULL, NULL),
(3563, 7, 'مليح', 'Mulayh', NULL, NULL, 0.000, 1, NULL, NULL),
(3564, 5, 'مدينة الملك خالد العسكرية', 'King Khalid Military City', NULL, NULL, 0.000, 1, NULL, NULL),
(3565, 5, 'مركز الخيران', 'Markaz Al Khiran', NULL, NULL, 0.000, 1, NULL, NULL),
(3566, 10, 'المخشلية', 'Al Mukhashshaliyah', NULL, NULL, 0.000, 1, NULL, NULL),
(3567, 10, 'المقيدر', 'Al Muqaydir', NULL, NULL, 0.000, 1, NULL, NULL),
(3568, 10, 'الموسم', 'Al Muwassam', NULL, NULL, 0.000, 1, NULL, NULL),
(3569, 10, 'النعامية', 'Al Naeamia', NULL, NULL, 0.000, 1, NULL, NULL),
(3571, 10, 'النجابه و الجحاجح', 'Al Nijabah Wal Jahajih', NULL, NULL, 0.000, 1, NULL, NULL),
(3572, 10, 'القاع', 'Al Qa\'', NULL, NULL, 0.000, 1, NULL, NULL),
(3573, 10, 'القاع', 'Al Qa\'', NULL, NULL, 0.000, 1, NULL, NULL),
(3574, 10, 'القعقاع', 'Al Qa\'qa\'', NULL, NULL, 0.000, 1, NULL, NULL),
(3575, 10, 'القحمة', 'Al Qahmah', NULL, NULL, 0.000, 1, NULL, NULL),
(3576, 10, 'القائم', 'Al Qaim', NULL, NULL, 0.000, 1, NULL, NULL),
(3577, 10, 'القمري', 'Al Qamri', NULL, NULL, 0.000, 1, NULL, NULL),
(3578, 10, 'القصبة', 'Al Qasabah', NULL, NULL, 0.000, 1, NULL, NULL),
(3579, 10, 'القصاده', 'Al Qasadah', NULL, NULL, 0.000, 1, NULL, NULL),
(3580, 5, 'مركز الشيبة', 'Markaz Ash Shaybah', NULL, NULL, 0.000, 1, NULL, NULL),
(3581, 10, 'القتب', 'Al Qatab', NULL, NULL, 0.000, 1, NULL, NULL),
(3582, 10, 'القواعة', 'Al Qawaea', NULL, NULL, 0.000, 1, NULL, NULL),
(3583, 10, 'القصار', 'Al Qsar', NULL, NULL, 0.000, 1, NULL, NULL),
(3584, 10, 'القفل', 'Al Qufl', NULL, NULL, 0.000, 1, NULL, NULL),
(3585, 10, 'القوام', 'Al Quwam', NULL, NULL, 0.000, 1, NULL, NULL),
(3586, 10, 'الرافعي', 'Al Rafie', NULL, NULL, 0.000, 1, NULL, NULL),
(3587, 10, 'السبخة', 'Al Sabakhah', NULL, NULL, 0.000, 1, NULL, NULL),
(3588, 10, 'الصامخ', 'Al Samikh', NULL, NULL, 0.000, 1, NULL, NULL),
(3589, 10, 'السروريه', 'Al Saruriyah', NULL, NULL, 0.000, 1, NULL, NULL),
(3590, 10, 'السوالمه', 'Al Sawalimah', NULL, NULL, 0.000, 1, NULL, NULL),
(3591, 10, 'الشاخر', 'Al Shaakhir', NULL, NULL, 0.000, 1, NULL, NULL),
(3592, 10, 'الشابطه', 'Al Shabitah', NULL, NULL, 0.000, 1, NULL, NULL),
(3593, 10, 'الشعافه', 'Al Shaeafah', NULL, NULL, 0.000, 1, NULL, NULL),
(3594, 10, 'الشمه', 'Al Shamuh', NULL, NULL, 0.000, 1, NULL, NULL),
(3595, 10, 'الشنامرة', 'Al Shanamirah', NULL, NULL, 0.000, 1, NULL, NULL),
(3596, 7, 'نابع داما', 'Nabi\' Dama', NULL, NULL, 0.000, 1, NULL, NULL),
(3597, 10, 'الشواهية', 'Al Shawahiyah', NULL, NULL, 0.000, 1, NULL, NULL),
(3598, 10, 'الشواجرة والجرابية', 'Al Shawajirat Wal Jarabiyah', NULL, NULL, 0.000, 1, NULL, NULL),
(3599, 10, 'الشعاره', 'Al Shiarah', NULL, NULL, 0.000, 1, NULL, NULL),
(3600, 10, 'الشقافه والمصاوفة', 'Al Shiqafah Wal Musawafa', NULL, NULL, 0.000, 1, NULL, NULL),
(3601, 10, 'السويدية', 'Al Suwaydiyah', NULL, NULL, 0.000, 1, NULL, NULL),
(3602, 10, 'الوحلة', 'Al Wahlah', NULL, NULL, 0.000, 1, NULL, NULL),
(3603, 10, 'الواصلي', 'Al Wasili', NULL, NULL, 0.000, 1, NULL, NULL),
(3604, 10, 'الواسط', 'Al Wasit', NULL, NULL, 0.000, 1, NULL, NULL),
(3605, 10, 'اليمانية', 'Al Yamaniyah', NULL, NULL, 0.000, 1, NULL, NULL),
(3606, 10, 'الزقله', 'Al Zaqlah', NULL, NULL, 0.000, 1, NULL, NULL),
(3607, 10, 'الزيني', 'Al Zayni', NULL, NULL, 0.000, 1, NULL, NULL),
(3608, 10, 'الزينيه', 'Al Ziniyah', NULL, NULL, 0.000, 1, NULL, NULL),
(3609, 10, 'البطيح', 'Albatih', NULL, NULL, 0.000, 1, NULL, NULL),
(3610, 10, 'العبده', 'Aleabduh', NULL, NULL, 0.000, 1, NULL, NULL),
(3611, 10, 'العرضه', 'Alearduh', NULL, NULL, 0.000, 1, NULL, NULL),
(3612, 10, 'العكرة', 'Alekarah', NULL, NULL, 0.000, 1, NULL, NULL),
(3613, 10, 'الهدوى', 'Alhadwaa', NULL, NULL, 0.000, 1, NULL, NULL),
(3614, 10, 'الحجرين', 'Alhajarayn', NULL, NULL, 0.000, 1, NULL, NULL),
(3615, 10, 'الحقاويه', 'Alhaqawih', NULL, NULL, 0.000, 1, NULL, NULL),
(3616, 10, 'الكومه', 'Alkawmuh', NULL, NULL, 0.000, 1, NULL, NULL),
(3617, 10, 'الخوالده', 'Alkhawaliduh', NULL, NULL, 0.000, 1, NULL, NULL),
(3618, 10, 'المجديره', 'Almajdiruh', NULL, NULL, 0.000, 1, NULL, NULL),
(3619, 10, 'الرجيع', 'Alrajie', NULL, NULL, 0.000, 1, NULL, NULL),
(3620, 10, 'الصنيف', 'Alsanif', NULL, NULL, 0.000, 1, NULL, NULL),
(3621, 10, 'الشقيري', 'Alshuqayri', NULL, NULL, 0.000, 1, NULL, NULL),
(3622, 10, 'السداده', 'Alsidaduh', NULL, NULL, 0.000, 1, NULL, NULL),
(3623, 10, 'الطراشه', 'Alt Arashah', NULL, NULL, 0.000, 1, NULL, NULL),
(3624, 10, 'الزيديه', 'Alzaydiuh', NULL, NULL, 0.000, 1, NULL, NULL),
(3625, 10, 'النفيعة', 'An Nafi\'ah', NULL, NULL, 0.000, 1, NULL, NULL),
(3626, 10, 'النجامية', 'An Nujamiyah', NULL, NULL, 0.000, 1, NULL, NULL),
(3627, 10, 'عنطوطة', 'Antutah', NULL, NULL, 0.000, 1, NULL, NULL),
(3628, 10, 'الرد', 'Ar Radd', NULL, NULL, 0.000, 1, NULL, NULL),
(3629, 10, 'الراحة', 'Ar Rahah', NULL, NULL, 0.000, 1, NULL, NULL),
(3630, 10, 'الرهوة', 'Ar Rahwah', NULL, NULL, 0.000, 1, NULL, NULL),
(3631, 10, 'الرايغة', 'Ar Rayighah', NULL, NULL, 0.000, 1, NULL, NULL),
(3632, 10, 'الريث', 'Ar Rayth', NULL, NULL, 0.000, 1, NULL, NULL),
(3633, 10, 'الريان', 'Ar Rayyan', NULL, NULL, 0.000, 1, NULL, NULL),
(3634, 10, 'الركبة', 'Ar Rukbah', NULL, NULL, 0.000, 1, NULL, NULL),
(3635, 10, 'الركوبة', 'Ar Rukubah', NULL, NULL, 0.000, 1, NULL, NULL),
(3637, 10, 'السادلية', 'As Sadiliyah', NULL, NULL, 0.000, 1, NULL, NULL),
(3638, 10, 'السحار', 'As Sahhar', NULL, NULL, 0.000, 1, NULL, NULL),
(3639, 10, 'السهي', 'As Sahi', NULL, NULL, 0.000, 1, NULL, NULL),
(3640, 10, 'السلام العليا', 'As Salam Al \'ulya', NULL, NULL, 0.000, 1, NULL, NULL),
(3641, 10, 'السلامة', 'As Salamah', NULL, NULL, 0.000, 1, NULL, NULL),
(3642, 10, 'السودي', 'As Sawadi', NULL, NULL, 0.000, 1, NULL, NULL),
(3643, 10, 'الصيابة', 'As Sayyabah', NULL, NULL, 0.000, 1, NULL, NULL),
(3644, 10, 'السرداح', 'As Sirdah', NULL, NULL, 0.000, 1, NULL, NULL),
(3645, 10, 'السر', 'As Sirr', NULL, NULL, 0.000, 1, NULL, NULL),
(3646, 10, 'السر', 'As Sirr', NULL, NULL, 0.000, 1, NULL, NULL),
(3647, 10, 'الصبخاية', 'As Subkhayah', NULL, NULL, 0.000, 1, NULL, NULL),
(3648, 2, 'ام السلم', 'Umm As Salam', NULL, NULL, 0.000, 1, NULL, NULL),
(3649, 10, 'السداد', 'As Sudad', NULL, NULL, 0.000, 1, NULL, NULL),
(3650, 10, 'السهية', 'As Suhayyah', NULL, NULL, 0.000, 1, NULL, NULL),
(3651, 10, 'السليل', 'As Sulayyil', NULL, NULL, 0.000, 1, NULL, NULL),
(3652, 10, 'السيبة', 'As Syabah', NULL, NULL, 0.000, 1, NULL, NULL),
(3653, 5, 'مركز الظهرة', 'Markaz Adh Dhahrah', NULL, NULL, 0.000, 1, NULL, NULL),
(3654, 1, 'البرزة', 'Al Barzah', NULL, NULL, 0.000, 1, NULL, NULL),
(3655, 1, 'أم سدرة', 'Umm Sidrah', NULL, NULL, 0.000, 1, NULL, NULL),
(3656, 1, 'مشذوبة', 'Mashdhubah', NULL, NULL, 0.000, 1, NULL, NULL),
(3657, 1, 'المفيجر', 'Al Mufaijir', NULL, NULL, 0.000, 1, NULL, NULL),
(3658, 6, 'وادي الحياة', 'Wadi Al Hayat', NULL, NULL, 0.000, 1, NULL, NULL),
(3659, 5, 'مركز العليمة', 'Markaz Al \'ulayyimah', NULL, NULL, 0.000, 1, NULL, NULL),
(3660, 6, 'تندحة', 'Tendaha', NULL, NULL, 0.000, 1, NULL, NULL),
(3661, 9, 'السليمانية', 'As Sulaimaniyah', NULL, NULL, 0.000, 1, NULL, NULL),
(3662, 6, 'الواديين', 'Al Wadiyayn', NULL, NULL, 0.000, 1, NULL, NULL),
(3663, 6, 'الفيض', 'Al Fayd', NULL, NULL, 0.000, 1, NULL, NULL),
(3664, 6, 'ختبة', 'Khatbah', NULL, NULL, 0.000, 1, NULL, NULL),
(3665, 1, 'مشرفة', 'Mushrifah', NULL, NULL, 0.000, 1, NULL, NULL),
(3666, 2, 'أم الشوك', 'Umm Ash Shawk', NULL, NULL, 0.000, 1, NULL, NULL),
(3667, 8, 'عقدة', 'iqdah', NULL, NULL, 0.000, 1, NULL, NULL),
(3668, 5, 'مركز العوجاء', 'Markaz Al \'awja', NULL, NULL, 0.000, 1, NULL, NULL),
(3669, 6, 'حسوة', 'Hiswah', NULL, NULL, 0.000, 1, NULL, NULL),
(3670, 6, 'الفرعين', 'Al Faraain', NULL, NULL, 0.000, 1, NULL, NULL),
(3671, 6, 'بللحمر', 'Billahmar', NULL, NULL, 0.000, 1, NULL, NULL),
(3672, 6, 'بحر ابو سكينة', 'Bahr Abu Sukaynah', NULL, NULL, 0.000, 1, NULL, NULL),
(3673, 1, 'العمق', 'Al Umaq', NULL, NULL, 0.000, 1, NULL, NULL),
(3674, 6, 'يعرى', 'Yaara', NULL, NULL, 0.000, 1, NULL, NULL),
(3675, 6, 'العيش', 'Al Aysh', NULL, NULL, 0.000, 1, NULL, NULL),
(3676, 7, 'نعمي', 'Na\'mi', NULL, NULL, 0.000, 1, NULL, NULL),
(3677, 7, 'هداج', 'Haddaj', NULL, NULL, 0.000, 1, NULL, NULL),
(3678, 3, 'ملح', 'Malah', NULL, NULL, 0.000, 1, NULL, NULL),
(3679, 6, 'المسقي', 'Al Masqi', NULL, NULL, 0.000, 1, NULL, NULL),
(3680, 1, 'الصفوية', 'As Safwiyah', NULL, NULL, 0.000, 1, NULL, NULL),
(3681, 10, 'الشعاقة', 'Ash Sha\'aqah', NULL, NULL, 0.000, 1, NULL, NULL),
(3682, 5, 'مركز سماح الجديد', 'Markaz Samah Al Jadid', NULL, NULL, 0.000, 1, NULL, NULL),
(3683, 13, 'عين الحواسي', 'ayn Al Hawasi', NULL, NULL, 0.000, 1, NULL, NULL),
(3684, 5, 'مريطبة', 'Muraytibah', NULL, NULL, 0.000, 1, NULL, NULL),
(3685, 3, 'مليحة', 'Mulayhah', NULL, NULL, 0.000, 1, NULL, NULL),
(3686, 8, 'عقلة ابن كليب', 'Uqlat Ibn Kulayb', NULL, NULL, 0.000, 1, NULL, NULL),
(3687, 8, 'عقلة اللبن', 'Uqlat Al Laban', NULL, NULL, 0.000, 1, NULL, NULL),
(3688, 8, 'عقلة المخروق', 'Uqlat Al Makhruq', NULL, NULL, 0.000, 1, NULL, NULL),
(3689, 7, 'وادي ابو طينة', 'Wadi Abu Tinah', NULL, NULL, 0.000, 1, NULL, NULL),
(3690, 11, 'يدمة', 'Yadamah', NULL, NULL, 0.000, 1, NULL, NULL),
(3691, 8, 'عقلة بن جبرين', 'Uqlat Bin Jabrin', NULL, NULL, 0.000, 1, NULL, NULL),
(3692, 6, 'آل رحمة', 'Al Rahmah', NULL, NULL, 0.000, 1, NULL, NULL),
(3693, 2, 'ام حبيتر', 'Umm Hubaytir', NULL, NULL, 0.000, 1, NULL, NULL),
(3694, 1, 'الوسيطاء', 'Al Wusayta', NULL, NULL, 0.000, 1, NULL, NULL),
(3695, 1, 'العزيزيه', 'Al Aziziyah', NULL, NULL, 0.000, 1, NULL, NULL),
(3697, 1, 'الحبابيه', 'Al Hababiyah', NULL, NULL, 0.000, 1, NULL, NULL),
(3698, 1, 'السدريه', 'As Sadryah', NULL, NULL, 0.000, 1, NULL, NULL),
(3699, 1, 'الهويديه', 'Al Huwaydyah', NULL, NULL, 0.000, 1, NULL, NULL),
(3700, 1, 'العناديه', 'Al Enadyah', NULL, NULL, 0.000, 1, NULL, NULL),
(3701, 1, 'نعام', 'Na\'am', NULL, NULL, 0.000, 1, NULL, NULL),
(3702, 1, 'ابو سدر', 'Abu Sidr', NULL, NULL, 0.000, 1, NULL, NULL),
(3703, 1, 'مشرفة الكراشمه', 'Mushrifah Al Krashmah', NULL, NULL, 0.000, 1, NULL, NULL);
INSERT INTO `cities` (`id`, `region_id`, `title_ar`, `title_en`, `lat`, `long`, `delivery_cost`, `status`, `created_at`, `updated_at`) VALUES
(3704, 1, 'السر', 'As Sirr', NULL, NULL, 0.000, 1, NULL, NULL),
(3705, 1, 'الحيد', 'Al Hayd', NULL, NULL, 0.000, 1, NULL, NULL),
(3706, 1, 'الراجحية', 'Al Rajhiyah', NULL, NULL, 0.000, 1, NULL, NULL),
(3707, 1, 'السيح', 'As Seeh', NULL, NULL, 0.000, 1, NULL, NULL),
(3708, 1, 'الصالحية', 'As Salhiyah', NULL, NULL, 0.000, 1, NULL, NULL),
(3709, 1, 'الجنوبية بسدير', 'Southern Sudair', NULL, NULL, 0.000, 1, NULL, NULL),
(3710, 1, 'الوسيطا', 'Al Wasita', NULL, NULL, 0.000, 1, NULL, NULL),
(3711, 1, 'الجلة الجنوبي', 'Jellah Al Janubi', NULL, NULL, 0.000, 1, NULL, NULL),
(3712, 1, 'دهو', 'Daho', NULL, NULL, 0.000, 1, NULL, NULL),
(3713, 1, 'السلام', 'As Salam', NULL, NULL, 0.000, 1, NULL, NULL),
(3714, 1, 'قمران', 'Qamran', NULL, NULL, 0.000, 1, NULL, NULL),
(3715, 1, 'ام سليم', 'Umm Sulaim', NULL, NULL, 0.000, 1, NULL, NULL),
(3716, 1, 'صيحة', 'Sayha', NULL, NULL, 0.000, 1, NULL, NULL),
(3717, 1, 'بلثقاء', 'Balthaqa', NULL, NULL, 0.000, 1, NULL, NULL),
(3718, 1, 'ام شيح', 'Umm Sheih', NULL, NULL, 0.000, 1, NULL, NULL),
(3719, 1, 'الحيانية', 'Al Hayaniyah', NULL, NULL, 0.000, 1, NULL, NULL),
(3720, 1, 'صالحية كف', 'Salhiyat Kaf', NULL, NULL, 0.000, 1, NULL, NULL),
(3721, 1, 'المصيفقيه', 'Al Musayfiqih', NULL, NULL, 0.000, 1, NULL, NULL),
(3722, 1, 'الناصفة', 'An Nasifah', NULL, NULL, 0.000, 1, NULL, NULL),
(3723, 1, 'الباينيه', 'Al Baynih', NULL, NULL, 0.000, 1, NULL, NULL),
(3724, 1, 'الروضة', 'Ar Rawdah', NULL, NULL, 0.000, 1, NULL, NULL),
(3725, 1, 'النزهة', 'An Nuzhah', NULL, NULL, 0.000, 1, NULL, NULL),
(3726, 1, 'الجامعية', 'Al Jamieyah', NULL, NULL, 0.000, 1, NULL, NULL),
(3727, 1, 'رفايع المزينى', 'Ruf\'ai\' Al Muzaini', NULL, NULL, 0.000, 1, NULL, NULL),
(3728, 1, 'دارة المردمة', 'Darat Al Mardamah', NULL, NULL, 0.000, 1, NULL, NULL),
(3729, 1, 'الجافورة', 'Al Jaforah', NULL, NULL, 0.000, 1, NULL, NULL),
(3730, 1, 'الحفيرة', 'Al Hufayrah', NULL, NULL, 0.000, 1, NULL, NULL),
(3731, 1, 'القرينه', 'Al Qurainah', NULL, NULL, 0.000, 1, NULL, NULL),
(3732, 1, 'غيانه وحرقان', 'Ghianah Wahurqan', NULL, NULL, 0.000, 1, NULL, NULL),
(3733, 1, 'العبدليه', 'Al Abdaliyah', NULL, NULL, 0.000, 1, NULL, NULL),
(3734, 2, 'أم راكة', 'Umm Rakah', NULL, NULL, 0.000, 1, NULL, NULL),
(3735, 2, 'عنيكر', 'unaykir', NULL, NULL, 0.000, 1, NULL, NULL),
(3736, 2, 'عشيرة', 'ushayrah', NULL, NULL, 0.000, 1, NULL, NULL),
(3737, 2, 'عشيرة الجديدة', 'ushayrah Al Jadidah', NULL, NULL, 0.000, 1, NULL, NULL),
(3738, 2, 'عوية', 'uwayyah', NULL, NULL, 0.000, 1, NULL, NULL),
(3739, 2, 'عوية', 'uwayyah', NULL, NULL, 0.000, 1, NULL, NULL),
(3740, 2, 'عيون حارة', 'Uyun Harrah', NULL, NULL, 0.000, 1, NULL, NULL),
(3741, 2, 'وطيلح', 'Witaylih', NULL, NULL, 0.000, 1, NULL, NULL),
(3742, 2, 'وساعد', 'Wusa\'ad', NULL, NULL, 0.000, 1, NULL, NULL),
(3743, 2, 'زعفران', 'Za\'faran', NULL, NULL, 0.000, 1, NULL, NULL),
(3744, 2, 'زلاقة', 'Zallaqah', NULL, NULL, 0.000, 1, NULL, NULL),
(3745, 2, 'زنقاحة', 'Zinqahah', NULL, NULL, 0.000, 1, NULL, NULL),
(3746, 2, 'زبيدة', 'Zubaidah', NULL, NULL, 0.000, 1, NULL, NULL),
(3747, 2, 'زبيد', 'Zubayd', NULL, NULL, 0.000, 1, NULL, NULL),
(3748, 3, 'مهد الذهب', 'Mahd Adh Dhahab', NULL, NULL, 0.000, 1, NULL, NULL),
(3749, 3, 'نبط', 'Nabt', NULL, NULL, 0.000, 1, NULL, NULL),
(3750, 3, 'ندياء', 'Nadya', NULL, NULL, 0.000, 1, NULL, NULL),
(3751, 3, 'نعامين', 'Na\'amin', NULL, NULL, 0.000, 1, NULL, NULL),
(3752, 3, 'هبا', 'Haba', NULL, NULL, 0.000, 1, NULL, NULL),
(3753, 3, 'هدبان', 'Hadban', NULL, NULL, 0.000, 1, NULL, NULL),
(3754, 3, 'هدية', 'Hadiyah', NULL, NULL, 0.000, 1, NULL, NULL),
(3755, 3, 'هرمة', 'Hurumah', NULL, NULL, 0.000, 1, NULL, NULL),
(3756, 3, 'وجمة', 'Wajmah', NULL, NULL, 0.000, 1, NULL, NULL),
(3757, 3, 'ينبع', 'Yanbu', NULL, NULL, 0.000, 1, NULL, NULL),
(3758, 3, 'ينبع الصناعية', 'Yanbu Al Sinaiyah', NULL, NULL, 0.000, 1, NULL, NULL),
(3759, 3, 'ينبع النخل', 'Yanbu An Nakhil', NULL, NULL, 0.000, 1, NULL, NULL),
(3760, 4, 'الجديدات', 'Al Jadidat', NULL, NULL, 0.000, 1, NULL, NULL),
(3761, 4, 'الحجره', 'Al Hiijrah', NULL, NULL, 0.000, 1, NULL, NULL),
(3762, 4, 'حريفيات درعه', 'Harifiyat Dareih', NULL, NULL, 0.000, 1, NULL, NULL),
(3763, 4, 'عين ابن فهيد', 'ayn Ibn Fuhayd', NULL, NULL, 0.000, 1, NULL, NULL),
(3764, 4, 'تلعة رشيد', 'Tal\'ah Rashid', NULL, NULL, 0.000, 1, NULL, NULL),
(3765, 4, 'كفت', 'Kofat', NULL, NULL, 0.000, 1, NULL, NULL),
(3766, 4, 'النويصفة', 'Al Nuwaisifah', NULL, NULL, 0.000, 1, NULL, NULL),
(3767, 4, 'الصحاف', 'As Sahaf', NULL, NULL, 0.000, 1, NULL, NULL),
(3768, 4, 'مطربة', 'Mutribah', NULL, NULL, 0.000, 1, NULL, NULL),
(3769, 4, 'الاخيضر', 'Al Ukhaydir', NULL, NULL, 0.000, 1, NULL, NULL),
(3770, 4, 'فيضة السلمات', 'Faydat Al Salmat', NULL, NULL, 0.000, 1, NULL, NULL),
(3771, 4, 'الخريشاء', 'Al Khuraysha', NULL, NULL, 0.000, 1, NULL, NULL),
(3772, 4, 'العازمية', 'Al \'azimiyah', NULL, NULL, 0.000, 1, NULL, NULL),
(3773, 4, 'ابو قليبات', 'Abu Qaleebat', NULL, NULL, 0.000, 1, NULL, NULL),
(3774, 4, 'الجحفة', 'Al Juhfah', NULL, NULL, 0.000, 1, NULL, NULL),
(3775, 4, 'الديرية', 'Ad Dirirah', NULL, NULL, 0.000, 1, NULL, NULL),
(3776, 4, 'اباالحياص', 'Aba Al Hayas', NULL, NULL, 0.000, 1, NULL, NULL),
(3777, 4, 'ابو طرفاء', 'Abu Tarfa', NULL, NULL, 0.000, 1, NULL, NULL),
(3778, 4, 'مطربة', 'Mutribah', NULL, NULL, 0.000, 1, NULL, NULL),
(3779, 4, 'أم المحاش', 'Umm Al Mahash', NULL, NULL, 0.000, 1, NULL, NULL),
(3780, 4, 'أم مكرية', 'Umm Makriyah', NULL, NULL, 0.000, 1, NULL, NULL),
(3781, 4, 'الصلبيه', 'Al Salbiyah', NULL, NULL, 0.000, 1, NULL, NULL),
(3783, 4, 'شقران الحاجر', 'Ash Shuqran Al Hajr', NULL, NULL, 0.000, 1, NULL, NULL),
(3784, 4, 'الفايزية', 'Al Fayziyah', NULL, NULL, 0.000, 1, NULL, NULL),
(3785, 4, 'فيضة الريشية', 'Faydat Al Resheyah', NULL, NULL, 0.000, 1, NULL, NULL),
(3786, 5, 'معرج السوبان', 'Ma’Raj Al Suban', NULL, NULL, 0.000, 1, NULL, NULL),
(3787, 5, 'مغطي', 'Mughati', NULL, NULL, 0.000, 1, NULL, NULL),
(3788, 5, 'مليجة', 'Mulayjah', NULL, NULL, 0.000, 1, NULL, NULL),
(3789, 5, 'مليحة', 'Mulayhah', NULL, NULL, 0.000, 1, NULL, NULL),
(3790, 5, 'مناخ', 'Manakh', NULL, NULL, 0.000, 1, NULL, NULL),
(3791, 5, 'منيفة', 'Munifah', NULL, NULL, 0.000, 1, NULL, NULL),
(3792, 5, 'نباك', 'Nibak', NULL, NULL, 0.000, 1, NULL, NULL),
(3793, 5, 'نطاع', 'Nita\'', NULL, NULL, 0.000, 1, NULL, NULL),
(3794, 5, 'نعلة شدقم', 'Na\'lat Shadqam', NULL, NULL, 0.000, 1, NULL, NULL),
(3795, 5, 'هجرة أولاد حثلين', 'Hijrat Awlad Hithlin', NULL, NULL, 0.000, 1, NULL, NULL),
(3796, 5, 'هجرة الطويلة', 'Hijrat At Tawilah', NULL, NULL, 0.000, 1, NULL, NULL),
(3797, 5, 'هجرة شهيل', 'Hijrat Shuhayl', NULL, NULL, 0.000, 1, NULL, NULL),
(3798, 5, 'هجرة فضيلة', 'Hijrat Fudailah', NULL, NULL, 0.000, 1, NULL, NULL),
(3799, 5, 'هدباء', 'Hadba\'', NULL, NULL, 0.000, 1, NULL, NULL),
(3800, 5, 'يبرين', 'Yabrin / Jabrin', NULL, NULL, 0.000, 1, NULL, NULL),
(3801, 5, 'يكرب', 'Yakrub', NULL, NULL, 0.000, 1, NULL, NULL),
(3802, 6, 'عين بن مصافح', 'ayn Bin Musafih', NULL, NULL, 0.000, 1, NULL, NULL),
(3803, 6, 'مندرمربة', 'Mandir Marabah', NULL, NULL, 0.000, 1, NULL, NULL),
(3804, 6, 'مصاولي', 'Masawly', NULL, NULL, 0.000, 1, NULL, NULL),
(3805, 6, 'روضة بن نورة', 'Rawdat Bin Nourah', NULL, NULL, 0.000, 1, NULL, NULL),
(3806, 6, 'مخطط ال شبوه', 'Al Shabwah Subdivision', NULL, NULL, 0.000, 1, NULL, NULL),
(3807, 6, 'الشقيريه', 'Al Shuqayriyah', NULL, NULL, 0.000, 1, NULL, NULL),
(3808, 6, 'المصبح', 'Al Musbah', NULL, NULL, 0.000, 1, NULL, NULL),
(3809, 6, 'ترقش', 'Turqesh', NULL, NULL, 0.000, 1, NULL, NULL),
(3810, 6, 'قرن هادي', 'Qarn Hadi', NULL, NULL, 0.000, 1, NULL, NULL),
(3811, 6, 'المليحة', 'Al Milayhah', NULL, NULL, 0.000, 1, NULL, NULL),
(3812, 6, 'زهرة بني بشر', 'Zahrah Bani Bishr', NULL, NULL, 0.000, 1, NULL, NULL),
(3813, 6, 'آل قبره والقوزيه', 'Al Qibrah Al Quoziyah', NULL, NULL, 0.000, 1, NULL, NULL),
(3814, 6, 'العقيق', 'Al Aqiq', NULL, NULL, 0.000, 1, NULL, NULL),
(3815, 6, 'آل خجيم', 'Al Khujaim', NULL, NULL, 0.000, 1, NULL, NULL),
(3816, 6, 'غوافل', 'Ghavafil', NULL, NULL, 0.000, 1, NULL, NULL),
(3817, 8, 'عقلة بن داني', 'Uqlat Ibn Dani', NULL, NULL, 0.000, 1, NULL, NULL),
(3818, 8, 'عقيلة اللبن', 'Uqaylat Al Laban', NULL, NULL, 0.000, 1, NULL, NULL),
(3819, 8, 'عمائر المرير', 'Ama\'ir Al Murayr', NULL, NULL, 0.000, 1, NULL, NULL),
(3820, 8, 'عيال عبيد', 'Eyal Obeid', NULL, NULL, 0.000, 1, NULL, NULL),
(3821, 8, 'غرمول العويد', 'Ghurmul Al Uwayd', NULL, NULL, 0.000, 1, NULL, NULL),
(3822, 8, 'غسل', 'Ghisil', NULL, NULL, 0.000, 1, NULL, NULL),
(3823, 8, 'غمرة', 'Ghamrah', NULL, NULL, 0.000, 1, NULL, NULL),
(3824, 8, 'فرتاج', 'Firtaj', NULL, NULL, 0.000, 1, NULL, NULL),
(3825, 13, 'غطي', 'Ghutayy', NULL, NULL, 0.000, 1, NULL, NULL),
(3826, 8, 'فيد', 'Fayd', NULL, NULL, 0.000, 1, NULL, NULL),
(3827, 8, 'فيضة اثقب', 'Faydat Athqab', NULL, NULL, 0.000, 1, NULL, NULL),
(3828, 8, 'فيضة السمار', 'Faydat As Sammar', NULL, NULL, 0.000, 1, NULL, NULL),
(3829, 8, 'فيضة المسعار', 'Faydat Al Masa\'r', NULL, NULL, 0.000, 1, NULL, NULL),
(3830, 8, 'فيضة بن سويلم', 'Faydat Ibn Suwaylim', NULL, NULL, 0.000, 1, NULL, NULL),
(3831, 8, 'قاع حجلا', 'Qa\' Hajla', NULL, NULL, 0.000, 1, NULL, NULL),
(3832, 8, 'قرية البطين', 'Qaryat Al Butain', NULL, NULL, 0.000, 1, NULL, NULL),
(3833, 8, 'قرية عشيرة', 'Qaryat \'ishayrah', NULL, NULL, 0.000, 1, NULL, NULL),
(3834, 8, 'قصر العشروات', 'Qasr Al Ishruwat', NULL, NULL, 0.000, 1, NULL, NULL),
(3835, 8, 'قصيباء', 'Qusayba', NULL, NULL, 0.000, 1, NULL, NULL),
(3836, 8, 'قصير متروك', 'Qusayr Matruk', NULL, NULL, 0.000, 1, NULL, NULL),
(3837, 8, 'قصيريات', 'Qusayriyat', NULL, NULL, 0.000, 1, NULL, NULL),
(3838, 8, 'قفار', 'Qufar', NULL, NULL, 0.000, 1, NULL, NULL),
(3839, 8, 'قليب الاطرم', 'Qalib Al Atram', NULL, NULL, 0.000, 1, NULL, NULL),
(3840, 8, 'قناء', 'Qina\'', NULL, NULL, 0.000, 1, NULL, NULL),
(3841, 8, 'كتيفة', 'Kutaifah', NULL, NULL, 0.000, 1, NULL, NULL),
(3842, 8, 'كمب الضلوع', 'Kamp Ad Dulu\'', NULL, NULL, 0.000, 1, NULL, NULL),
(3843, 8, 'لبدة', 'Libdah', NULL, NULL, 0.000, 1, NULL, NULL),
(3844, 8, 'مبرز', 'Mubaraz', NULL, NULL, 0.000, 1, NULL, NULL),
(3845, 8, 'مبرز', 'Mubaraz', NULL, NULL, 0.000, 1, NULL, NULL),
(3846, 8, 'مران', 'Marran', NULL, NULL, 0.000, 1, NULL, NULL),
(3847, 8, 'مرحب الشمالي', 'Marhab Ash Shamali', NULL, NULL, 0.000, 1, NULL, NULL),
(3848, 8, 'مرغان', 'Marghan', NULL, NULL, 0.000, 1, NULL, NULL),
(3849, 8, 'مرموثة العلم', 'Marmuthat Al \'alam', NULL, NULL, 0.000, 1, NULL, NULL),
(3850, 8, 'مريفق', 'Murayfiq', NULL, NULL, 0.000, 1, NULL, NULL),
(3851, 8, 'مزارع الدوية', 'Mazari\' Ad Dawayyah', NULL, NULL, 0.000, 1, NULL, NULL),
(3852, 8, 'مزارع الرخيصية', 'Mazari\' Ar Rikhaysiyah', NULL, NULL, 0.000, 1, NULL, NULL),
(3853, 8, 'مزارع الرغلية', 'Mazari Ar Righliyah', NULL, NULL, 0.000, 1, NULL, NULL),
(3854, 8, 'مزارع السحل', 'Mazari\' As Sihhal', NULL, NULL, 0.000, 1, NULL, NULL),
(3855, 8, 'مزارع الصفيا', 'Mazari\' As Safya', NULL, NULL, 0.000, 1, NULL, NULL),
(3856, 8, 'مزارع بيط', 'Mazari\' Bayt', NULL, NULL, 0.000, 1, NULL, NULL),
(3857, 8, 'مزارع تخاييل', 'Mazari Takhayil', NULL, NULL, 0.000, 1, NULL, NULL),
(3858, 8, 'مشاش ابن جازي', 'Mashash Ibn Jazi', NULL, NULL, 0.000, 1, NULL, NULL),
(3859, 8, 'مصدة', 'Masadah', NULL, NULL, 0.000, 1, NULL, NULL),
(3860, 8, 'مغيضة', 'Mughaydah', NULL, NULL, 0.000, 1, NULL, NULL),
(3861, 8, 'ملحاء', 'Malha', NULL, NULL, 0.000, 1, NULL, NULL),
(3862, 8, 'منشار', 'Minshar', NULL, NULL, 0.000, 1, NULL, NULL),
(3863, 8, 'منيفة القاعد', 'Munifah Al Qa\'id', NULL, NULL, 0.000, 1, NULL, NULL),
(3864, 8, 'موقق', 'Mawqaq', NULL, NULL, 0.000, 1, NULL, NULL),
(3865, 8, 'نخلة', 'Nakhlah', NULL, NULL, 0.000, 1, NULL, NULL),
(3866, 8, 'وتدة', 'Wutidah', NULL, NULL, 0.000, 1, NULL, NULL),
(3867, 8, 'وسعة الرس', 'Wasat Al Rass', NULL, NULL, 0.000, 1, NULL, NULL),
(3868, 8, 'وسيط', 'Wusayt', NULL, NULL, 0.000, 1, NULL, NULL),
(3869, 9, 'الشاظي مناحي بن بكر', 'Al Shadhi Manahi Ibn Bakr', NULL, NULL, 0.000, 1, NULL, NULL),
(3870, 9, 'الديدب', 'Al Didab', NULL, NULL, 0.000, 1, NULL, NULL),
(3871, 9, 'ابن عائش', 'Ibn Aesh', NULL, NULL, 0.000, 1, NULL, NULL),
(3872, 10, 'الشملاة', 'Ash Shamlah', NULL, NULL, 0.000, 1, NULL, NULL),
(3873, 10, 'الشقيق', 'Ash Shaqiq', NULL, NULL, 0.000, 1, NULL, NULL),
(3874, 10, 'الشريعة', 'Ash Shari\'ah', NULL, NULL, 0.000, 1, NULL, NULL),
(3875, 10, 'الشواجرة', 'Ash Shawajirah', NULL, NULL, 0.000, 1, NULL, NULL),
(3876, 10, 'الشعفوليه', 'Ash Shuafuliyah', NULL, NULL, 0.000, 1, NULL, NULL),
(3877, 10, 'الشطيفية', 'Ash Shutayfiyah', NULL, NULL, 0.000, 1, NULL, NULL),
(3878, 10, 'الطاهرية', 'At Tahiriyah', NULL, NULL, 0.000, 1, NULL, NULL),
(3879, 10, 'الطرف', 'At Taraf', NULL, NULL, 0.000, 1, NULL, NULL),
(3880, 10, 'الطوال', 'At Tuwal', NULL, NULL, 0.000, 1, NULL, NULL),
(3881, 10, 'عثوان', 'athwan', NULL, NULL, 0.000, 1, NULL, NULL),
(3882, 10, 'الزهبين', 'Az Zahabayn', NULL, NULL, 0.000, 1, NULL, NULL),
(3883, 10, 'بحرة', 'Bahrah', NULL, NULL, 0.000, 1, NULL, NULL),
(3884, 10, 'بخشة', 'Bakhshah', NULL, NULL, 0.000, 1, NULL, NULL),
(3885, 10, 'بيش', 'Bish', NULL, NULL, 0.000, 1, NULL, NULL),
(3886, 10, 'ضمد', 'Damad', NULL, NULL, 0.000, 1, NULL, NULL),
(3887, 10, 'ديحمة', 'Dayhamah', NULL, NULL, 0.000, 1, NULL, NULL),
(3888, 10, 'ظاهرة الصفا', 'Dhahirat As Safa', NULL, NULL, 0.000, 1, NULL, NULL),
(3889, 10, 'دودة', 'Dudah', NULL, NULL, 0.000, 1, NULL, NULL),
(3890, 10, 'دحيقة', 'Duhayqah', NULL, NULL, 0.000, 1, NULL, NULL),
(3891, 10, 'عوانه', 'Eawanah', NULL, NULL, 0.000, 1, NULL, NULL),
(3892, 10, 'فلس', 'Falas', NULL, NULL, 0.000, 1, NULL, NULL),
(3893, 10, 'فرسان', 'Farasan', NULL, NULL, 0.000, 1, NULL, NULL),
(3894, 10, 'فيفاء', 'Fayfa', NULL, NULL, 0.000, 1, NULL, NULL),
(3895, 10, 'غوان', 'Ghawwan', NULL, NULL, 0.000, 1, NULL, NULL),
(3896, 10, 'جنابه', 'Gnaba', NULL, NULL, 0.000, 1, NULL, NULL),
(3897, 10, 'حاكمة', 'Hakimah', NULL, NULL, 0.000, 1, NULL, NULL),
(3898, 10, 'حاكمة', 'Hakimah', NULL, NULL, 0.000, 1, NULL, NULL),
(3899, 10, 'حاكمة', 'Hakimah', NULL, NULL, 0.000, 1, NULL, NULL),
(3900, 10, 'حاكمة الدغارير', 'Hakimah Ad Dagharir', NULL, NULL, 0.000, 1, NULL, NULL),
(3901, 10, 'حله عبدالله قبع', 'Halah Abdullah Qabea', NULL, NULL, 0.000, 1, NULL, NULL),
(3902, 10, 'حله ابو مرعي', 'Halah Abu Marei', NULL, NULL, 0.000, 1, NULL, NULL),
(3903, 10, 'حله الحكمى', 'Halah Al Hukmaa', NULL, NULL, 0.000, 1, NULL, NULL),
(3904, 10, 'حله الكلابيه', 'Halah Al Kalabih', NULL, NULL, 0.000, 1, NULL, NULL),
(3905, 10, 'حله القميري', 'Halah Al Qamiri', NULL, NULL, 0.000, 1, NULL, NULL),
(3906, 10, 'حله الصهلولي', 'Halah Al Sahluli', NULL, NULL, 0.000, 1, NULL, NULL),
(3907, 10, 'حله العقيبي', 'Halah Aleaqibiu', NULL, NULL, 0.000, 1, NULL, NULL),
(3908, 10, 'حله الحو تين', 'Halah Alhawa Tyn', NULL, NULL, 0.000, 1, NULL, NULL),
(3909, 10, 'حله عطيه', 'Halah Attieh', NULL, NULL, 0.000, 1, NULL, NULL),
(3910, 10, 'حله بن علوان', 'Halah Bin Alwaan', NULL, NULL, 0.000, 1, NULL, NULL),
(3911, 10, 'حله مروعي بن شامي', 'Halah Maruei Bin Shamy', NULL, NULL, 0.000, 1, NULL, NULL),
(3912, 10, 'حله مشاري', 'Halah Mishary', NULL, NULL, 0.000, 1, NULL, NULL),
(3913, 10, 'حله محمد عيسى', 'Halah Muhamad Eisa', NULL, NULL, 0.000, 1, NULL, NULL),
(3915, 10, 'حمية', 'Hamayah', NULL, NULL, 0.000, 1, NULL, NULL),
(3916, 10, 'حنقفه', 'Hanaqfah', NULL, NULL, 0.000, 1, NULL, NULL),
(3917, 10, 'هروب', 'Harub', NULL, NULL, 0.000, 1, NULL, NULL),
(3918, 10, 'حلة ابو حبيبه', 'Hulat \'abu Habibuh', NULL, NULL, 0.000, 1, NULL, NULL),
(3919, 10, 'حلة ابراهيم عيسى', 'Hulat \'iibrahim Eisaa', NULL, NULL, 0.000, 1, NULL, NULL),
(3920, 10, 'حلة العرشي', 'Hulat Al Earshi', NULL, NULL, 0.000, 1, NULL, NULL),
(3921, 10, 'حلة المكي', 'Hulat Al Makki', NULL, NULL, 0.000, 1, NULL, NULL),
(3922, 10, 'حلة علي بن موسى', 'Hulat Ali Bin Musa', NULL, NULL, 0.000, 1, NULL, NULL),
(3923, 10, 'عراب', 'irab', NULL, NULL, 0.000, 1, NULL, NULL),
(3924, 10, 'عرق', 'Irq', NULL, NULL, 0.000, 1, NULL, NULL),
(3925, 10, 'عتود', 'itwad', NULL, NULL, 0.000, 1, NULL, NULL),
(3926, 10, 'جبل عبادل', 'Jabal \'abadil', NULL, NULL, 0.000, 1, NULL, NULL),
(3927, 10, 'جاضع المحاضين', 'Jadi\' Al Mahadin', NULL, NULL, 0.000, 1, NULL, NULL),
(3928, 10, 'جميما', 'Jameema', NULL, NULL, 0.000, 1, NULL, NULL),
(3929, 10, 'جريبه', 'Jaribuh', NULL, NULL, 0.000, 1, NULL, NULL),
(3930, 10, 'جرار', 'Jarrar', NULL, NULL, 0.000, 1, NULL, NULL),
(3931, 10, 'جازان', 'Jazan', NULL, NULL, 0.000, 1, NULL, NULL),
(3932, 10, 'جلاح', 'Jilah', NULL, NULL, 0.000, 1, NULL, NULL),
(3933, 10, 'جحا', 'Juha', NULL, NULL, 0.000, 1, NULL, NULL),
(3934, 10, 'خبت البقر', 'Khabt Al Baqar', NULL, NULL, 0.000, 1, NULL, NULL),
(3935, 10, 'خبت سعيدة', 'Khabt Sa\'idah', NULL, NULL, 0.000, 1, NULL, NULL),
(3936, 10, 'ختب', 'Khatb', NULL, NULL, 0.000, 1, NULL, NULL),
(3937, 10, 'خضير', 'Khudair', NULL, NULL, 0.000, 1, NULL, NULL),
(3938, 10, 'خضيرة عياش', 'Khudayrat Ayash', NULL, NULL, 0.000, 1, NULL, NULL),
(3939, 10, 'خويعمة', 'Khuway\'imah', NULL, NULL, 0.000, 1, NULL, NULL),
(3940, 10, 'مخشوش', 'Makhshush', NULL, NULL, 0.000, 1, NULL, NULL),
(3941, 10, 'منشبة', 'Manshabah', NULL, NULL, 0.000, 1, NULL, NULL),
(3942, 10, 'منسيه', 'Mansih', NULL, NULL, 0.000, 1, NULL, NULL),
(3943, 10, 'مستورة', 'Masturah', NULL, NULL, 0.000, 1, NULL, NULL),
(3944, 10, 'مسلية', 'Misliyah', NULL, NULL, 0.000, 1, NULL, NULL),
(3945, 10, 'مزهرة', 'Mizhirah', NULL, NULL, 0.000, 1, NULL, NULL),
(3946, 10, 'مجعر', 'Muj\'ur', NULL, NULL, 0.000, 1, NULL, NULL),
(3947, 10, 'مقزع', 'Muqza\'', NULL, NULL, 0.000, 1, NULL, NULL),
(3948, 10, 'مريخية', 'Muraykhiyah', NULL, NULL, 0.000, 1, NULL, NULL),
(3949, 10, 'مشلحة', 'Mushallahah', NULL, NULL, 0.000, 1, NULL, NULL),
(3950, 10, 'نخلان', 'Nakhlan', NULL, NULL, 0.000, 1, NULL, NULL),
(3951, 10, 'الميناء الجديد', 'New Port', NULL, NULL, 0.000, 1, NULL, NULL),
(3952, 10, 'نورة', 'Nurah', NULL, NULL, 0.000, 1, NULL, NULL),
(3953, 10, 'قائم الدش', 'Qa\'im Ad Dashsh', NULL, NULL, 0.000, 1, NULL, NULL),
(3954, 10, 'قمعة', 'Qama\'ah', NULL, NULL, 0.000, 1, NULL, NULL),
(3955, 10, 'قامزة', 'Qamizah', NULL, NULL, 0.000, 1, NULL, NULL),
(3956, 10, 'قنبورة', 'Qanbura', NULL, NULL, 0.000, 1, NULL, NULL),
(3957, 10, 'قرار', 'Qarar', NULL, NULL, 0.000, 1, NULL, NULL),
(3958, 10, 'قرية الجوابره', 'Qaryat Al Jawabirih', NULL, NULL, 0.000, 1, NULL, NULL),
(3959, 10, 'قيس', 'Qays', NULL, NULL, 0.000, 1, NULL, NULL),
(3960, 10, 'قبه', 'Qibah', NULL, NULL, 0.000, 1, NULL, NULL),
(3961, 10, 'قوز الجعافره', 'Qouz Al Jaafrah', NULL, NULL, 0.000, 1, NULL, NULL),
(3962, 10, 'رخية', 'Rakhyah', NULL, NULL, 0.000, 1, NULL, NULL),
(3963, 10, 'رمادا', 'Ramada', NULL, NULL, 0.000, 1, NULL, NULL),
(3964, 10, 'رملان', 'Ramlan', NULL, NULL, 0.000, 1, NULL, NULL),
(3965, 10, 'رعشة', 'Rashah', NULL, NULL, 0.000, 1, NULL, NULL),
(3966, 10, 'روان', 'Rawan', NULL, NULL, 0.000, 1, NULL, NULL),
(3967, 10, 'صبيا', 'Sabya', NULL, NULL, 0.000, 1, NULL, NULL),
(3968, 10, 'صبيا الجديدة', 'Sabya Al Jadidah', NULL, NULL, 0.000, 1, NULL, NULL),
(3969, 10, 'سد ملاكي', 'Sadd Malaki', NULL, NULL, 0.000, 1, NULL, NULL),
(3971, 10, 'سمرة الجد', 'Samrat Al Jed', NULL, NULL, 0.000, 1, NULL, NULL),
(3972, 10, 'صامطة', 'Samtah', NULL, NULL, 0.000, 1, NULL, NULL),
(3973, 10, 'صنبة', 'Sanbah', NULL, NULL, 0.000, 1, NULL, NULL),
(3974, 10, 'شهده', 'Shahdah', NULL, NULL, 0.000, 1, NULL, NULL),
(3975, 10, 'شهرين', 'Shahrayn', NULL, NULL, 0.000, 1, NULL, NULL),
(3976, 10, 'شيبان', 'Shayban', NULL, NULL, 0.000, 1, NULL, NULL),
(3977, 10, 'شعب الذئب', 'Shi\'b Adh Dhib', NULL, NULL, 0.000, 1, NULL, NULL),
(3978, 10, 'صير', 'Sir', NULL, NULL, 0.000, 1, NULL, NULL),
(3979, 10, 'تيهان (حلة تيهان)', 'Tyhan (Hulat Tyhan)', NULL, NULL, 0.000, 1, NULL, NULL),
(3980, 10, 'عذيبه', 'Udhaibah', NULL, NULL, 0.000, 1, NULL, NULL),
(3981, 10, 'أم الحجل', 'Umm Al Hajal', NULL, NULL, 0.000, 1, NULL, NULL),
(3982, 10, 'ام القحفه', 'Umm Al Qahfah', NULL, NULL, 0.000, 1, NULL, NULL),
(3983, 10, 'ام الشباقاء', 'Umm Al Shibaqa', NULL, NULL, 0.000, 1, NULL, NULL),
(3984, 10, 'ام العرش', 'Umm Alearsh', NULL, NULL, 0.000, 1, NULL, NULL),
(3985, 10, 'وعلان', 'Wa\'lan', NULL, NULL, 0.000, 1, NULL, NULL),
(3986, 10, 'وجه الحسن', 'Wajah Alhasan', NULL, NULL, 0.000, 1, NULL, NULL),
(3987, 10, 'زبارة رشيد', 'Zabarat Rashid', NULL, NULL, 0.000, 1, NULL, NULL),
(3988, 10, 'زربه', 'Zarabah', NULL, NULL, 0.000, 1, NULL, NULL),
(3989, 10, 'زوزاء', 'Zawza', NULL, NULL, 0.000, 1, NULL, NULL),
(3991, 12, 'قلوة', 'Qilwah', NULL, NULL, 0.000, 1, NULL, NULL),
(3992, 12, 'كرا الحائط', 'Kara Al Hait', NULL, NULL, 0.000, 1, NULL, NULL),
(3993, 12, 'كرش', 'Karsh', NULL, NULL, 0.000, 1, NULL, NULL),
(3994, 12, 'مراوة', 'Marawah', NULL, NULL, 0.000, 1, NULL, NULL),
(3995, 12, 'مسعدة', 'Masa\'dah', NULL, NULL, 0.000, 1, NULL, NULL),
(3996, 12, 'معشوقة', 'Ma\'shuqah', NULL, NULL, 0.000, 1, NULL, NULL),
(3997, 12, 'نابر', 'Nabir', NULL, NULL, 0.000, 1, NULL, NULL),
(3998, 12, 'ناوان', 'Nawan', NULL, NULL, 0.000, 1, NULL, NULL),
(3999, 12, 'نخال', 'Nikhal', NULL, NULL, 0.000, 1, NULL, NULL),
(4000, 12, 'نصبة', 'Nusubah', NULL, NULL, 0.000, 1, NULL, NULL),
(4001, 12, 'نيرا', 'Nira', NULL, NULL, 0.000, 1, NULL, NULL),
(4002, 12, 'وادي بطحان', 'Wadi Bathan', NULL, NULL, 0.000, 1, NULL, NULL),
(4003, 12, 'وراخ', 'Wurakh', NULL, NULL, 0.000, 1, NULL, NULL),
(4004, 13, 'قارا', 'Qara', NULL, NULL, 0.000, 1, NULL, NULL),
(4005, 13, 'قليب خضر', 'Qulayyib Khudr', NULL, NULL, 0.000, 1, NULL, NULL),
(4006, 13, 'كاف', 'Kaf', NULL, NULL, 0.000, 1, NULL, NULL),
(4007, 13, 'ميقوع', 'Mayqu\'', NULL, NULL, 0.000, 1, NULL, NULL),
(4008, 13, 'هديب', 'Hedeb', NULL, NULL, 0.000, 1, NULL, NULL),
(4009, 8, 'وسيطاء الحفن', 'Wusayta\' Al Hafan', NULL, NULL, 0.000, 1, NULL, NULL),
(4010, 4, 'ابرقية', 'Abraqiyah', NULL, NULL, 0.000, 1, NULL, NULL),
(4011, 1, 'الجوي', 'Al Juwy', NULL, NULL, 0.000, 1, NULL, NULL),
(4012, 13, 'الجوف', 'Al Jawf', NULL, NULL, 0.000, 1, NULL, NULL),
(4013, 11, 'بني حميم', 'Bani Hamim', NULL, NULL, 0.000, 1, NULL, NULL),
(4014, 11, 'ظهران الجنوب', 'Dhahran Al Janub', NULL, NULL, 0.000, 1, NULL, NULL),
(4015, 5, 'البطحاء', 'Al Batha', NULL, NULL, 0.000, 1, NULL, NULL),
(4016, 10, 'مدينة جازان الإقتصادية', 'Jazan Economic City', NULL, NULL, 0.000, 1, NULL, NULL),
(4017, 10, 'المحلة', 'Al Mahallah', NULL, NULL, 0.000, 1, NULL, NULL),
(4018, 2, 'الشفا', 'Ash Shafa', NULL, NULL, 0.000, 1, NULL, NULL),
(4019, 5, 'الجعيمة', 'Al Juaima\'h', NULL, NULL, 0.000, 1, NULL, NULL),
(4020, 4, 'مبهل', 'Mubhel', NULL, NULL, 0.000, 1, NULL, NULL),
(4021, 6, 'نمرة', 'Namerah', NULL, NULL, 0.000, 1, NULL, NULL),
(4156, 23, 'الرفاع', 'Riffa', NULL, NULL, 0.000, 1, '2023-10-12 13:55:23', '2023-10-12 13:55:23'),
(4157, 23, 'مدينة عيسى', 'Isa Town', NULL, NULL, 0.000, 1, '2023-10-12 13:55:37', '2023-10-12 13:55:37'),
(4158, 23, 'الجدحفص', 'Jidhafs', NULL, NULL, 0.000, 1, '2023-10-12 13:55:48', '2023-10-12 13:55:48'),
(4159, 23, 'سند', 'Sanad', NULL, NULL, 0.000, 1, '2023-10-12 13:55:57', '2023-10-12 13:55:57'),
(4161, 23, 'زلاق', 'Zallaq', NULL, NULL, 0.000, 1, '2023-10-12 13:56:13', '2023-10-12 13:56:13'),
(4162, 22, 'عالي', 'A\'ali', NULL, NULL, 0.000, 1, '2023-10-12 13:56:44', '2023-10-12 13:56:44'),
(4163, 22, 'البديع', 'Budaiya', NULL, NULL, 0.000, 1, '2023-10-12 13:56:52', '2023-10-12 13:56:52'),
(4164, 22, 'مدينة حمد', 'Hamad Town', NULL, NULL, 0.000, 1, '2023-10-12 13:57:04', '2023-10-12 13:57:04'),
(4165, 22, 'الجنبية', 'Janabiya', NULL, NULL, 0.000, 1, '2023-10-12 13:57:12', '2023-10-12 13:57:12'),
(4166, 22, 'سلماباد', 'Salmabad', NULL, NULL, 0.000, 1, '2023-10-12 13:57:20', '2023-10-12 13:57:20'),
(4167, 21, 'المحرق', 'Muharraq', NULL, NULL, 0.000, 1, '2023-10-12 13:57:53', '2023-10-12 13:57:53'),
(4168, 21, 'عراد', 'Arad', NULL, NULL, 0.000, 1, '2023-10-12 13:58:02', '2023-10-12 13:58:02'),
(4169, 21, 'الحد', 'Hidd', NULL, NULL, 0.000, 1, '2023-10-12 13:58:11', '2023-10-12 13:58:11'),
(4170, 21, 'بسيتين', 'Busaiteen', NULL, NULL, 0.000, 1, '2023-10-12 13:58:19', '2023-10-12 13:58:19'),
(4171, 21, 'جزر امواج', 'Amwaj Islands', NULL, NULL, 0.000, 1, '2023-10-12 13:58:29', '2023-10-12 13:58:29'),
(4172, 20, 'المنامة', 'Manama', NULL, NULL, 0.000, 1, '2023-10-12 13:58:53', '2023-10-12 13:58:53'),
(4173, 20, 'الجفير', 'Juffair', NULL, NULL, 0.000, 1, '2023-10-12 13:59:01', '2023-10-12 13:59:01'),
(4174, 20, 'العدلية', 'Adliya', NULL, NULL, 0.000, 1, '2023-10-12 13:59:09', '2023-10-12 13:59:09'),
(4175, 20, 'القضيبية', 'Gudaibiya', NULL, NULL, 0.000, 1, '2023-10-12 13:59:17', '2023-10-12 13:59:17'),
(4176, 20, 'الحورة', 'Hoora', NULL, NULL, 0.000, 1, '2023-10-12 13:59:26', '2023-10-12 13:59:26'),
(4177, 20, 'السيف', 'Seef', NULL, NULL, 0.000, 1, '2023-10-12 13:59:34', '2023-10-12 13:59:34'),
(4178, 24, 'المالكية', 'Malkiya', NULL, NULL, 0.000, 1, '2023-10-12 14:00:46', '2023-10-12 14:00:46'),
(4179, 24, 'كرزكان', 'Karzakan', NULL, NULL, 0.000, 1, '2023-10-12 14:00:54', '2023-10-12 14:00:54'),
(4180, 24, 'مرخ', 'Markh', NULL, NULL, 0.000, 1, '2023-10-12 14:01:02', '2023-10-12 14:01:02'),
(4181, 24, 'صدد', 'Sadad', NULL, NULL, 0.000, 1, '2023-10-12 14:01:10', '2023-10-12 14:01:10'),
(4182, 20, 'السلمانية', 'Salmaniya', NULL, NULL, 0.000, 1, '2023-10-14 05:36:54', '2023-10-14 05:36:54'),
(4183, 20, 'الزنج', 'Zinj', NULL, NULL, 0.000, 1, '2023-10-14 05:37:09', '2023-10-14 05:37:09'),
(4184, 20, 'ام الحصم', 'Umm Al Hassam', NULL, NULL, 0.000, 1, '2023-10-14 05:37:25', '2023-10-14 05:37:25'),
(4185, 20, 'رأس رمان', 'Ras Rumman', NULL, NULL, 0.000, 1, '2023-10-14 05:37:44', '2023-10-14 05:37:44'),
(4186, 20, 'المنطقة الدبلوماسية', 'Diplomatic Area', NULL, NULL, 0.000, 1, '2023-10-14 05:37:57', '2023-10-14 05:37:57'),
(4187, 20, 'باب البحرين', 'Bab Al Bahrain', NULL, NULL, 0.000, 1, '2023-10-14 05:38:12', '2023-10-14 05:38:12'),
(4188, 21, 'جلالي', 'Galali', NULL, NULL, 0.000, 1, '2023-10-14 05:38:45', '2023-10-14 05:38:45'),
(4189, 21, 'سماهيج', 'Samaheej', NULL, NULL, 0.000, 1, '2023-10-14 05:38:57', '2023-10-14 05:38:57'),
(4190, 21, 'الدير', 'Al Dair', NULL, NULL, 0.000, 1, '2023-10-14 05:39:10', '2023-10-14 05:39:10'),
(4191, 21, 'سترة', 'Sitra', NULL, NULL, 0.000, 1, '2023-10-14 05:39:29', '2023-10-14 05:39:29'),
(4192, 22, 'سار', 'Saar', NULL, NULL, 0.000, 1, '2023-10-14 05:40:09', '2023-10-14 05:40:09'),
(4193, 22, 'الهملة', 'Hamala', NULL, NULL, 0.000, 1, '2023-10-14 05:40:18', '2023-10-14 05:40:18'),
(4194, 22, 'الدراز', 'Diraz', NULL, NULL, 0.000, 1, '2023-10-14 05:40:35', '2023-10-14 05:40:35'),
(4195, 22, 'بربري', 'Barbar', NULL, NULL, 0.000, 1, '2023-10-14 05:40:51', '2023-10-14 05:40:51'),
(4196, 22, 'الجسرة', 'Jasra', NULL, NULL, 0.000, 1, '2023-10-14 05:41:02', '2023-10-14 05:41:02'),
(4197, 22, 'ابو صيبع', 'Abu Saiba', NULL, NULL, 0.000, 1, '2023-10-14 05:41:30', '2023-10-14 05:41:30'),
(4198, 22, 'بني جمرة', 'Bani Jamrah', NULL, NULL, 0.000, 1, '2023-10-14 05:41:56', '2023-10-14 05:41:56'),
(4199, 23, 'جرداب', 'Jurdab', NULL, NULL, 0.000, 1, '2023-10-14 05:42:39', '2023-10-14 05:42:39'),
(4200, 23, 'عالي', 'A\'ali', NULL, NULL, 0.000, 1, '2023-10-14 05:43:03', '2023-10-14 05:43:03'),
(4201, 23, 'المالكية', 'Malkiya', NULL, NULL, 0.000, 1, '2023-10-14 05:43:14', '2023-10-14 05:43:14'),
(4202, 23, 'جنوسان', 'Jannusan', NULL, NULL, 0.000, 1, '2023-10-14 05:43:28', '2023-10-14 05:43:28'),
(4203, 23, 'صخير', 'Sakhir', NULL, NULL, 0.000, 1, '2023-10-14 05:43:40', '2023-10-14 05:43:40'),
(4204, 23, 'عسكر', 'Askar', NULL, NULL, 0.000, 1, '2023-10-14 05:43:52', '2023-10-14 05:43:52'),
(4205, 23, 'جاو', 'Jaww', NULL, NULL, 0.000, 1, '2023-10-14 05:44:05', '2023-10-14 05:44:05'),
(4207, 25, 'سيدي جابر', 'Sidi Gabir', NULL, NULL, 0.000, 1, '2023-10-15 08:10:40', '2023-10-15 08:10:40'),
(4208, 25, 'سموحة', 'Smouha', NULL, NULL, 0.000, 1, '2023-10-15 08:10:57', '2023-10-15 08:10:57'),
(4209, 25, 'مصطفى كامل', 'Mostafa Kamel', NULL, NULL, 0.000, 1, '2023-10-15 08:11:12', '2023-10-15 08:11:12'),
(4210, 26, 'الزمالك', 'Zamalek', NULL, NULL, 0.000, 1, '2023-10-15 08:12:18', '2023-10-15 08:12:18'),
(4211, 26, 'المهندسين', 'Mohandsen', NULL, NULL, 0.000, 1, '2023-10-15 08:12:43', '2023-10-15 08:12:43'),
(4212, 26, 'المعادى', 'Maadi', NULL, NULL, 0.000, 1, '2023-10-15 08:13:03', '2023-10-15 08:13:03'),
(4213, 26, 'المقطم', 'Mokattam', NULL, NULL, 0.000, 1, '2023-10-15 08:13:17', '2023-10-15 08:13:17'),
(4214, 25, 'المندرة', 'Mandara', NULL, NULL, 0.000, 1, '2023-10-15 08:13:44', '2023-10-15 08:13:44');

-- --------------------------------------------------------

--
-- Table structure for table `companies`
--

CREATE TABLE `companies` (
  `id` bigint(20) UNSIGNED NOT NULL,
  `user_id` bigint(20) UNSIGNED DEFAULT NULL,
  `logo` varchar(255) NOT NULL,
  `title_ar` varchar(255) NOT NULL,
  `title_en` varchar(255) NOT NULL,
  `disc_ar` varchar(255) NOT NULL,
  `disc_en` varchar(255) NOT NULL,
  `google_map_link` text NOT NULL,
  `is_active` tinyint(1) NOT NULL DEFAULT 1,
  `created_at` timestamp NULL DEFAULT NULL,
  `updated_at` timestamp NULL DEFAULT NULL,
  `avg_rating` double DEFAULT NULL,
  `phone` varchar(255) DEFAULT NULL,
  `phone_code` varchar(255) DEFAULT '+966',
  `company_name` varchar(255) DEFAULT NULL,
  `iban_number` varchar(255) DEFAULT NULL,
  `bank_name` varchar(255) DEFAULT NULL,
  `beneficiary_name` varchar(255) DEFAULT NULL
) ENGINE=InnoDB DEFAULT CHARSET=utf8mb4 COLLATE=utf8mb4_unicode_ci;

--
-- Dumping data for table `companies`
--

INSERT INTO `companies` (`id`, `user_id`, `logo`, `title_ar`, `title_en`, `disc_ar`, `disc_en`, `google_map_link`, `is_active`, `created_at`, `updated_at`, `avg_rating`, `phone`, `phone_code`, `company_name`, `iban_number`, `bank_name`, `beneficiary_name`) VALUES
(129, NULL, '/storage/companies/1716639777_6990.jpg', 'نوران', 'nouran', 'test', 'test', 'test', 1, '2024-05-25 09:22:57', '2024-05-25 09:22:57', NULL, '+201017944211', '+20', 'nouran company', NULL, NULL, NULL),
(130, NULL, '/storage/companies/1716793953_8725.webp', 'test', 'test', 'test', 'test', 'Voluptatem Commodo ', 1, '2024-05-27 04:12:33', '2024-05-27 07:39:43', NULL, '+201090414929', '+20', 'test company', '55555555', 'cib', 'test'),
(131, NULL, '/storage/companies/1716795890_9902.webp', 'سسننس', 'hhj', 'تتنن', 'Hhjj', 'hhj', 1, '2024-05-27 04:44:50', '2024-05-27 04:44:50', NULL, '+966123456788', '+966', 'test', '558885666', 'thb', 'hhj'),
(134, NULL, '/storage/companies/1716798203_7394.webp', 'إيست', 'test', 'تيست', 'Test', 'ttt', 1, '2024-05-27 05:23:24', '2024-05-27 05:23:24', NULL, '+966123456789', '+966', 'test company', NULL, NULL, 'rrr'),
(135, NULL, '/storage/companies/1716804606_6064.webp', 'لتتم', 'rodina', 'اتنن', 'Ghhh', 'hjjjk', 1, '2024-05-27 07:10:06', '2024-05-27 07:25:06', NULL, '+966123456780', '+966', 'test', '258800', 'ghh', 'hhjj'),
(136, NULL, '/storage/companies/1716805603_8163.webp', 'إضافة بصل', 'testttt', 'تممتت', 'jkjkjk', 'Voluptatem Commodo ', 1, '2024-05-27 07:26:44', '2024-05-27 07:31:05', NULL, '+201090414928', '+20', 'company test', '5566', 'ffg', 'grsg'),
(138, NULL, '/storage/companies/1717323432_9499.webp', 'تيست', 'test', 'تيست', 'test', 'link', 1, '2024-06-02 07:17:12', '2024-06-02 07:17:12', NULL, '+201090414927', '+20', 'company', '66541654684', 'bank', 'dawf'),
(140, NULL, '/storage/companies/1717324772_4495.webp', 'أتم', 'ghjj', 'لاومن', 'Funk', 'Lou', 1, '2024-06-02 07:39:32', '2024-06-02 07:39:32', NULL, '+201090414992', '+20', 'ghhjj', '88555', 'Chukchi', 'hhjji'),
(141, NULL, '/storage/companies/1717324907_1914.jpg', 'ابراهيم', 'Ebrahim', 'tesssst', 'tesssst', 'tesssst', 1, '2024-06-02 07:41:47', '2024-06-02 07:41:47', NULL, '+201223701860', '+20', 'Ebrahim', '123456789', 'Ebrahim', 'Ebrahim'),
(142, NULL, '/storage/companies/1717325425_3792.webp', 'اتننن', 'ghjj', 'اتنن', 'Huijk', 'kkk', 1, '2024-06-02 07:50:25', '2024-06-02 07:50:25', NULL, '+201090414925', '+20', 'vnnkmm', '666666', 'giookk', 'jkkkk'),
(143, NULL, '/storage/companies/1717353098_4827.webp', 'الأحساء', 'alahssa', 'عماله', 'Hhh', 'admin@admin.com', 1, '2024-06-02 15:31:38', '2024-06-02 15:31:38', NULL, '+966532244995', '+966', 'سلطانيز', '646464', 'الراجحي', 'سلطان'),
(147, NULL, '/storage/companies/1717411378_4412.webp', 'تيست', 'test today', 'تيست', 'test', 'Voluptatem Commodo ', 1, '2024-06-03 07:42:58', '2024-06-03 07:43:34', NULL, '+966123456787', '+966', 'company today', '6666698', 'bank', 'name'),
(148, NULL, '/storage/companies/1717436086_8583.webp', 'الخبر', 'Khobar. Shamaliyah', 'الخبر الشمالية', 'Jgdhjvfc', 'https://maps.app.goo.gl/oPCM8Wk6kSMjCAR6A?g_st=ic', 1, '2024-06-03 14:34:47', '2024-06-03 14:34:47', NULL, '+966504814992', '+966', 'ibosh', '585552360000008855', 'ncb', 'ibeahem bo');

-- --------------------------------------------------------

--
-- Table structure for table `company_services`
--

CREATE TABLE `company_services` (
  `id` bigint(20) UNSIGNED NOT NULL,
  `company_id` bigint(20) UNSIGNED NOT NULL,
  `service_id` bigint(20) UNSIGNED NOT NULL,
  `standard_id` bigint(20) UNSIGNED NOT NULL,
  `cleaning_materials_cost` decimal(8,3) NOT NULL DEFAULT 0.000,
  `price` decimal(8,3) NOT NULL DEFAULT 0.000,
  `disc_ar` longtext NOT NULL,
  `disc_en` longtext NOT NULL,
  `created_at` timestamp NULL DEFAULT NULL,
  `updated_at` timestamp NULL DEFAULT NULL
) ENGINE=InnoDB DEFAULT CHARSET=utf8mb4 COLLATE=utf8mb4_unicode_ci;

--
-- Dumping data for table `company_services`
--

INSERT INTO `company_services` (`id`, `company_id`, `service_id`, `standard_id`, `cleaning_materials_cost`, `price`, `disc_ar`, `disc_en`, `created_at`, `updated_at`) VALUES
(46, 129, 1, 1, 10.000, 50.000, 'test', 'test', '2024-05-26 10:48:10', '2024-05-27 04:19:19'),
(52, 129, 2, 1, 10.000, 50.000, 'test', 'test', '2024-05-27 04:29:08', '2024-05-27 04:29:08'),
(56, 129, 2, 1, 12.000, 120.000, 'Enim voluptatem nos', 'Enim voluptatem nos', '2024-05-27 04:38:00', '2024-05-27 04:38:00'),
(57, 129, 6, 1, 88.000, 88.000, 'لللللل', 'Tibet', '2024-05-27 04:39:52', '2024-05-27 04:39:52'),
(58, 129, 6, 1, 10.000, 80.000, 'تست', 'Test', '2024-05-27 04:40:43', '2024-05-27 04:40:43'),
(61, 131, 7, 1, 5.000, 44.000, 'تنن', 'Hhh', '2024-05-27 04:45:38', '2024-05-27 04:45:38'),
(62, 134, 1, 1, 55.000, 77.000, 'فففغ', 'Gggg', '2024-05-27 05:24:48', '2024-05-27 05:24:48'),
(63, 135, 2, 1, 10.000, 50.000, 'اتنن', 'Test description', '2024-05-27 07:11:18', '2024-05-27 07:11:18'),
(64, 136, 7, 1, 2.000, 60.000, 'اتنن', 'Retm', '2024-05-27 07:29:23', '2024-05-27 07:29:23'),
(68, 130, 7, 1, 5.000, 50.000, 'تيست', 'Test rodina', '2024-05-30 16:03:01', '2024-05-30 16:03:01'),
(70, 130, 1, 1, 1.000, 1.000, 'اتن', 'Hi', '2024-05-30 18:00:08', '2024-05-30 18:00:08'),
(72, 130, 1, 1, 5.000, 1.000, 'تيست', 'Hi', '2024-05-30 18:02:41', '2024-05-30 18:02:41'),
(74, 129, 2, 1, 10.000, 50.000, 'test', 'test', '2024-05-30 19:17:08', '2024-05-30 19:17:08'),
(76, 130, 1, 1, 55.000, 55.000, 'تااا', 'Hvvv', '2024-05-30 19:27:03', '2024-05-30 19:27:03'),
(77, 138, 1, 1, 8.000, 5.000, 'درون', 'Fhjj', '2024-06-02 07:18:18', '2024-06-02 07:18:18'),
(78, 143, 6, 1, 0.000, 1.000, 'عماله', 'Ggg', '2024-06-02 15:33:30', '2024-06-02 15:33:30'),
(79, 147, 6, 1, 10.000, 50.000, 'تيست', 'Testt', '2024-06-03 07:44:52', '2024-06-03 07:44:52');

-- --------------------------------------------------------

--
-- Table structure for table `contacts`
--

CREATE TABLE `contacts` (
  `id` bigint(20) UNSIGNED NOT NULL,
  `name` varchar(255) NOT NULL,
  `email` varchar(255) NOT NULL,
  `phone` varchar(255) NOT NULL,
  `subject` varchar(255) NOT NULL,
  `body` varchar(255) NOT NULL,
  `created_at` timestamp NULL DEFAULT NULL,
  `updated_at` timestamp NULL DEFAULT NULL
) ENGINE=InnoDB DEFAULT CHARSET=utf8mb4 COLLATE=utf8mb4_unicode_ci;

-- --------------------------------------------------------

--
-- Table structure for table `contactuses`
--

CREATE TABLE `contactuses` (
  `id` bigint(20) UNSIGNED NOT NULL,
  `name` varchar(255) NOT NULL,
  `phone` varchar(255) NOT NULL,
  `subject` varchar(255) NOT NULL,
  `message` varchar(255) NOT NULL,
  `created_at` timestamp NULL DEFAULT NULL,
  `updated_at` timestamp NULL DEFAULT NULL
) ENGINE=InnoDB DEFAULT CHARSET=utf8mb4 COLLATE=utf8mb4_unicode_ci;

--
-- Dumping data for table `contactuses`
--

INSERT INTO `contactuses` (`id`, `name`, `phone`, `subject`, `message`, `created_at`, `updated_at`) VALUES
(1, 'amira', 'amira', 'تيست', 'تيستنج', '2023-12-24 16:12:39', '2023-12-24 16:12:39'),
(2, 'Amira Ahmed', 'Amira Ahmed', 'test', 'testing positive', '2023-12-24 16:31:55', '2023-12-24 16:31:55'),
(3, 'Amira Ahmed', 'Amira Ahmed', 'تالل', 'برااللات', '2023-12-25 10:20:44', '2023-12-25 10:20:44'),
(4, 'amira', 'amira', 'rtf', 'gghgfg', '2023-12-25 10:22:21', '2023-12-25 10:22:21'),
(5, 'hfgg', 'hfgg', 'bfggg', 'hxvhg', '2023-12-25 12:50:45', '2023-12-25 12:50:45'),
(6, 'amira', 'amira', 'تيست', 'تيستينج', '2023-12-26 10:03:50', '2023-12-26 10:03:50'),
(7, 'Amira', 'Amira', 'test50', 'Test ing', '2023-12-26 12:17:44', '2023-12-26 12:17:44'),
(8, 'Ty Ggg', 'Ty Ggg', 'gggg', 'Fggfd', '2023-12-26 12:19:08', '2023-12-26 12:19:08'),
(9, 'Amira test50', 'Amira test50', 'test', 'Yes good', '2023-12-28 09:24:46', '2023-12-28 09:24:46'),
(10, 'Amira', 'Amira', 'tfff', 'Gchccc', '2023-12-28 09:25:26', '2023-12-28 09:25:26'),
(11, 'Amira', 'Amira', 'fhhgv', 'Chvhjhghh', '2024-01-10 06:55:56', '2024-01-10 06:55:56'),
(12, 'سلطان', 'سلطان', 'تنظيف غير جيد', 'تنظيف غير جيد', '2024-03-11 07:27:14', '2024-03-11 07:27:14');

-- --------------------------------------------------------

--
-- Table structure for table `countries`
--

CREATE TABLE `countries` (
  `id` bigint(20) UNSIGNED NOT NULL,
  `title_ar` varchar(255) NOT NULL,
  `title_en` varchar(255) NOT NULL,
  `currancy_code_ar` varchar(255) DEFAULT NULL,
  `currancy_code_en` varchar(255) DEFAULT NULL,
  `currancy_value` decimal(5,3) NOT NULL DEFAULT 0.000,
  `phone_code` varchar(255) DEFAULT NULL,
  `country_code` varchar(255) DEFAULT NULL,
  `length` int(11) NOT NULL DEFAULT 10,
  `decimals` int(11) NOT NULL DEFAULT 3,
  `lat` varchar(255) DEFAULT NULL,
  `long` varchar(255) DEFAULT NULL,
  `image` varchar(255) DEFAULT NULL,
  `status` tinyint(1) NOT NULL DEFAULT 1,
  `accept_orders` tinyint(1) NOT NULL DEFAULT 1,
  `created_at` timestamp NULL DEFAULT NULL,
  `updated_at` timestamp NULL DEFAULT NULL
) ENGINE=InnoDB DEFAULT CHARSET=utf8mb4 COLLATE=utf8mb4_unicode_ci;

--
-- Dumping data for table `countries`
--

INSERT INTO `countries` (`id`, `title_ar`, `title_en`, `currancy_code_ar`, `currancy_code_en`, `currancy_value`, `phone_code`, `country_code`, `length`, `decimals`, `lat`, `long`, `image`, `status`, `accept_orders`, `created_at`, `updated_at`) VALUES
(1, 'البحرين', 'Bahrain', 'دينار', 'BHD', 0.100, '+973', 'BH', 8, 3, '25.93041400', '50.63777200', '/countries/Bahrain.png', 1, 1, '2022-10-09 10:52:15', '2023-10-23 11:22:10'),
(2, 'المملكة العربية السعودية', 'Saudi Arabia', 'ريال', 'SAR', 1.000, '+966', 'SA', 9, 2, '23.88594200', '45.07916200', '/countries/SaudiArabia.png', 1, 1, '2022-10-09 10:52:15', '2023-10-23 11:22:10'),
(3, 'سلطنة عمان', 'Oman', 'ريال', 'OR', 0.102, '+968', 'OM', 10, 3, '21.51258300', '55.92325500', '/countries/Oman.png', 1, 1, '2022-10-09 10:52:15', '2023-10-23 11:22:10'),
(4, 'الإمارات العربية المتحدة', 'United Arab Emirates', 'درهم', 'AED', 1.000, '+971', 'AE', 9, 3, '23.42407600', '53.84781800', '/countries/UnitedArabEmirates.png', 1, 1, '2022-10-09 10:52:15', '2023-10-23 11:22:10'),
(5, 'قطر', 'Qatar', 'ريال', 'QR', 1.000, '+974', 'QA', 10, 3, '25.35482600', '51.18388400', '/countries/Qatar.png', 1, 1, '2022-10-09 10:52:15', '2023-10-23 11:22:10'),
(6, 'الكويت', 'Kuwait', 'دينار', 'KWD', 0.081, '+965', 'KW', 10, 3, '29.31166000', '47.48176600', '/countries/Kuwait.png', 1, 1, '2022-10-09 10:52:15', '2023-10-23 11:22:10'),
(7, 'مصر', 'Egypt', 'جنيه', 'EGP', 6.141, '+20', 'EG', 10, 3, '26.82055300', '30.80249800', '/countries/Egypt.png', 1, 1, '2022-10-09 10:52:15', '2023-10-23 11:22:10');

-- --------------------------------------------------------

--
-- Table structure for table `days`
--

CREATE TABLE `days` (
  `id` bigint(20) NOT NULL,
  `title_ar` text CHARACTER SET utf8mb4 COLLATE utf8mb4_unicode_ci DEFAULT NULL,
  `title_en` text CHARACTER SET utf8mb4 COLLATE utf8mb4_unicode_ci DEFAULT NULL,
  `day_num` int(11) DEFAULT NULL,
  `created_at` timestamp NULL DEFAULT NULL,
  `updated_at` timestamp NULL DEFAULT NULL
) ENGINE=InnoDB DEFAULT CHARSET=latin1 COLLATE=latin1_general_ci;

--
-- Dumping data for table `days`
--

INSERT INTO `days` (`id`, `title_ar`, `title_en`, `day_num`, `created_at`, `updated_at`) VALUES
(1, 'السبت', 'Saturday', 1, NULL, NULL),
(2, 'الأحد', 'Sunday', 2, NULL, NULL),
(3, 'الإثنين', 'Monday', 3, NULL, NULL),
(4, 'الثلاثاء', 'Tuesday', 4, NULL, NULL),
(5, 'الأربعاء', 'Wednesday', 5, NULL, NULL),
(6, 'الخميس', 'Thursday', 6, NULL, NULL),
(7, 'الجمعة', 'Friday', 7, NULL, NULL);

-- --------------------------------------------------------

--
-- Table structure for table `failed_jobs`
--

CREATE TABLE `failed_jobs` (
  `id` bigint(20) UNSIGNED NOT NULL,
  `uuid` varchar(255) NOT NULL,
  `connection` text NOT NULL,
  `queue` text NOT NULL,
  `payload` longtext NOT NULL,
  `exception` longtext NOT NULL,
  `failed_at` timestamp NOT NULL DEFAULT current_timestamp()
) ENGINE=InnoDB DEFAULT CHARSET=utf8mb4 COLLATE=utf8mb4_unicode_ci;

-- --------------------------------------------------------

--
-- Table structure for table `favorates`
--

CREATE TABLE `favorates` (
  `id` bigint(20) UNSIGNED NOT NULL,
  `user_id` bigint(20) UNSIGNED NOT NULL,
  `company_service_id` bigint(20) UNSIGNED NOT NULL,
  `created_at` timestamp NULL DEFAULT NULL,
  `updated_at` timestamp NULL DEFAULT NULL
) ENGINE=InnoDB DEFAULT CHARSET=utf8mb4 COLLATE=utf8mb4_unicode_ci;

-- --------------------------------------------------------

--
-- Table structure for table `groups`
--

CREATE TABLE `groups` (
  `id` bigint(20) UNSIGNED NOT NULL,
  `title_ar` varchar(255) NOT NULL,
  `title_en` varchar(255) NOT NULL,
  `created_at` timestamp NULL DEFAULT NULL,
  `updated_at` timestamp NULL DEFAULT NULL
) ENGINE=InnoDB DEFAULT CHARSET=utf8mb4 COLLATE=utf8mb4_unicode_ci;

--
-- Dumping data for table `groups`
--

INSERT INTO `groups` (`id`, `title_ar`, `title_en`, `created_at`, `updated_at`) VALUES
(1, 'عروض اليوم', 'Today\'s Offers', '2023-12-04 07:29:35', '2023-12-04 07:29:35'),
(2, 'مجموعات التوفير', 'Savings Sets', '2023-12-04 07:29:35', '2023-12-04 07:29:35'),
(3, 'الاكثر مبيعا', 'Best Sellers', '2023-12-04 07:29:35', '2023-12-04 07:29:35'),
(4, 'البطاقات الجديدة', 'New Cards', '2023-12-04 07:29:35', '2023-12-04 07:29:35'),
(5, 'الهدايا والعروض', 'Gifts and Offers', '2023-12-04 07:29:35', '2023-12-04 07:29:35');

-- --------------------------------------------------------

--
-- Table structure for table `migrations`
--

CREATE TABLE `migrations` (
  `id` int(10) UNSIGNED NOT NULL,
  `migration` varchar(255) NOT NULL,
  `batch` int(11) NOT NULL
) ENGINE=InnoDB DEFAULT CHARSET=utf8mb4 COLLATE=utf8mb4_unicode_ci;

--
-- Dumping data for table `migrations`
--

INSERT INTO `migrations` (`id`, `migration`, `batch`) VALUES
(1, '2014_10_12_000000_create_users_table', 1),
(2, '2014_10_12_100000_create_password_reset_tokens_table', 1),
(3, '2019_08_19_000000_create_failed_jobs_table', 1),
(4, '2019_12_14_000001_create_personal_access_tokens_table', 1),
(6, '2023_10_12_080048_create_admins_table', 1),
(7, '2023_10_12_133534_create_notifications_table', 1),
(8, '2023_10_18_131631_create_sidepages_table', 1),
(10, '2023_10_22_143831_create_user_otps_table', 1),
(11, '2023_10_24_081800_create_transactions_table', 1),
(12, '2023_10_24_142038_create_categories_table', 1),
(13, '2023_10_25_120955_create_cards_table', 1),
(14, '2023_10_25_125442_create_groups_table', 1),
(15, '2023_10_26_122846_create_card_group_table', 1),
(16, '2023_10_29_115126_create_serials_table', 1),
(17, '2023_10_30_133147_create_promo_codes_table', 1),
(18, '2023_10_30_133224_create_promo_code_user', 1),
(19, '2023_10_31_161332_create_orders_table', 1),
(20, '2023_10_31_161333_create_order_details_table', 1),
(21, '2023_10_31_161334_create_carts_table', 1),
(22, '2023_11_01_151432_create_payment_methods_table', 1),
(23, '2023_11_01_151434_create_slides_table', 1),
(24, '2023_11_09_130341_create_contacts_table', 1),
(25, '2023_11_12_113154_create_tokens_table', 1),
(26, '2023_10_19_145144_create_slides_table', 2),
(29, '2023_11_20_084619_create_change_password_tokens_table', 3),
(30, '2023_11_22_142822_create_contactuses_table', 3),
(31, '2023_11_23_082906_create_services_table', 3),
(32, '2023_11_23_132240_create_companies_table', 3),
(33, '2023_11_23_132659_create_standards_table', 3),
(34, '2023_11_23_132810_create_company_services_table', 3),
(35, '2023_11_30_122433_create_reviews_table', 3),
(36, '2023_11_30_151645_create_favorates_table', 3),
(39, '2023_10_22_114319_create_countries_table', 4),
(40, '2023_12_05_113256_create_regions_table', 4),
(41, '2023_12_05_113813_create_cities_table', 4),
(43, '2023_12_05_120735_create_addresses_table', 5),
(44, '2023_12_06_122334_create_carts_table', 6),
(45, '2023_12_12_082949_create_work_times_table', 6),
(54, '2023_12_13_134349_create_orders_table', 7),
(55, '2023_12_13_134734_create_order_details_table', 7),
(56, '2023_12_18_083339_create_settings_table', 8),
(57, '2023_12_18_090012_create_socials_table', 9),
(58, '2023_12_19_125029_create_user_notifications_table', 10);

-- --------------------------------------------------------

--
-- Table structure for table `notifications`
--

CREATE TABLE `notifications` (
  `id` bigint(20) UNSIGNED NOT NULL,
  `title_ar` varchar(255) NOT NULL,
  `title_en` varchar(255) NOT NULL,
  `from` varchar(255) DEFAULT NULL,
  `body_en` varchar(255) NOT NULL,
  `body_ar` varchar(255) NOT NULL,
  `link` varchar(255) NOT NULL,
  `company_id` bigint(20) UNSIGNED DEFAULT NULL,
  `reading_at` timestamp NULL DEFAULT NULL,
  `created_at` timestamp NULL DEFAULT NULL,
  `updated_at` timestamp NULL DEFAULT NULL
) ENGINE=InnoDB DEFAULT CHARSET=utf8mb4 COLLATE=utf8mb4_unicode_ci;

--
-- Dumping data for table `notifications`
--

INSERT INTO `notifications` (`id`, `title_ar`, `title_en`, `from`, `body_en`, `body_ar`, `link`, `company_id`, `reading_at`, `created_at`, `updated_at`) VALUES
(5, 'تواصل معنا', 'Contact us', 'hfgg', 'There is a new message coming from our contact page', 'هناك رسالة جديدة قادمة من صفحة تواصل معنا', 'https://washonline-app.com/contact-messages', NULL, '2024-05-13 15:37:39', '2023-12-25 12:50:45', '2024-05-13 15:37:39'),
(6, 'طلب جديد', 'New Order', 'nayra', 'There is a new Order coming to orders Page', 'هناك طلب جديد وصل اليك في صفحة الطلبات', 'https://washonline-app.com/company/orders', 2, '2024-05-13 15:37:39', '2023-12-25 13:16:17', '2024-05-13 15:37:39'),
(7, 'طلب جديد', 'New Order', 'amira', 'There is a new Order coming to orders Page', 'هناك طلب جديد وصل اليك في صفحة الطلبات', 'https://washonline-app.com/company/orders', 2, '2024-05-13 15:37:39', '2023-12-26 06:55:44', '2024-05-13 15:37:39'),
(8, 'طلب جديد', 'New Order', 'amira', 'There is a new Order coming to orders Page', 'هناك طلب جديد وصل اليك في صفحة الطلبات', 'https://washonline-app.com/company/orders', 2, '2024-05-13 15:37:39', '2023-12-26 09:43:02', '2024-05-13 15:37:39'),
(9, 'طلب جديد', 'New Order', 'amira', 'There is a new Order coming to orders Page', 'هناك طلب جديد وصل اليك في صفحة الطلبات', 'https://washonline-app.com/company/orders', 2, '2024-05-13 15:37:39', '2023-12-26 09:47:32', '2024-05-13 15:37:39'),
(10, 'تواصل معنا', 'Contact us', 'amira', 'There is a new message coming from our contact page', 'هناك رسالة جديدة قادمة من صفحة تواصل معنا', 'https://washonline-app.com/contact-messages', NULL, '2024-05-13 15:37:39', '2023-12-26 10:03:50', '2024-05-13 15:37:39'),
(11, 'طلب جديد', 'New Order', 'amira', 'There is a new Order coming to orders Page', 'هناك طلب جديد وصل اليك في صفحة الطلبات', 'https://washonline-app.com/company/orders', 2, '2024-05-13 15:37:39', '2023-12-26 10:32:44', '2024-05-13 15:37:39'),
(12, 'طلب جديد', 'New Order', 'amira', 'There is a new Order coming to orders Page', 'هناك طلب جديد وصل اليك في صفحة الطلبات', 'https://washonline-app.com/company/orders', 2, '2024-05-13 15:37:39', '2023-12-26 10:37:46', '2024-05-13 15:37:39'),
(13, 'تواصل معنا', 'Contact us', 'Amira', 'There is a new message coming from our contact page', 'هناك رسالة جديدة قادمة من صفحة تواصل معنا', 'https://washonline-app.com/contact-messages', NULL, '2024-05-13 15:37:39', '2023-12-26 12:17:44', '2024-05-13 15:37:39'),
(14, 'تواصل معنا', 'Contact us', 'Ty Ggg', 'There is a new message coming from our contact page', 'هناك رسالة جديدة قادمة من صفحة تواصل معنا', 'https://washonline-app.com/contact-messages', NULL, '2024-05-13 15:37:39', '2023-12-26 12:19:08', '2024-05-13 15:37:39'),
(15, 'طلب جديد', 'New Order', 'amira', 'There is a new Order coming to orders Page', 'هناك طلب جديد وصل اليك في صفحة الطلبات', 'https://washonline-app.com/company/orders', 2, '2024-05-13 15:37:39', '2023-12-26 12:33:12', '2024-05-13 15:37:39'),
(16, 'طلب جديد', 'New Order', 'amira', 'There is a new Order coming to orders Page', 'هناك طلب جديد وصل اليك في صفحة الطلبات', 'https://washonline-app.com/company/orders', 2, '2024-05-13 15:37:39', '2023-12-26 12:50:05', '2024-05-13 15:37:39'),
(17, 'طلب جديد', 'New Order', 'Amira', 'There is a new Order coming to orders Page', 'هناك طلب جديد وصل اليك في صفحة الطلبات', 'https://washonline-app.com/company/orders', 2, '2024-05-13 15:37:39', '2023-12-26 14:06:03', '2024-05-13 15:37:39'),
(18, 'طلب جديد', 'New Order', 'Amira', 'There is a new Order coming to orders Page', 'هناك طلب جديد وصل اليك في صفحة الطلبات', 'https://washonline-app.com/company/orders', 2, '2024-05-13 15:37:39', '2023-12-27 10:22:06', '2024-05-13 15:37:39'),
(19, 'طلب جديد', 'New Order', 'Amira', 'There is a new Order coming to orders Page', 'هناك طلب جديد وصل اليك في صفحة الطلبات', 'https://washonline-app.com/company/orders', 2, '2024-05-13 15:37:39', '2023-12-28 05:23:11', '2024-05-13 15:37:39'),
(20, 'طلب جديد', 'New Order', 'Amira', 'There is a new Order coming to orders Page', 'هناك طلب جديد وصل اليك في صفحة الطلبات', 'https://washonline-app.com/company/orders', 2, '2024-05-13 15:37:39', '2023-12-28 06:35:19', '2024-05-13 15:37:39'),
(21, 'طلب جديد', 'New Order', 'Amira', 'There is a new Order coming to orders Page', 'هناك طلب جديد وصل اليك في صفحة الطلبات', 'https://washonline-app.com/company/orders', 2, '2024-05-13 15:37:39', '2023-12-28 06:41:37', '2024-05-13 15:37:39'),
(22, 'تواصل معنا', 'Contact us', 'Amira test50', 'There is a new message coming from our contact page', 'هناك رسالة جديدة قادمة من صفحة تواصل معنا', 'https://washonline-app.com/contact-messages', NULL, '2024-05-13 15:37:39', '2023-12-28 09:24:46', '2024-05-13 15:37:39'),
(23, 'تواصل معنا', 'Contact us', 'Amira', 'There is a new message coming from our contact page', 'هناك رسالة جديدة قادمة من صفحة تواصل معنا', 'https://washonline-app.com/contact-messages', NULL, '2024-05-13 15:37:39', '2023-12-28 09:25:26', '2024-05-13 15:37:39'),
(24, 'طلب جديد', 'New Order', 'donia', 'There is a new Order coming to orders Page', 'هناك طلب جديد وصل اليك في صفحة الطلبات', 'https://washonline-app.com/company/orders', 2, '2024-05-13 15:37:39', '2023-12-28 12:32:27', '2024-05-13 15:37:39'),
(25, 'طلب جديد', 'New Order', 'Amira', 'There is a new Order coming to orders Page', 'هناك طلب جديد وصل اليك في صفحة الطلبات', 'https://washonline-app.com/company/orders', 2, '2024-05-13 15:37:39', '2023-12-31 06:56:44', '2024-05-13 15:37:39'),
(26, 'طلب جديد', 'New Order', 'Amira', 'There is a new Order coming to orders Page', 'هناك طلب جديد وصل اليك في صفحة الطلبات', 'https://washonline-app.com/company/orders', 2, '2024-05-13 15:37:39', '2023-12-31 08:17:45', '2024-05-13 15:37:39'),
(27, 'طلب جديد', 'New Order', 'dodo', 'There is a new Order coming to orders Page', 'هناك طلب جديد وصل اليك في صفحة الطلبات', 'https://washonline-app.com/company/orders', 2, '2024-05-13 15:37:39', '2023-12-31 09:27:25', '2024-05-13 15:37:39'),
(28, 'طلب جديد', 'New Order', 'Amira', 'There is a new Order coming to orders Page', 'هناك طلب جديد وصل اليك في صفحة الطلبات', 'https://washonline-app.com/company/orders', 2, '2024-05-13 15:37:39', '2024-01-08 07:29:10', '2024-05-13 15:37:39'),
(29, 'طلب جديد', 'New Order', 'donia', 'There is a new Order coming to orders Page', 'هناك طلب جديد وصل اليك في صفحة الطلبات', 'https://washonline-app.com/company/orders', 2, '2024-05-13 15:37:39', '2024-01-08 08:04:27', '2024-05-13 15:37:39'),
(30, 'طلب جديد', 'New Order', 'Amira', 'There is a new Order coming to orders Page', 'هناك طلب جديد وصل اليك في صفحة الطلبات', 'https://washonline-app.com/company/orders', 2, '2024-05-13 15:37:39', '2024-01-08 08:13:05', '2024-05-13 15:37:39'),
(31, 'طلب جديد', 'New Order', 'emcan', 'There is a new Order coming to orders Page', 'هناك طلب جديد وصل اليك في صفحة الطلبات', 'https://washonline-app.com/company/orders', 2, '2024-05-13 15:37:39', '2024-01-08 08:24:31', '2024-05-13 15:37:39'),
(32, 'تواصل معنا', 'Contact us', 'Amira', 'There is a new message coming from our contact page', 'هناك رسالة جديدة قادمة من صفحة تواصل معنا', 'https://washonline-app.com/contact-messages', NULL, '2024-05-13 15:37:39', '2024-01-10 06:55:56', '2024-05-13 15:37:39'),
(33, 'طلب جديد', 'New Order', 'mero', 'There is a new Order coming to orders Page', 'هناك طلب جديد وصل اليك في صفحة الطلبات', 'https://washonline-app.com/company/orders', 2, '2024-05-13 15:37:39', '2024-01-17 07:18:45', '2024-05-13 15:37:39'),
(34, 'طلب جديد', 'New Order', 'mero', 'There is a new Order coming to orders Page', 'هناك طلب جديد وصل اليك في صفحة الطلبات', 'https://washonline-app.com/company/orders', 2, '2024-05-13 15:37:39', '2024-01-18 12:27:12', '2024-05-13 15:37:39'),
(35, 'طلب جديد', 'New Order', 'mero', 'There is a new Order coming to orders Page', 'هناك طلب جديد وصل اليك في صفحة الطلبات', 'https://washonline-app.com/company/orders', 2, '2024-05-13 15:37:39', '2024-01-18 12:29:48', '2024-05-13 15:37:39'),
(36, 'طلب جديد', 'New Order', 'donia', 'There is a new Order coming to orders Page', 'هناك طلب جديد وصل اليك في صفحة الطلبات', 'https://washonline-app.com/company/orders', 2, '2024-05-13 15:37:39', '2024-01-18 12:59:13', '2024-05-13 15:37:39'),
(37, 'طلب جديد', 'New Order', 'emcan', 'There is a new Order coming to orders Page', 'هناك طلب جديد وصل اليك في صفحة الطلبات', 'https://washonline-app.com/company/orders', 2, '2024-05-13 15:37:39', '2024-01-21 10:16:54', '2024-05-13 15:37:39'),
(38, 'طلب جديد', 'New Order', 'emcan', 'There is a new Order coming to orders Page', 'هناك طلب جديد وصل اليك في صفحة الطلبات', 'https://washonline-app.com/company/orders', 2, '2024-05-13 15:37:39', '2024-01-24 08:57:48', '2024-05-13 15:37:39'),
(39, 'طلب جديد', 'New Order', 'rodaina', 'There is a new Order coming to orders Page', 'هناك طلب جديد وصل اليك في صفحة الطلبات', 'https://washonline-app.com/company/orders', 2, '2024-05-13 15:37:39', '2024-01-24 11:13:26', '2024-05-13 15:37:39'),
(40, 'تواصل معنا', 'Contact us', 'سلطان', 'There is a new message coming from our contact page', 'هناك رسالة جديدة قادمة من صفحة تواصل معنا', 'https://washonline-app.com/contact-messages', NULL, '2024-05-13 15:37:39', '2024-03-11 07:27:14', '2024-05-13 15:37:39'),
(41, 'طلب جديد', 'New Order', 'donia', 'There is a new Order coming to orders Page', 'هناك طلب جديد وصل اليك في صفحة الطلبات', 'https://washonline-app.com/company/orders', 2, '2024-05-13 15:37:39', '2024-05-13 07:02:16', '2024-05-13 15:37:39'),
(42, 'طلب جديد', 'New Order', 'donia', 'There is a new Order coming to orders Page', 'هناك طلب جديد وصل اليك في صفحة الطلبات', 'https://washonline-app.com/company/orders', 2, '2024-05-13 15:37:39', '2024-05-13 07:11:01', '2024-05-13 15:37:39'),
(43, 'طلب جديد', 'New Order', 'احمد بوسبيت', 'There is a new Order coming to orders Page', 'هناك طلب جديد وصل اليك في صفحة الطلبات', 'https://washonline-app.com/company/orders', 2, NULL, '2024-05-22 08:28:38', '2024-05-22 08:28:38'),
(44, 'طلب جديد', 'New Order', 'احمد بوسبيت', 'There is a new Order coming to orders Page', 'هناك طلب جديد وصل اليك في صفحة الطلبات', 'https://washonline-app.com/company/orders', 2, NULL, '2024-05-22 08:28:43', '2024-05-22 08:28:43'),
(45, 'طلب جديد', 'New Order', 'احمد بوسبيت', 'There is a new Order coming to orders Page', 'هناك طلب جديد وصل اليك في صفحة الطلبات', 'https://washonline-app.com/company/orders', 2, NULL, '2024-05-22 08:28:48', '2024-05-22 08:28:48'),
(46, 'طلب جديد', 'New Order', 'donia', 'There is a new Order coming to orders Page', 'هناك طلب جديد وصل اليك في صفحة الطلبات', 'https://washonline-app.com/company/orders', 129, NULL, '2024-05-27 03:38:00', '2024-05-27 03:38:00'),
(47, 'طلب جديد', 'New Order', 'rodaina', 'There is a new Order coming to orders Page', 'هناك طلب جديد وصل اليك في صفحة الطلبات', 'https://washonline-app.com/company/orders', 147, NULL, '2024-06-03 07:59:30', '2024-06-03 07:59:30'),
(48, 'طلب جديد', 'New Order', 'rodaina', 'There is a new Order coming to orders Page', 'هناك طلب جديد وصل اليك في صفحة الطلبات', 'https://washonline-app.com/company/orders', 147, NULL, '2024-06-03 09:54:24', '2024-06-03 09:54:24'),
(49, 'طلب جديد', 'New Order', 'rodaina', 'There is a new Order coming to orders Page', 'هناك طلب جديد وصل اليك في صفحة الطلبات', 'https://washonline-app.com/company/orders', 147, NULL, '2024-06-03 09:54:27', '2024-06-03 09:54:27'),
(50, 'طلب جديد', 'New Order', 'rodaina', 'There is a new Order coming to orders Page', 'هناك طلب جديد وصل اليك في صفحة الطلبات', 'https://washonline-app.com/company/orders', 147, NULL, '2024-06-03 09:54:30', '2024-06-03 09:54:30'),
(51, 'طلب جديد', 'New Order', 'rodaina', 'There is a new Order coming to orders Page', 'هناك طلب جديد وصل اليك في صفحة الطلبات', 'https://washonline-app.com/company/orders', 147, NULL, '2024-06-03 09:54:34', '2024-06-03 09:54:34'),
(52, 'طلب جديد', 'New Order', 'سلطان', 'There is a new Order coming to orders Page', 'هناك طلب جديد وصل اليك في صفحة الطلبات', 'https://washonline-app.com/company/orders', 143, NULL, '2024-06-05 07:05:22', '2024-06-05 07:05:22'),
(53, 'طلب جديد', 'New Order', 'سلطان', 'There is a new Order coming to orders Page', 'هناك طلب جديد وصل اليك في صفحة الطلبات', 'https://washonline-app.com/company/orders', 143, NULL, '2024-06-05 07:05:29', '2024-06-05 07:05:29'),
(54, 'طلب جديد', 'New Order', 'سلطان', 'There is a new Order coming to orders Page', 'هناك طلب جديد وصل اليك في صفحة الطلبات', 'https://washonline-app.com/company/orders', 143, NULL, '2024-06-05 07:09:29', '2024-06-05 07:09:29'),
(55, 'طلب جديد', 'New Order', 'سلطان', 'There is a new Order coming to orders Page', 'هناك طلب جديد وصل اليك في صفحة الطلبات', 'https://washonline-app.com/company/orders', 143, NULL, '2024-06-05 07:09:48', '2024-06-05 07:09:48'),
(56, 'طلب جديد', 'New Order', 'rodaina', 'There is a new Order coming to orders Page', 'هناك طلب جديد وصل اليك في صفحة الطلبات', 'https://washonline-app.com/company/orders', 143, NULL, '2024-06-05 07:15:47', '2024-06-05 07:15:47'),
(57, 'طلب جديد', 'New Order', 'rodaina', 'There is a new Order coming to orders Page', 'هناك طلب جديد وصل اليك في صفحة الطلبات', 'https://washonline-app.com/company/orders', 143, NULL, '2024-06-05 07:15:52', '2024-06-05 07:15:52'),
(58, 'طلب جديد', 'New Order', 'rodaina', 'There is a new Order coming to orders Page', 'هناك طلب جديد وصل اليك في صفحة الطلبات', 'https://washonline-app.com/company/orders', 143, NULL, '2024-06-05 07:15:57', '2024-06-05 07:15:57'),
(59, 'طلب جديد', 'New Order', 'rodaina', 'There is a new Order coming to orders Page', 'هناك طلب جديد وصل اليك في صفحة الطلبات', 'https://washonline-app.com/company/orders', 143, NULL, '2024-06-05 07:19:14', '2024-06-05 07:19:14'),
(60, 'طلب جديد', 'New Order', 'donia', 'There is a new Order coming to orders Page', 'هناك طلب جديد وصل اليك في صفحة الطلبات', 'https://washonline-app.com/company/orders', 129, NULL, '2024-06-05 07:29:57', '2024-06-05 07:29:57'),
(61, 'طلب جديد', 'New Order', 'donia', 'There is a new Order coming to orders Page', 'هناك طلب جديد وصل اليك في صفحة الطلبات', 'https://washonline-app.com/company/orders', 129, NULL, '2024-06-05 07:35:18', '2024-06-05 07:35:18'),
(62, 'طلب جديد', 'New Order', 'سلطان', 'There is a new Order coming to orders Page', 'هناك طلب جديد وصل اليك في صفحة الطلبات', 'https://washonline-app.com/company/orders', 143, NULL, '2024-06-05 16:11:16', '2024-06-05 16:11:16'),
(63, 'طلب جديد', 'New Order', 'سلطان', 'There is a new Order coming to orders Page', 'هناك طلب جديد وصل اليك في صفحة الطلبات', 'https://washonline-app.com/company/orders', 143, NULL, '2024-06-07 06:24:51', '2024-06-07 06:24:51');

-- --------------------------------------------------------

--
-- Table structure for table `orders`
--

CREATE TABLE `orders` (
  `id` bigint(20) UNSIGNED NOT NULL,
  `company_id` bigint(20) UNSIGNED NOT NULL,
  `user_id` bigint(20) UNSIGNED NOT NULL,
  `address_id` bigint(20) UNSIGNED DEFAULT NULL,
  `payment_method_id` bigint(20) UNSIGNED DEFAULT NULL,
  `date` date NOT NULL,
  `time` time NOT NULL,
  `sub_total` decimal(8,3) DEFAULT NULL,
  `vat_cost` decimal(8,3) DEFAULT NULL,
  `net_total` decimal(8,3) DEFAULT NULL,
  `status` enum('approved','onway','processing','done') DEFAULT NULL,
  `created_at` timestamp NULL DEFAULT NULL,
  `updated_at` timestamp NULL DEFAULT NULL,
  `transaction_number` varchar(255) DEFAULT NULL,
  `is_paid` tinyint(1) DEFAULT 0
) ENGINE=InnoDB DEFAULT CHARSET=utf8mb4 COLLATE=utf8mb4_unicode_ci;

--
-- Dumping data for table `orders`
--

INSERT INTO `orders` (`id`, `company_id`, `user_id`, `address_id`, `payment_method_id`, `date`, `time`, `sub_total`, `vat_cost`, `net_total`, `status`, `created_at`, `updated_at`, `transaction_number`, `is_paid`) VALUES
(39, 129, 12, 9, 5, '2024-05-28', '14:38:00', 60.000, 0.000, 60.000, NULL, '2024-05-27 03:38:00', '2024-05-27 03:38:00', NULL, 0),
(40, 147, 26, 31, 5, '2024-06-03', '13:45:00', 60.000, 0.000, 60.000, NULL, '2024-06-03 07:59:30', '2024-06-03 07:59:30', NULL, 0),
(41, 147, 26, 31, 1, '2024-06-03', '14:45:00', 60.000, 0.000, 60.000, NULL, '2024-06-03 09:54:24', '2024-06-03 09:54:24', NULL, 0),
(42, 147, 26, 31, 2, '2024-06-03', '14:45:00', 60.000, 0.000, 60.000, NULL, '2024-06-03 09:54:27', '2024-06-03 09:54:27', NULL, 0),
(43, 147, 26, 31, 4, '2024-06-03', '14:45:00', 60.000, 0.000, 60.000, NULL, '2024-06-03 09:54:30', '2024-06-03 09:54:30', NULL, 0),
(44, 147, 26, 31, 5, '2024-06-03', '14:45:00', 60.000, 0.000, 60.000, NULL, '2024-06-03 09:54:34', '2024-06-03 09:54:34', NULL, 0),
(45, 143, 14, 33, 4, '2024-06-30', '14:23:00', 1.000, 0.000, 1.000, 'done', '2024-06-05 07:05:22', '2024-06-05 07:07:00', NULL, 0),
(46, 143, 14, 33, 5, '2024-06-30', '14:23:00', 1.000, 0.000, 1.000, 'done', '2024-06-05 07:05:29', '2024-06-05 07:07:54', NULL, 0),
(47, 143, 14, 33, 4, '2024-06-05', '14:48:00', 1.000, 0.000, 1.000, 'done', '2024-06-05 07:09:29', '2024-06-05 16:13:12', NULL, 0),
(48, 143, 14, 33, 5, '2024-06-05', '14:48:00', 1.000, 0.000, 1.000, 'done', '2024-06-05 07:09:48', '2024-06-05 16:12:28', NULL, 0),
(49, 143, 26, 32, 1, '2024-06-05', '15:48:00', 1.000, 0.000, 1.000, 'done', '2024-06-05 07:15:47', '2024-06-05 16:13:29', NULL, 0),
(50, 143, 26, 32, 2, '2024-06-05', '15:48:00', 1.000, 0.000, 1.000, 'done', '2024-06-05 07:15:52', '2024-06-07 06:25:52', NULL, 0),
(51, 143, 26, 32, 4, '2024-06-05', '15:48:00', 1.000, 0.000, 1.000, 'done', '2024-06-05 07:15:57', '2024-06-07 06:30:46', NULL, 0),
(52, 143, 26, 32, 5, '2024-06-05', '15:48:00', 1.000, 0.000, 1.000, 'done', '2024-06-05 07:19:14', '2024-06-07 06:31:22', NULL, 0),
(53, 129, 12, 9, 1, '2024-06-08', '07:00:00', 60.000, 0.000, 60.000, NULL, '2024-06-05 07:29:57', '2024-06-05 07:29:57', NULL, 0),
(54, 129, 12, 40, 5, '2024-06-08', '07:00:00', 60.000, 0.000, 60.000, NULL, '2024-06-05 07:35:18', '2024-06-05 07:35:18', NULL, 0),
(55, 143, 14, 33, 5, '2024-06-05', '14:48:00', 1.000, 0.000, 1.000, 'done', '2024-06-05 16:11:16', '2024-06-09 18:55:19', NULL, 0),
(56, 143, 14, 33, 5, '2024-06-08', '12:16:00', 4.000, 0.000, 4.000, 'done', '2024-06-07 06:24:51', '2024-06-07 06:31:07', NULL, 0);

-- --------------------------------------------------------

--
-- Table structure for table `order_details`
--

CREATE TABLE `order_details` (
  `id` bigint(20) UNSIGNED NOT NULL,
  `order_id` bigint(20) UNSIGNED NOT NULL,
  `company_service_id` bigint(20) UNSIGNED DEFAULT NULL,
  `standard_id` bigint(20) UNSIGNED DEFAULT NULL,
  `standard_quantity` int(10) UNSIGNED NOT NULL,
  `need_materials` tinyint(1) NOT NULL DEFAULT 0,
  `cleaning_materials_cost` decimal(8,3) NOT NULL DEFAULT 0.000,
  `title_ar` varchar(255) NOT NULL,
  `title_en` varchar(255) NOT NULL,
  `price` decimal(8,3) NOT NULL DEFAULT 0.000,
  `note` text DEFAULT NULL,
  `created_at` timestamp NULL DEFAULT NULL,
  `updated_at` timestamp NULL DEFAULT NULL
) ENGINE=InnoDB DEFAULT CHARSET=utf8mb4 COLLATE=utf8mb4_unicode_ci;

--
-- Dumping data for table `order_details`
--

INSERT INTO `order_details` (`id`, `order_id`, `company_service_id`, `standard_id`, `standard_quantity`, `need_materials`, `cleaning_materials_cost`, `title_ar`, `title_en`, `price`, `note`, `created_at`, `updated_at`) VALUES
(48, 39, 46, 1, 1, 1, 10.000, 'تنظيف المنازل', 'cleaning houses ', 50.000, 'Add your own instructions...', '2024-05-27 03:38:00', '2024-05-27 03:38:00'),
(49, 40, 79, 1, 1, 1, 10.000, 'عمالة منزلية', 'Domestic workers', 50.000, 'Add your own instructions...', '2024-06-03 07:59:30', '2024-06-03 07:59:30'),
(50, 41, 79, 1, 1, 1, 10.000, 'عمالة منزلية', 'Domestic workers', 50.000, 'Add your own instructions...', '2024-06-03 09:54:24', '2024-06-03 09:54:24'),
(51, 42, 79, 1, 1, 1, 10.000, 'عمالة منزلية', 'Domestic workers', 50.000, 'Add your own instructions...', '2024-06-03 09:54:27', '2024-06-03 09:54:27'),
(52, 43, 79, 1, 1, 1, 10.000, 'عمالة منزلية', 'Domestic workers', 50.000, 'Add your own instructions...', '2024-06-03 09:54:30', '2024-06-03 09:54:30'),
(53, 44, 79, 1, 1, 1, 10.000, 'عمالة منزلية', 'Domestic workers', 50.000, 'Add your own instructions...', '2024-06-03 09:54:34', '2024-06-03 09:54:34'),
(54, 45, 78, 1, 1, 1, 0.000, 'عمالة منزلية', 'Domestic workers', 1.000, 'أضف تعليماتك الخاصة...', '2024-06-05 07:05:22', '2024-06-05 07:05:22'),
(55, 46, 78, 1, 1, 1, 0.000, 'عمالة منزلية', 'Domestic workers', 1.000, 'أضف تعليماتك الخاصة...', '2024-06-05 07:05:29', '2024-06-05 07:05:29'),
(56, 47, 78, 1, 1, 1, 0.000, 'عمالة منزلية', 'Domestic workers', 1.000, 'أضف تعليماتك الخاصة...', '2024-06-05 07:09:29', '2024-06-05 07:09:29'),
(57, 48, 78, 1, 1, 1, 0.000, 'عمالة منزلية', 'Domestic workers', 1.000, 'أضف تعليماتك الخاصة...', '2024-06-05 07:09:48', '2024-06-05 07:09:48'),
(58, 49, 78, 1, 1, 1, 0.000, 'عمالة منزلية', 'Domestic workers', 1.000, 'Add your own instructions...', '2024-06-05 07:15:47', '2024-06-05 07:15:47'),
(59, 50, 78, 1, 1, 1, 0.000, 'عمالة منزلية', 'Domestic workers', 1.000, 'Add your own instructions...', '2024-06-05 07:15:52', '2024-06-05 07:15:52'),
(60, 51, 78, 1, 1, 1, 0.000, 'عمالة منزلية', 'Domestic workers', 1.000, 'Add your own instructions...', '2024-06-05 07:15:57', '2024-06-05 07:15:57'),
(61, 52, 78, 1, 1, 1, 0.000, 'عمالة منزلية', 'Domestic workers', 1.000, 'Add your own instructions...', '2024-06-05 07:19:14', '2024-06-05 07:19:14'),
(62, 53, 46, 1, 1, 1, 10.000, 'تنظيف المنازل', 'cleaning houses ', 50.000, 'أضف تعليماتك الخاصة...', '2024-06-05 07:29:57', '2024-06-05 07:29:57'),
(63, 54, 46, 1, 1, 1, 10.000, 'تنظيف المنازل', 'cleaning houses ', 50.000, 'أضف تعليماتك الخاصة...', '2024-06-05 07:35:18', '2024-06-05 07:35:18'),
(64, 55, 78, 1, 1, 1, 0.000, 'عمالة منزلية', 'Domestic workers', 1.000, 'أضف تعليماتك الخاصة...', '2024-06-05 16:11:16', '2024-06-05 16:11:16'),
(65, 56, 78, 1, 4, 1, 0.000, 'عمالة منزلية', 'Domestic workers', 1.000, 'أضف تعليماتك الخاصة...', '2024-06-07 06:24:51', '2024-06-07 06:24:51');

-- --------------------------------------------------------

--
-- Table structure for table `password_reset_tokens`
--

CREATE TABLE `password_reset_tokens` (
  `email` varchar(255) NOT NULL,
  `token` varchar(255) NOT NULL,
  `created_at` timestamp NULL DEFAULT NULL
) ENGINE=InnoDB DEFAULT CHARSET=utf8mb4 COLLATE=utf8mb4_unicode_ci;

-- --------------------------------------------------------

--
-- Table structure for table `payment_methods`
--

CREATE TABLE `payment_methods` (
  `id` bigint(20) UNSIGNED NOT NULL,
  `tap_src` varchar(255) DEFAULT NULL,
  `name_ar` varchar(255) NOT NULL,
  `name_en` varchar(255) NOT NULL,
  `image` varchar(255) NOT NULL,
  `display` tinyint(1) NOT NULL,
  `created_at` timestamp NULL DEFAULT NULL,
  `updated_at` timestamp NULL DEFAULT NULL
) ENGINE=InnoDB DEFAULT CHARSET=utf8mb4 COLLATE=utf8mb4_unicode_ci;

--
-- Dumping data for table `payment_methods`
--

INSERT INTO `payment_methods` (`id`, `tap_src`, `name_ar`, `name_en`, `image`, `display`, `created_at`, `updated_at`) VALUES
(1, 'src_bh.benefit', 'بطاقة الصراف الآلي', 'Debit Card', 'https://btchocolateapp.com/uploads/payment_methods/1693910509.png', 1, '2021-06-02 00:48:55', '2023-12-27 13:32:19'),
(2, 'src_card', 'بطاقة الإئتمان', 'Credit Card', 'https://btchocolateapp.com/public/uploads/payment_methods/1693910651.png', 0, '2021-06-02 00:48:55', '2023-12-27 13:32:42'),
(3, 'src_bh.benefit', 'بنفت باي', 'Benefit Pay', 'https://btchocolateapp.com/public/uploads/payment_methods/1693402771.png', 1, '2021-06-02 00:48:55', '2023-12-06 13:35:56'),
(4, 'src_apple_pay', 'أبل باي', 'Apple Pay', 'https://btchocolateapp.com/public/uploads/payment_methods/1693402472.png', 1, '2021-06-02 00:48:55', '2023-12-10 12:23:26'),
(5, NULL, 'كاش', 'Cash', 'https://btchocolateapp.com/uploads/payment_methods/1622645372.png', 0, NULL, '2023-12-27 13:32:36');

-- --------------------------------------------------------

--
-- Table structure for table `personal_access_tokens`
--

CREATE TABLE `personal_access_tokens` (
  `id` bigint(20) UNSIGNED NOT NULL,
  `tokenable_type` varchar(255) NOT NULL,
  `tokenable_id` bigint(20) UNSIGNED NOT NULL,
  `name` varchar(255) NOT NULL,
  `token` varchar(64) NOT NULL,
  `abilities` text DEFAULT NULL,
  `last_used_at` timestamp NULL DEFAULT NULL,
  `expires_at` timestamp NULL DEFAULT NULL,
  `created_at` timestamp NULL DEFAULT NULL,
  `updated_at` timestamp NULL DEFAULT NULL
) ENGINE=InnoDB DEFAULT CHARSET=utf8mb4 COLLATE=utf8mb4_unicode_ci;

--
-- Dumping data for table `personal_access_tokens`
--

INSERT INTO `personal_access_tokens` (`id`, `tokenable_type`, `tokenable_id`, `name`, `token`, `abilities`, `last_used_at`, `expires_at`, `created_at`, `updated_at`) VALUES
(1, 'App\\Models\\User', 1, 'API TOKEN', 'cc2facfa9513cf663c919b871ce678c6bbc79fbaeb064f2de07877e21e703c50', '[\"*\"]', '2023-12-05 11:21:01', NULL, '2023-12-05 10:51:11', '2023-12-05 11:21:01'),
(2, 'App\\Models\\User', 1, 'API TOKEN', 'a3958c5268c178c622ba3ba712c998e61adbf1296cf0b0cb6525416b0c5a61a4', '[\"*\"]', NULL, NULL, '2023-12-05 11:20:33', '2023-12-05 11:20:33'),
(3, 'App\\Models\\User', 1, 'API TOKEN', '8df224ce68c961cb6bb660668131f13b66ef417d9dc296d21ab65d43250d07e3', '[\"*\"]', NULL, NULL, '2023-12-05 11:24:19', '2023-12-05 11:24:19'),
(4, 'App\\Models\\User', 4, 'API TOKEN', '57946ffa921780279f2f8b0948ed02ac83f171e2d2e4f0b8353f77ca40c04ddf', '[\"*\"]', '2023-12-10 08:24:54', NULL, '2023-12-10 07:05:07', '2023-12-10 08:24:54'),
(5, 'App\\Models\\User', 4, 'API TOKEN', '0283acc156f49b157a3147e31ed69191851a3461f1be5ece5752b27c237489d4', '[\"*\"]', '2023-12-10 11:26:14', NULL, '2023-12-10 11:16:10', '2023-12-10 11:26:14'),
(6, 'App\\Models\\User', 4, 'API TOKEN', 'a7c1bb3c08ad1301eb26dee0ded654c9a4d1b00650339026b8d539ff8c5c9632', '[\"*\"]', '2023-12-10 11:35:29', NULL, '2023-12-10 11:29:04', '2023-12-10 11:35:29'),
(7, 'App\\Models\\User', 4, 'API TOKEN', '88c5ef8fba5ed0b7a72a1650e371ef9c1dacd10217419e484ba7984ed58358b6', '[\"*\"]', '2023-12-12 10:05:18', NULL, '2023-12-12 10:04:17', '2023-12-12 10:05:18'),
(8, 'App\\Models\\User', 4, 'API TOKEN', '7bdc5709dee3092542d853f74e72f917d5f6642b0342b5d0eddd558c5842c123', '[\"*\"]', '2023-12-14 12:21:35', NULL, '2023-12-14 06:29:24', '2023-12-14 12:21:35'),
(9, 'App\\Models\\User', 4, 'API TOKEN', 'd32a791bbcc05786ddea47df62938f52793c233cf0768fc5c060f8129430c71b', '[\"*\"]', '2023-12-19 09:45:52', NULL, '2023-12-19 07:03:09', '2023-12-19 09:45:52'),
(10, 'App\\Models\\User', 4, 'API TOKEN', '16189444c3c2aa9a84436c1aa5d5da0c6a808fd8238e34ab6e3b0a56d9cb30f8', '[\"*\"]', NULL, NULL, '2023-12-19 07:07:01', '2023-12-19 07:07:01'),
(11, 'App\\Models\\User', 4, 'API TOKEN', '40d1dfed6d9e5235d59ac4a26407304a419bf7de80f526b11041c6d1205cf7b3', '[\"*\"]', NULL, NULL, '2023-12-19 09:19:46', '2023-12-19 09:19:46'),
(13, 'App\\Models\\User', 4, 'API TOKEN', '79028d9efdc9ae87d5d7e75f567c6920a655de2c0b64e7b595d4ccbeafe19c4f', '[\"*\"]', '2023-12-19 11:03:23', NULL, '2023-12-19 10:47:17', '2023-12-19 11:03:23'),
(14, 'App\\Models\\User', 5, 'API TOKEN', '41b08497eea9feec39223d205ef1733b2c3f37fc9e99a44adc11a25f8993d9c5', '[\"*\"]', NULL, NULL, '2023-12-24 13:15:11', '2023-12-24 13:15:11'),
(15, 'App\\Models\\User', 5, 'API TOKEN', '469e9848693b3d93949548e9243673cdcd38f0586c82ea6c70025e764bdd5deb', '[\"*\"]', '2023-12-24 13:32:29', NULL, '2023-12-24 13:31:40', '2023-12-24 13:32:29'),
(16, 'App\\Models\\User', 5, 'API TOKEN', '375ea632de88d4307eba1a1f728f511f594607e1adc261b846f1facac6002728', '[\"*\"]', '2023-12-24 13:32:49', NULL, '2023-12-24 13:32:29', '2023-12-24 13:32:49'),
(17, 'App\\Models\\User', 5, 'API TOKEN', '1d5c8cd50dca040492b426976333b6b3903ed9be75ea78a9758e6193e6405111', '[\"*\"]', '2023-12-24 13:33:06', NULL, '2023-12-24 13:32:45', '2023-12-24 13:33:06'),
(18, 'App\\Models\\User', 5, 'API TOKEN', '94402253428c3e0b4982f0f4efc1403bc863801648adb4089b4bbc31d3db3a64', '[\"*\"]', '2023-12-24 13:32:53', NULL, '2023-12-24 13:32:51', '2023-12-24 13:32:53'),
(19, 'App\\Models\\User', 5, 'API TOKEN', '281c2f3e9879cbf00dd091672fd3cf83a00eb3b0cebf46e493e3e513117c0973', '[\"*\"]', NULL, NULL, '2023-12-24 13:32:53', '2023-12-24 13:32:53'),
(20, 'App\\Models\\User', 5, 'API TOKEN', '4ec4b246f922fbd15b9d5399d3f2e6b849d7347cde32604b25ae0c86d4bd425f', '[\"*\"]', NULL, NULL, '2023-12-24 13:32:55', '2023-12-24 13:32:55'),
(21, 'App\\Models\\User', 5, 'API TOKEN', '9a36f542e0613f5cbf7f35d47d2f8ce54d3c159580e57c6aef8a3251af5ce708', '[\"*\"]', '2023-12-24 13:33:57', NULL, '2023-12-24 13:33:06', '2023-12-24 13:33:57'),
(22, 'App\\Models\\User', 5, 'API TOKEN', '8fb7ab4fae6e3d5790c570ed8adb468b76daa2009e2fd10f61ee7d169f7de6c0', '[\"*\"]', '2023-12-24 13:45:34', NULL, '2023-12-24 13:33:57', '2023-12-24 13:45:34'),
(23, 'App\\Models\\User', 5, 'API TOKEN', 'acef0b0467e30e179eac8adbe6b6f776c894a00c2621d8ecd59af6da0caa8502', '[\"*\"]', '2023-12-24 13:48:16', NULL, '2023-12-24 13:45:34', '2023-12-24 13:48:16'),
(24, 'App\\Models\\User', 6, 'API TOKEN', '43a71b35476d1f1c3d1151ec04e5255b0aff086416e717ed88bfc51f526f693d', '[\"*\"]', '2023-12-24 13:46:57', NULL, '2023-12-24 13:46:20', '2023-12-24 13:46:57'),
(25, 'App\\Models\\User', 6, 'API TOKEN', 'b1e8023a3d8213e5b9ea80729e5d9f0a965034937a16dc8477e6d7dcbf23a9bf', '[\"*\"]', NULL, NULL, '2023-12-24 13:46:43', '2023-12-24 13:46:43'),
(26, 'App\\Models\\User', 6, 'API TOKEN', '2dfddae840ddec788b9e4d4312f3d38d6a0e1aa7df31d6819f9e78cbb9b33351', '[\"*\"]', '2023-12-24 13:48:07', NULL, '2023-12-24 13:46:57', '2023-12-24 13:48:07'),
(27, 'App\\Models\\User', 6, 'API TOKEN', '6009b0333d4383e5f1dc151e5fc3c2ae3e0ae93e4657295d9c6b87d843e9bc5a', '[\"*\"]', '2023-12-24 13:50:06', NULL, '2023-12-24 13:48:07', '2023-12-24 13:50:06'),
(28, 'App\\Models\\User', 5, 'API TOKEN', '5c7d148dc0c205b5a51f765c03230cfd761272b098962bbd571b275a638095d8', '[\"*\"]', '2023-12-24 13:51:41', NULL, '2023-12-24 13:48:16', '2023-12-24 13:51:41'),
(29, 'App\\Models\\User', 6, 'API TOKEN', 'f594ea07ac44898f073bc0faa8b73fdc2067487274006e6bb75ca143b91b1c8d', '[\"*\"]', '2023-12-24 13:50:04', NULL, '2023-12-24 13:48:48', '2023-12-24 13:50:04'),
(31, 'App\\Models\\User', 5, 'API TOKEN', 'e694cde9e7c505e2f9b11e09fd130f8555c9b7e1d354a156181d81cbac8eeabe', '[\"*\"]', NULL, NULL, '2023-12-24 13:50:57', '2023-12-24 13:50:57'),
(32, 'App\\Models\\User', 5, 'API TOKEN', '2e52d4c3edbf5ad7ca0c3e0071eb797db5c93b4acee6c2888017c69955f8ac8a', '[\"*\"]', NULL, NULL, '2023-12-24 13:51:02', '2023-12-24 13:51:02'),
(33, 'App\\Models\\User', 5, 'API TOKEN', 'a820e4514272bf84928cfa000c19d9084221f57b1d34462c21296d5f25545845', '[\"*\"]', NULL, NULL, '2023-12-24 13:51:12', '2023-12-24 13:51:12'),
(34, 'App\\Models\\User', 5, 'API TOKEN', '8e4fc8914718b3a89932d63fdd0d85fcb2c29da9ba08f6afb5c2212fce37d30c', '[\"*\"]', NULL, NULL, '2023-12-24 13:51:17', '2023-12-24 13:51:17'),
(35, 'App\\Models\\User', 5, 'API TOKEN', '108cd856e57e75b3ff9ce6c4a3e9d25f8863063ba662ccef5f7784f452395c49', '[\"*\"]', NULL, NULL, '2023-12-24 13:51:21', '2023-12-24 13:51:21'),
(36, 'App\\Models\\User', 5, 'API TOKEN', '609037e2a57dcf5dafd10d4f45b92d724ac249e6560d5878c6b8632d1d40bf08', '[\"*\"]', NULL, NULL, '2023-12-24 13:51:24', '2023-12-24 13:51:24'),
(37, 'App\\Models\\User', 5, 'API TOKEN', 'ffae6c8c2c01c8b6dab9bdcb170703c6a9804fe1ccca988f266c0ccdd82f9aa2', '[\"*\"]', '2023-12-24 13:51:54', NULL, '2023-12-24 13:51:41', '2023-12-24 13:51:54'),
(38, 'App\\Models\\User', 5, 'API TOKEN', '3d9885c044619c2e6c8b8bde7c789a50128dc0dcaa41e352413c64a0b6e3938b', '[\"*\"]', '2023-12-24 13:54:10', NULL, '2023-12-24 13:51:54', '2023-12-24 13:54:10'),
(39, 'App\\Models\\User', 5, 'API TOKEN', '1634094cf7b2f8bb99ddeb46a47a8c31ccf09227b2f4ef925808b66de002a294', '[\"*\"]', NULL, NULL, '2023-12-24 13:53:24', '2023-12-24 13:53:24'),
(40, 'App\\Models\\User', 5, 'API TOKEN', 'baf7fa18f737257b034dcbc807fde1f115a28cef88c56319ac7f549435eaeec3', '[\"*\"]', '2023-12-24 13:53:32', NULL, '2023-12-24 13:53:27', '2023-12-24 13:53:32'),
(41, 'App\\Models\\User', 5, 'API TOKEN', 'e6d82b189e9216eed3f0253d5c67544fe8336d34b08b11e52f81b90d577a85d7', '[\"*\"]', '2023-12-24 13:54:04', NULL, '2023-12-24 13:54:02', '2023-12-24 13:54:04'),
(42, 'App\\Models\\User', 5, 'API TOKEN', '33048f81b4c81a6052e2780b038b9e2bac23ad2940e27f2ce8434be7144fc50b', '[\"*\"]', NULL, NULL, '2023-12-24 13:54:06', '2023-12-24 13:54:06'),
(43, 'App\\Models\\User', 5, 'API TOKEN', '9ff88ef1d16027e5d3fa6f907fd9cf8cffb5c6f1b8ced027d66fdd118b28d0fe', '[\"*\"]', '2023-12-24 13:58:51', NULL, '2023-12-24 13:54:10', '2023-12-24 13:58:51'),
(44, 'App\\Models\\User', 5, 'API TOKEN', 'e7cc899b3ce40aabd5c97ea81fb9d888698f8a8a85aab76db080a53ea3e470aa', '[\"*\"]', '2023-12-24 14:04:06', NULL, '2023-12-24 13:58:51', '2023-12-24 14:04:06'),
(45, 'App\\Models\\User', 5, 'API TOKEN', 'b9ff4c0a1c861bdf99028ccb1af66b33248f0607bbbc650d5f4c9c4f569d51c3', '[\"*\"]', '2023-12-24 13:58:53', NULL, '2023-12-24 13:58:52', '2023-12-24 13:58:53'),
(46, 'App\\Models\\User', 5, 'API TOKEN', '6dc11ebdd226c8030eaa0bd04c02e19097fbbe55e4efbdd44445d34b6a2754c4', '[\"*\"]', NULL, NULL, '2023-12-24 13:58:53', '2023-12-24 13:58:53'),
(47, 'App\\Models\\User', 5, 'API TOKEN', '9c91537a43a9c4ae743e9abd915acecce9032eda550237ed20a1877ed7ffb93b', '[\"*\"]', NULL, NULL, '2023-12-24 14:03:31', '2023-12-24 14:03:31'),
(48, 'App\\Models\\User', 5, 'API TOKEN', '19a09838e5a9c7603b2cd8f003e31f31cd66d411b9dafff3e44b142f60cca2e7', '[\"*\"]', NULL, NULL, '2023-12-24 14:03:50', '2023-12-24 14:03:50'),
(49, 'App\\Models\\User', 5, 'API TOKEN', 'e650b01ea39092b9f003990200d0b3ba6f445a9c4a8b2478aafecdbcbb92be4c', '[\"*\"]', '2023-12-24 14:04:10', NULL, '2023-12-24 14:04:06', '2023-12-24 14:04:10'),
(50, 'App\\Models\\User', 5, 'API TOKEN', 'e8b042ec9677310555d9d0f7e0692c19a8c7ae5584edcd91d7ed47fdc9df5a23', '[\"*\"]', '2023-12-24 14:04:13', NULL, '2023-12-24 14:04:10', '2023-12-24 14:04:13'),
(51, 'App\\Models\\User', 5, 'API TOKEN', '7bef397046c7f0cf4a79b4b2484b36fbe559f3f8c0bd6acf1fb7073987729b92', '[\"*\"]', '2023-12-24 14:06:31', NULL, '2023-12-24 14:04:13', '2023-12-24 14:06:31'),
(52, 'App\\Models\\User', 5, 'API TOKEN', 'a1881452b7766fefc38c05f46d38e3a87b98601546d287776cd6947b7c776c11', '[\"*\"]', NULL, NULL, '2023-12-24 14:04:15', '2023-12-24 14:04:15'),
(53, 'App\\Models\\User', 5, 'API TOKEN', 'a9a380037fbdad8f1c5b7144968ca4b7f32b8265cf092b7bc595a0aeb62d5e10', '[\"*\"]', '2023-12-24 14:06:58', NULL, '2023-12-24 14:06:31', '2023-12-24 14:06:58'),
(54, 'App\\Models\\User', 5, 'API TOKEN', 'ae09d9244f6a38de00e6b7d68f79438e0ffce55d5834bc67c78c0d4320efc7d6', '[\"*\"]', '2023-12-24 14:23:32', NULL, '2023-12-24 14:06:58', '2023-12-24 14:23:32'),
(56, 'App\\Models\\User', 5, 'API TOKEN', 'a130234b9c97b0fedf2681c348c67473717f319cf1df0a5a795bb256fb4cee34', '[\"*\"]', NULL, NULL, '2023-12-24 14:24:16', '2023-12-24 14:24:16'),
(58, 'App\\Models\\User', 5, 'API TOKEN', '4a89aab5b2638f527484fc297c403b21a16295e5650e4c872dc9c8b3778134fe', '[\"*\"]', NULL, NULL, '2023-12-24 14:24:56', '2023-12-24 14:24:56'),
(59, 'App\\Models\\User', 5, 'API TOKEN', '8a990b969b9e05ee99299d454e6fa930e818ce823a492aa67475162f7fab0743', '[\"*\"]', NULL, NULL, '2023-12-24 14:28:17', '2023-12-24 14:28:17'),
(60, 'App\\Models\\User', 5, 'API TOKEN', 'd568da12ef38799df5e2b11de99e883b479486622b0e70c401a313ec9851ff9c', '[\"*\"]', '2023-12-24 14:33:28', NULL, '2023-12-24 14:33:14', '2023-12-24 14:33:28'),
(61, 'App\\Models\\User', 5, 'API TOKEN', '36223597b48219b115c1e1120eaefe7f5d1db3f878c43b9339bf7db2f3d39833', '[\"*\"]', NULL, NULL, '2023-12-24 14:33:22', '2023-12-24 14:33:22'),
(62, 'App\\Models\\User', 5, 'API TOKEN', '6dcdf3aa89b7bc791d6bc1d6cf80be69657b4aca2aaed2167cada08376b2a596', '[\"*\"]', '2023-12-24 14:34:11', NULL, '2023-12-24 14:33:28', '2023-12-24 14:34:11'),
(63, 'App\\Models\\User', 5, 'API TOKEN', '58ed61a6f73ae5c4940644a20f7ff9e4924a0b0ed3df84560bafbaf93d5f6045', '[\"*\"]', NULL, NULL, '2023-12-24 14:33:33', '2023-12-24 14:33:33'),
(65, 'App\\Models\\User', 5, 'API TOKEN', 'cf2d595a6e97a5d186a184809ce89e5acff6071dfafef563a3882d9ce284b297', '[\"*\"]', NULL, NULL, '2023-12-24 14:34:14', '2023-12-24 14:34:14'),
(66, 'App\\Models\\User', 5, 'API TOKEN', '13e8bdcd5c6cd9d451e9d3875e1827236a9bac919e0bbbd42d0c54800b55f5e7', '[\"*\"]', '2023-12-24 14:35:59', NULL, '2023-12-24 14:34:39', '2023-12-24 14:35:59'),
(67, 'App\\Models\\User', 5, 'API TOKEN', 'c0125bc4b639fb9dcc6fae752fad6043a668e72107b682f3a50b2455a3381930', '[\"*\"]', '2023-12-24 14:35:22', NULL, '2023-12-24 14:35:12', '2023-12-24 14:35:22'),
(68, 'App\\Models\\User', 5, 'API TOKEN', '1f389d70f3f22eaf86c5bc664c88cf90a8069c4431f5701c58e7dd71c3e5fac5', '[\"*\"]', '2023-12-24 14:36:10', NULL, '2023-12-24 14:35:59', '2023-12-24 14:36:10'),
(69, 'App\\Models\\User', 5, 'API TOKEN', '5970bc0b84a4087a87bfdf311aacebaec9b95acc79448ccd124299abc38596fa', '[\"*\"]', NULL, NULL, '2023-12-24 14:36:07', '2023-12-24 14:36:07'),
(71, 'App\\Models\\User', 5, 'API TOKEN', '4ef3aa978b3470dd49291805d817692a854b9c4fad697a8ef395ea7c908c94e2', '[\"*\"]', NULL, NULL, '2023-12-24 14:36:22', '2023-12-24 14:36:22'),
(73, 'App\\Models\\User', 5, 'API TOKEN', '6a1bd6235d2b1a83117996e3983c2072c81fc3f9beb901b868244b585b4f7b38', '[\"*\"]', NULL, NULL, '2023-12-24 14:46:36', '2023-12-24 14:46:36'),
(74, 'App\\Models\\User', 5, 'API TOKEN', '23737034db6b3412b738ec603ca9b2fd48e6420bfd0c7d4c8478cd991c3c2441', '[\"*\"]', '2023-12-24 14:47:53', NULL, '2023-12-24 14:47:51', '2023-12-24 14:47:53'),
(75, 'App\\Models\\User', 5, 'API TOKEN', 'c13e41bcbce72b3407930ee4c35f2e88fffc28a8adfcc0c36a74df61c54d8cbb', '[\"*\"]', '2023-12-24 14:47:55', NULL, '2023-12-24 14:47:53', '2023-12-24 14:47:55'),
(76, 'App\\Models\\User', 5, 'API TOKEN', 'b8f2ba404feae407a7b9a05a10baa4ae5ecbe0d8bf3aad12ae2aab9feaaf7357', '[\"*\"]', '2023-12-24 14:47:59', NULL, '2023-12-24 14:47:55', '2023-12-24 14:47:59'),
(77, 'App\\Models\\User', 7, 'API TOKEN', 'b10c15adc91a716991f2f54493bbb770791c7511c3003f45309d5218ed1ec10b', '[\"*\"]', '2023-12-24 14:51:08', NULL, '2023-12-24 14:49:07', '2023-12-24 14:51:08'),
(78, 'App\\Models\\User', 7, 'API TOKEN', 'fc5a98b69efb625975e61cc5d368a1ded9d83249362813a3f7533c95ede18a0e', '[\"*\"]', NULL, NULL, '2023-12-24 14:50:39', '2023-12-24 14:50:39'),
(79, 'App\\Models\\User', 7, 'API TOKEN', 'e3596d712f25d3b107650faea48a6f2ac8f03cd9e4f8c909cd102d8035a26a27', '[\"*\"]', '2023-12-24 16:09:23', NULL, '2023-12-24 14:51:08', '2023-12-24 16:09:23'),
(80, 'App\\Models\\User', 7, 'API TOKEN', 'f43152dbed2caaa0eeb1c66b31789a75a0e3aff1897de68b39c426e167e150a5', '[\"*\"]', '2023-12-24 16:10:21', NULL, '2023-12-24 16:09:23', '2023-12-24 16:10:21'),
(81, 'App\\Models\\User', 7, 'API TOKEN', 'abfa9774de641f9e4d43972ca59f679c8ba493c45b12190382033adf738a03bb', '[\"*\"]', '2023-12-24 16:12:40', NULL, '2023-12-24 16:10:21', '2023-12-24 16:12:40'),
(82, 'App\\Models\\User', 7, 'API TOKEN', '448144099038e3e248189682c04a282de2e73a7cb872a542bb0eda2b71526552', '[\"*\"]', '2023-12-24 16:11:26', NULL, '2023-12-24 16:10:40', '2023-12-24 16:11:26'),
(83, 'App\\Models\\User', 7, 'API TOKEN', 'c6de9196e8c8634d6bf896d855be772667446181bbc2af3b7e38655c9e52ee89', '[\"*\"]', '2023-12-24 16:11:05', NULL, '2023-12-24 16:10:59', '2023-12-24 16:11:05'),
(84, 'App\\Models\\User', 7, 'API TOKEN', '6a61874a32172fe632c40ec564dccd11a0172cc6db9854df47a715234604ff1e', '[\"*\"]', NULL, NULL, '2023-12-24 16:11:05', '2023-12-24 16:11:05'),
(85, 'App\\Models\\User', 7, 'API TOKEN', '7ee89ec761be71f2b89b3f9d8e18f347363851407a96b96a223d3c2c0d05c885', '[\"*\"]', NULL, NULL, '2023-12-24 16:11:18', '2023-12-24 16:11:18'),
(86, 'App\\Models\\User', 7, 'API TOKEN', '8f6b33f4db3028b72dd78f612fa087f5a28da1fb174e1706f4bd4e1899457608', '[\"*\"]', NULL, NULL, '2023-12-24 16:11:21', '2023-12-24 16:11:21'),
(87, 'App\\Models\\User', 7, 'API TOKEN', 'c5095fdab06eec28f3bdbf3c48ef14183f70055d770326a4f2f422b88d5cce9e', '[\"*\"]', NULL, NULL, '2023-12-24 16:11:26', '2023-12-24 16:11:26'),
(88, 'App\\Models\\User', 7, 'API TOKEN', '4e9f81e16e18056df823c8a88c167557634411e82ce86d40e390e81606815171', '[\"*\"]', '2023-12-24 16:11:29', NULL, '2023-12-24 16:11:28', '2023-12-24 16:11:29'),
(89, 'App\\Models\\User', 7, 'API TOKEN', '71444eeb274039112ebddc1d0a59264466fbb3213f87a67a7dbd0b45dfab6787', '[\"*\"]', '2023-12-24 16:14:05', NULL, '2023-12-24 16:11:32', '2023-12-24 16:14:05'),
(90, 'App\\Models\\User', 7, 'API TOKEN', '6e3abd9d98a4e3aee05a104f1b07835ee85bcc45a24ab1015b9c488774a9a302', '[\"*\"]', '2023-12-24 16:15:12', NULL, '2023-12-24 16:14:05', '2023-12-24 16:15:12'),
(91, 'App\\Models\\User', 7, 'API TOKEN', '30386509469bd0898953e695240e482ce457200fd1adefcabe45a3e2b2a9c97a', '[\"*\"]', '2023-12-24 16:27:37', NULL, '2023-12-24 16:15:12', '2023-12-24 16:27:37'),
(92, 'App\\Models\\User', 7, 'API TOKEN', '2c506b243047e44c59bf495e141dbae287a1aa685124889572e0cf716782da4a', '[\"*\"]', '2023-12-24 16:28:14', NULL, '2023-12-24 16:27:37', '2023-12-24 16:28:14'),
(93, 'App\\Models\\User', 7, 'API TOKEN', '35292f9c134e0f49a809e656bf250c79421519963af9d99e702fd981311c6a34', '[\"*\"]', NULL, NULL, '2023-12-24 16:28:13', '2023-12-24 16:28:13'),
(94, 'App\\Models\\User', 7, 'API TOKEN', '91d40597acfbe03c4e5297cea9485c9dabbdc98ac90a3e26ecbe71ec7a8b3226', '[\"*\"]', NULL, NULL, '2023-12-24 16:28:14', '2023-12-24 16:28:14'),
(95, 'App\\Models\\User', 8, 'API TOKEN', '4d7465428f209c8cf9c5d5b1331b03ab6efdb49bee379659b5000bfebbca1d26', '[\"*\"]', NULL, NULL, '2023-12-24 17:04:14', '2023-12-24 17:04:14'),
(96, 'App\\Models\\User', 9, 'API TOKEN', 'af86605df7076dbe04c62fa3202cbba549d76973fe6e1c13222ca4e2b8c154fe', '[\"*\"]', NULL, NULL, '2023-12-24 17:04:57', '2023-12-24 17:04:57'),
(97, 'App\\Models\\User', 7, 'API TOKEN', '220b5de5d1ade09c15473c2d5bbb6bd700204a164afd4cc08ee26d018769d7be', '[\"*\"]', NULL, NULL, '2023-12-24 17:16:50', '2023-12-24 17:16:50'),
(98, 'App\\Models\\User', 6, 'API TOKEN', 'dc64ca3842d0bf23672dd196e5689680bfb91519246d1476fdf8999e02ec5244', '[\"*\"]', NULL, NULL, '2023-12-25 06:23:26', '2023-12-25 06:23:26'),
(99, 'App\\Models\\User', 6, 'API TOKEN', 'a435c2aaec3f86b1b9258c167ccbf2a04696141c1155e7600146be4054b7f06f', '[\"*\"]', '2023-12-25 06:29:00', NULL, '2023-12-25 06:26:22', '2023-12-25 06:29:00'),
(100, 'App\\Models\\User', 6, 'API TOKEN', '8a0114544846431d95f65c63ac90fc6ad85848e62986d1ade6764c82551f3b83', '[\"*\"]', '2023-12-25 06:29:10', NULL, '2023-12-25 06:29:00', '2023-12-25 06:29:10'),
(101, 'App\\Models\\User', 6, 'API TOKEN', '6417844632f9e1e013295b79fcc7f954b9765d64a90c48f99b94e4095836ad0c', '[\"*\"]', '2023-12-25 06:29:17', NULL, '2023-12-25 06:29:10', '2023-12-25 06:29:17'),
(102, 'App\\Models\\User', 10, 'API TOKEN', 'ff58c8ac6f0b69b2981798600e83b2bb7d5144e1c59d8232e27459b034a1ce0e', '[\"*\"]', '2023-12-25 06:43:53', NULL, '2023-12-25 06:42:57', '2023-12-25 06:43:53'),
(103, 'App\\Models\\User', 10, 'API TOKEN', '610b509600cebbb932ee0c7525ad283424744413269c4a35ddab954e1f590a8b', '[\"*\"]', NULL, NULL, '2023-12-25 06:43:38', '2023-12-25 06:43:38'),
(105, 'App\\Models\\User', 7, 'API TOKEN', '20fe7de7660d8a8700ab13020f1738937dad63d2073bf49f5f8c7d13eeba6392', '[\"*\"]', '2023-12-25 08:12:49', NULL, '2023-12-25 08:12:46', '2023-12-25 08:12:49'),
(106, 'App\\Models\\User', 7, 'API TOKEN', '9c4b5c6b2332f69783db7464484426bd445df05003a8c058ce88066ec338f0a7', '[\"*\"]', '2023-12-25 08:14:40', NULL, '2023-12-25 08:12:49', '2023-12-25 08:14:40'),
(107, 'App\\Models\\User', 7, 'API TOKEN', '7921c33eb3f82dda56b385f26ee87ae158f90a705c5f3d27380cfec254a7fa02', '[\"*\"]', '2023-12-25 08:13:44', NULL, '2023-12-25 08:13:00', '2023-12-25 08:13:44'),
(108, 'App\\Models\\User', 7, 'API TOKEN', 'e479a90639f0e5fcaaf9d10d5da66d1b7f42f0b05f2b89951b68d8145d16b56e', '[\"*\"]', '2023-12-25 08:13:06', NULL, '2023-12-25 08:13:05', '2023-12-25 08:13:06'),
(109, 'App\\Models\\User', 7, 'API TOKEN', '255d152c15104c843524b1013c2e0eebcec6ea71aa3e94b34adbef447b5173fa', '[\"*\"]', NULL, NULL, '2023-12-25 08:13:06', '2023-12-25 08:13:06'),
(110, 'App\\Models\\User', 7, 'API TOKEN', 'fd2160f7156cc890c9a8f0301795b601b98aa24d057658c5d406ec41d692d224', '[\"*\"]', NULL, NULL, '2023-12-25 08:13:09', '2023-12-25 08:13:09'),
(111, 'App\\Models\\User', 7, 'API TOKEN', '4ebed233293249f4b485a1a59a623dddeeea6b1f24e530105a63814d8d4b0ff1', '[\"*\"]', NULL, NULL, '2023-12-25 08:13:14', '2023-12-25 08:13:14'),
(112, 'App\\Models\\User', 7, 'API TOKEN', '530abb5285018ac2626c41ae505ac82a454c5ebd4b80fd8f155c5d0e4800dbbe', '[\"*\"]', NULL, NULL, '2023-12-25 08:13:28', '2023-12-25 08:13:28'),
(113, 'App\\Models\\User', 7, 'API TOKEN', '24fe7e1228a602d8f041f6a459fde11f713c13954333ee6040345ae6f92f846f', '[\"*\"]', NULL, NULL, '2023-12-25 08:13:29', '2023-12-25 08:13:29'),
(114, 'App\\Models\\User', 7, 'API TOKEN', '687f25b20c6aac2f6444692a47cc666e8617db8f60f4c2a477572b796404c8e9', '[\"*\"]', '2023-12-25 08:13:42', NULL, '2023-12-25 08:13:41', '2023-12-25 08:13:42'),
(115, 'App\\Models\\User', 7, 'API TOKEN', '3cc0da9a5cce1772b7b3b00eda50b74747e2ce24eb8d3885fffb28d2de227ecd', '[\"*\"]', NULL, NULL, '2023-12-25 08:13:42', '2023-12-25 08:13:42'),
(116, 'App\\Models\\User', 7, 'API TOKEN', '1aa272235f56ef9ac5f0b14260e760081c442fe2bd60d9249ce4aa6d36b756dd', '[\"*\"]', NULL, NULL, '2023-12-25 08:13:44', '2023-12-25 08:13:44'),
(117, 'App\\Models\\User', 7, 'API TOKEN', '28e8f62d441715e0ee1d6ca9cb9d5d1186743212e83d3d3e2f4a014b7553810d', '[\"*\"]', NULL, NULL, '2023-12-25 08:13:50', '2023-12-25 08:13:50'),
(118, 'App\\Models\\User', 7, 'API TOKEN', 'a36d32cea4950f527a04fbb7c17ab5ec1e2a88d2a2232912f735eb866f17c52e', '[\"*\"]', '2023-12-25 08:14:37', NULL, '2023-12-25 08:14:32', '2023-12-25 08:14:37'),
(119, 'App\\Models\\User', 7, 'API TOKEN', '03af95bce6205ac4bf3354f29ecbe0e51acc3c9a4b8503bb578d6423601425c6', '[\"*\"]', NULL, NULL, '2023-12-25 08:14:37', '2023-12-25 08:14:37'),
(120, 'App\\Models\\User', 7, 'API TOKEN', '76017692918564e85d49c4e583011569dda1bd692a77a4b2108bbd03b5e11acc', '[\"*\"]', '2023-12-25 08:16:31', NULL, '2023-12-25 08:14:40', '2023-12-25 08:16:31'),
(121, 'App\\Models\\User', 7, 'API TOKEN', '6028b87b847fd070b9b9812d04fe351354decb1a88242cbe524ea4a0e270ee5d', '[\"*\"]', '2023-12-25 08:16:02', NULL, '2023-12-25 08:15:46', '2023-12-25 08:16:02'),
(122, 'App\\Models\\User', 7, 'API TOKEN', 'ac9a567be6910921068b58722f465bffcf61ec2225e331cbf909c674e98eb397', '[\"*\"]', NULL, NULL, '2023-12-25 08:16:19', '2023-12-25 08:16:19'),
(123, 'App\\Models\\User', 7, 'API TOKEN', 'e01ebc999bbff8d4c13f530a82aeb11a85952aa4fe4f00eb2bdc2800c2e2157d', '[\"*\"]', NULL, NULL, '2023-12-25 08:16:25', '2023-12-25 08:16:25'),
(125, 'App\\Models\\User', 10, 'API TOKEN', '6fc817c9247dc91dacb715f70b038d86bc61ac927904b58f18a33722b74f19a3', '[\"*\"]', NULL, NULL, '2023-12-25 10:16:34', '2023-12-25 10:16:34'),
(126, 'App\\Models\\User', 10, 'API TOKEN', '6b9c5870d1be3243aba3e7a64fecbec81351dc502f0492cacc007429eb126d4e', '[\"*\"]', NULL, NULL, '2023-12-25 10:17:08', '2023-12-25 10:17:08'),
(127, 'App\\Models\\User', 10, 'API TOKEN', '2cd8b6a08241c8e178675166383e7596785c6fad4707eb5152cbcff4ebd9347d', '[\"*\"]', NULL, NULL, '2023-12-25 10:19:10', '2023-12-25 10:19:10'),
(128, 'App\\Models\\User', 7, 'API TOKEN', 'fe0de58ffb8df24bcb9c6811b28f6aa945dc6cda6f39cd5d6dfb704f200f2586', '[\"*\"]', NULL, NULL, '2023-12-25 10:19:56', '2023-12-25 10:19:56'),
(129, 'App\\Models\\User', 10, 'API TOKEN', '8ae60892181fc532d1210f5b95348267f6fc80bfe88c32d65dc34ce7a0712435', '[\"*\"]', NULL, NULL, '2023-12-25 10:23:54', '2023-12-25 10:23:54'),
(130, 'App\\Models\\User', 10, 'API TOKEN', '8bea82a449c7953e2a35f695b83c414568870a7167d2608ece5251a9652dbb81', '[\"*\"]', NULL, NULL, '2023-12-25 10:27:15', '2023-12-25 10:27:15'),
(131, 'App\\Models\\User', 10, 'API TOKEN', 'de26b722345824e081a313dc21359ed7b7e05a645e21047d52e25c000070e630', '[\"*\"]', NULL, NULL, '2023-12-25 10:53:46', '2023-12-25 10:53:46'),
(132, 'App\\Models\\User', 10, 'API TOKEN', '0468eb98b6da5ebaea5911910532a9f0f66fd854252fc3f7d6119c3d17296fc3', '[\"*\"]', '2023-12-25 10:57:04', NULL, '2023-12-25 10:55:24', '2023-12-25 10:57:04'),
(133, 'App\\Models\\User', 10, 'API TOKEN', '8a4e0a080b62292f885fa591e29ebd845baa4e2900915c197fc882bee29ff7e9', '[\"*\"]', '2023-12-25 10:55:42', NULL, '2023-12-25 10:55:28', '2023-12-25 10:55:42'),
(134, 'App\\Models\\User', 10, 'API TOKEN', '4128234c330c71e7c1ea7d44708ce8109d4f22f04c888a9115810ffea2860651', '[\"*\"]', '2023-12-25 10:55:42', NULL, '2023-12-25 10:55:29', '2023-12-25 10:55:42'),
(135, 'App\\Models\\User', 10, 'API TOKEN', 'aa1940aed6fdd353f341d55491199b6b53faee51753e21ec2a655053e7f46fd1', '[\"*\"]', NULL, NULL, '2023-12-25 10:55:42', '2023-12-25 10:55:42'),
(136, 'App\\Models\\User', 10, 'API TOKEN', '51cd1bd9fa2ac8e7d31224a4d75bce767c59a6ecd16985cc3908e23f33d4b1ee', '[\"*\"]', NULL, NULL, '2023-12-25 10:55:42', '2023-12-25 10:55:42'),
(138, 'App\\Models\\User', 10, 'API TOKEN', 'd4cc603e4dee8ded1f83305eeec48e4c4065a2191986506e63dab55955a219f0', '[\"*\"]', NULL, NULL, '2023-12-25 11:53:10', '2023-12-25 11:53:10'),
(139, 'App\\Models\\User', 10, 'API TOKEN', 'b1aedb3dbe001e1503632693018c4104a897105ec4af4707e19ec5b9f2550f2d', '[\"*\"]', '2023-12-27 11:44:58', NULL, '2023-12-25 11:54:04', '2023-12-27 11:44:58'),
(140, 'App\\Models\\User', 11, 'API TOKEN', '0f6cdd765e786432ee8aa76b03b02c3653e381afd2349263b904e203d54ebdd4', '[\"*\"]', '2023-12-25 11:56:07', NULL, '2023-12-25 11:54:39', '2023-12-25 11:56:07'),
(141, 'App\\Models\\User', 11, 'API TOKEN', '5339640e4f2d7c74fd67291e475929bcb350aad4823e4b00dfc5e69cc9aaa0d2', '[\"*\"]', '2023-12-26 17:07:56', NULL, '2023-12-25 11:56:07', '2023-12-26 17:07:56'),
(142, 'App\\Models\\User', 7, 'API TOKEN', '84040d240c77527d0bd64d9f01aeb70aa8abc485995156e31aae1410e7a88bb8', '[\"*\"]', '2023-12-25 13:10:53', NULL, '2023-12-25 12:29:15', '2023-12-25 13:10:53'),
(143, 'App\\Models\\User', 10, 'API TOKEN', 'e21e98e530d1c8ec5f28cdfaa9a84fe7c747e286f81bee9b4a97be7036cb63fb', '[\"*\"]', '2023-12-25 12:46:04', NULL, '2023-12-25 12:45:27', '2023-12-25 12:46:04'),
(144, 'App\\Models\\User', 10, 'API TOKEN', 'f315c9cd0af487f6590da5b7566ab897657afa0e95fc8dc726645b2bd6a2946d', '[\"*\"]', '2023-12-25 12:47:03', NULL, '2023-12-25 12:46:04', '2023-12-25 12:47:03'),
(146, 'App\\Models\\User', 10, 'API TOKEN', 'c437694cf71212d8dbdac69fc60f349a11ab940cbb93b9606fe5b57e769c8479', '[\"*\"]', NULL, NULL, '2023-12-25 12:49:45', '2023-12-25 12:49:45'),
(147, 'App\\Models\\User', 10, 'API TOKEN', '6bfdc752c6e2a7d6833c8b5abc393e929cf5c3ae3e9cf297cfa737622dd9658f', '[\"*\"]', NULL, NULL, '2023-12-25 12:50:12', '2023-12-25 12:50:12'),
(148, 'App\\Models\\User', 10, 'API TOKEN', '27c8f60099b36d854f4cb4d20f8f3366e739b746d323d1863798877daa267f4a', '[\"*\"]', NULL, NULL, '2023-12-25 12:50:21', '2023-12-25 12:50:21'),
(150, 'App\\Models\\User', 12, 'API TOKEN', '18ca4a85ed95b28848182404c1ad458c1353aa3c7ed252c2fd6e1c1b917b2d04', '[\"*\"]', '2023-12-25 12:56:05', NULL, '2023-12-25 12:55:49', '2023-12-25 12:56:05'),
(152, 'App\\Models\\User', 10, 'API TOKEN', '408d0f7e7c7c97927209fc1ce60b67389c23af03d94146c6b83d58436c9f36a6', '[\"*\"]', '2023-12-27 10:13:52', NULL, '2023-12-25 12:56:33', '2023-12-27 10:13:52'),
(153, 'App\\Models\\User', 7, 'API TOKEN', '554707e4cd37a5e4a1518d2b39531910667fbd912a4fbf12c8c87da91d73db64', '[\"*\"]', '2023-12-25 13:12:21', NULL, '2023-12-25 13:10:53', '2023-12-25 13:12:21'),
(154, 'App\\Models\\User', 10, 'API TOKEN', 'a694ee2b1323f004b8ac361a5a9f9548582697fbf1abbe140b2c14ccca7a822f', '[\"*\"]', NULL, NULL, '2023-12-25 13:13:19', '2023-12-25 13:13:19'),
(157, 'App\\Models\\User', 10, 'API TOKEN', 'd9b072ba86aff7d9766292ba2b1e023bfa9e42dc09d7199aa6ab30bdd324fab0', '[\"*\"]', '2023-12-25 14:00:45', NULL, '2023-12-25 13:16:06', '2023-12-25 14:00:45'),
(158, 'App\\Models\\User', 10, 'API TOKEN', '79a25aac18b4d93a900b7ac3761526d95eac33e381f5d459d2a740d44b840157', '[\"*\"]', '2023-12-27 12:02:29', NULL, '2023-12-25 14:00:45', '2023-12-27 12:02:29'),
(159, 'App\\Models\\User', 7, 'API TOKEN', '0e493feaec3ddfcba2b8b9612ea24f123c8f7d0020b5548ee59cf45301d7ab02', '[\"*\"]', NULL, NULL, '2023-12-26 06:11:20', '2023-12-26 06:11:20'),
(161, 'App\\Models\\User', 7, 'API TOKEN', 'd13906a0f1c8c8b0b483ea3208943c662f7b2290025e7e23330b7f561348e615', '[\"*\"]', '2023-12-26 09:48:47', NULL, '2023-12-26 09:13:39', '2023-12-26 09:48:47'),
(162, 'App\\Models\\User', 7, 'API TOKEN', '3b490a11214bf30020717d30bcb27e516ecb76798f18e85acd55be58de7d5245', '[\"*\"]', '2023-12-26 10:01:26', NULL, '2023-12-26 09:48:47', '2023-12-26 10:01:26'),
(163, 'App\\Models\\User', 7, 'API TOKEN', '6741eddf62d3c4b56153a3a65a0890223b84f993cf230442ba26f746b82eb824', '[\"*\"]', '2023-12-26 10:00:50', NULL, '2023-12-26 09:59:24', '2023-12-26 10:00:50'),
(164, 'App\\Models\\User', 7, 'API TOKEN', '40a7ce0a716a7cd715ce4bd4e0e1be83aa2bd72aa66836cc6f8194ab343dd5da', '[\"*\"]', NULL, NULL, '2023-12-26 09:59:29', '2023-12-26 09:59:29'),
(165, 'App\\Models\\User', 7, 'API TOKEN', '359ca9c30b9d3ebaaf2aec0e2899b099cda031f1e29775b4a55cc5fb79f2a9ff', '[\"*\"]', NULL, NULL, '2023-12-26 09:59:52', '2023-12-26 09:59:52'),
(166, 'App\\Models\\User', 7, 'API TOKEN', '8642c84b778df674a0b7c762d888cf909f5bb83de0400ccc5913cb6bce60f1e3', '[\"*\"]', '2023-12-26 09:59:57', NULL, '2023-12-26 09:59:57', '2023-12-26 09:59:57'),
(167, 'App\\Models\\User', 7, 'API TOKEN', 'f7aa0bcc3fa3118aa3747b97b8ffc7419e3aedf2bac5984cc561841b510c5e63', '[\"*\"]', NULL, NULL, '2023-12-26 09:59:57', '2023-12-26 09:59:57'),
(168, 'App\\Models\\User', 7, 'API TOKEN', '7612a38a2100b795bb7c3648420a90181a9321d568b1192d140c6e901ae964c8', '[\"*\"]', NULL, NULL, '2023-12-26 10:00:45', '2023-12-26 10:00:45'),
(169, 'App\\Models\\User', 7, 'API TOKEN', '7f933773807eccf19dd5e5c2ffecbaf0cf16fd32cec3cb2ae36b8ad6cd39bc88', '[\"*\"]', NULL, NULL, '2023-12-26 10:00:48', '2023-12-26 10:00:48'),
(170, 'App\\Models\\User', 7, 'API TOKEN', '7fb124419e3a72854f066bd1d1a8219ef64920b5499a1f5a0299c0ee77dca26b', '[\"*\"]', NULL, NULL, '2023-12-26 10:00:50', '2023-12-26 10:00:50'),
(171, 'App\\Models\\User', 7, 'API TOKEN', '75f77d29dbe3d61f06082bc17ee553d57fcf80deafbbccea489e13b5b5b91c04', '[\"*\"]', '2023-12-26 10:00:52', NULL, '2023-12-26 10:00:51', '2023-12-26 10:00:52'),
(172, 'App\\Models\\User', 7, 'API TOKEN', 'ef041c3e70cb2b5c39bd1a050e69d90c91226482520db8d13054d783c70de661', '[\"*\"]', NULL, NULL, '2023-12-26 10:01:06', '2023-12-26 10:01:06'),
(173, 'App\\Models\\User', 7, 'API TOKEN', 'ffcd0f0951db84f6c5d50b543b51f2f1f898c44ea877c92555ae075da10bb43a', '[\"*\"]', '2023-12-26 10:55:06', NULL, '2023-12-26 10:01:26', '2023-12-26 10:55:06'),
(174, 'App\\Models\\User', 7, 'API TOKEN', '14ae17cedf5ae8eb8b06fd53adde9a97f72e8acd0ce532c856b76dd06fd020d3', '[\"*\"]', '2023-12-26 10:37:48', NULL, '2023-12-26 10:28:15', '2023-12-26 10:37:48'),
(177, 'App\\Models\\User', 7, 'API TOKEN', '16a90fabf0e22777b2f54c2f59596cff7507d699295fd0f615ab03dc48492c81', '[\"*\"]', NULL, NULL, '2023-12-26 12:23:30', '2023-12-26 12:23:30'),
(178, 'App\\Models\\User', 7, 'API TOKEN', 'b4f9c89d547321a0585901f41611a8e9b2780031ce77ed54e5db0968dc585fe8', '[\"*\"]', NULL, NULL, '2023-12-26 12:25:30', '2023-12-26 12:25:30'),
(179, 'App\\Models\\User', 7, 'API TOKEN', '3675daf967d1bafa4c78d9f5304968dafdc680dab05815cb789206b99ff1605e', '[\"*\"]', '2023-12-26 12:57:47', NULL, '2023-12-26 12:26:05', '2023-12-26 12:57:47'),
(180, 'App\\Models\\User', 7, 'API TOKEN', 'aff73840fc33d508379d4145c71ec7dfbf5c49d161c484ff500a74c5ffc4674b', '[\"*\"]', '2023-12-26 12:56:55', NULL, '2023-12-26 12:32:33', '2023-12-26 12:56:55'),
(181, 'App\\Models\\User', 7, 'API TOKEN', '9d465614e66e8f4d23d5a02220341b6ec62faea5453df132a1fbbd4bfb461418', '[\"*\"]', '2023-12-26 12:39:23', NULL, '2023-12-26 12:38:52', '2023-12-26 12:39:23'),
(182, 'App\\Models\\User', 7, 'API TOKEN', '77a314fc57d36aabed903ebe0dae00666d9c1a92d69b40f3dcbb4222f31e7e84', '[\"*\"]', '2023-12-26 12:38:57', NULL, '2023-12-26 12:38:54', '2023-12-26 12:38:57'),
(183, 'App\\Models\\User', 7, 'API TOKEN', '7318453ff69573a3c74632528ea33bd0270741d112f5d4af255e4307997c3e85', '[\"*\"]', NULL, NULL, '2023-12-26 12:38:57', '2023-12-26 12:38:57'),
(184, 'App\\Models\\User', 7, 'API TOKEN', '27b6725b5bac405c968bba29f53da8c1feda628ba02dc6ceb88a83c18cb874cc', '[\"*\"]', NULL, NULL, '2023-12-26 12:39:17', '2023-12-26 12:39:17'),
(185, 'App\\Models\\User', 7, 'API TOKEN', 'cb3b2a2748c3d15258482807d475a8f1b621450673fecbb1446fa5588fdaf372', '[\"*\"]', NULL, NULL, '2023-12-26 12:39:23', '2023-12-26 12:39:23'),
(186, 'App\\Models\\User', 7, 'API TOKEN', 'afefca0c6dafbad6e77b47ed8c9e882740ff45541666cd43b5dfd2420c50ddd6', '[\"*\"]', NULL, NULL, '2023-12-26 12:39:26', '2023-12-26 12:39:26'),
(187, 'App\\Models\\User', 7, 'API TOKEN', '9182d60661b9e9ed99e9ca91df8103549b519f34be8e94b391b7072bd6f7ea74', '[\"*\"]', NULL, NULL, '2023-12-26 12:42:54', '2023-12-26 12:42:54'),
(188, 'App\\Models\\User', 7, 'API TOKEN', 'c2019b743d38c3b6e514a2a9984959a3a2a006ecdf9638076a79a28368ce9c8d', '[\"*\"]', NULL, NULL, '2023-12-26 12:42:57', '2023-12-26 12:42:57'),
(189, 'App\\Models\\User', 7, 'API TOKEN', '6378b46481d7f4ef6659afb3b8b9a006ea1b95a40a52f0cb06a739e8f89b830e', '[\"*\"]', '2023-12-26 12:43:11', NULL, '2023-12-26 12:42:59', '2023-12-26 12:43:11'),
(190, 'App\\Models\\User', 7, 'API TOKEN', '633df6a685b6e5009260c57ccf61a7af832c4b85818d0d8fb9ad717be50d520a', '[\"*\"]', NULL, NULL, '2023-12-26 12:43:12', '2023-12-26 12:43:12'),
(191, 'App\\Models\\User', 7, 'API TOKEN', 'eb06bc2d77f70dbd133dd3f91542b2a20eeb5eb47d00f474ec3c9ee3f670789f', '[\"*\"]', '2023-12-26 12:43:34', NULL, '2023-12-26 12:43:32', '2023-12-26 12:43:34'),
(192, 'App\\Models\\User', 7, 'API TOKEN', '1b4f81970777531a60a63358368932b87e3626ed35dd16c719a236711da8603e', '[\"*\"]', NULL, NULL, '2023-12-26 12:43:34', '2023-12-26 12:43:34'),
(193, 'App\\Models\\User', 7, 'API TOKEN', '3e0c9a168244a077a56bfa5b2b888cf9b48132efe9fb449b1b19b1f6aa47a0e0', '[\"*\"]', NULL, NULL, '2023-12-26 12:43:35', '2023-12-26 12:43:35'),
(194, 'App\\Models\\User', 7, 'API TOKEN', 'b1f3b047e22389afd464cf0a9766f7ce14adab2ea5c28700b6072636b55ffbda', '[\"*\"]', '2023-12-26 12:48:29', NULL, '2023-12-26 12:46:27', '2023-12-26 12:48:29'),
(195, 'App\\Models\\User', 7, 'API TOKEN', '0deb19743eae199ae4096db463c4b6e00660e85bed3434915e507a1be26e4711', '[\"*\"]', '2023-12-26 12:50:05', NULL, '2023-12-26 12:48:29', '2023-12-26 12:50:05'),
(196, 'App\\Models\\User', 7, 'API TOKEN', '4dffca75a2685abed3141f5ef0076a5b64915c6798a2f1bc0616ffbc82d62087', '[\"*\"]', '2023-12-26 12:56:56', NULL, '2023-12-26 12:56:55', '2023-12-26 12:56:56'),
(197, 'App\\Models\\User', 7, 'API TOKEN', '620d41df93688724e63438d13ed2a15ec5f8c59448c2a4a1cd5fcea7fcd15433', '[\"*\"]', NULL, NULL, '2023-12-26 12:56:56', '2023-12-26 12:56:56'),
(198, 'App\\Models\\User', 13, 'API TOKEN', 'eea6e483af53aeaeae459dd6516e6c05a4d35f35bd82900ee41d32b8ee517f5b', '[\"*\"]', '2023-12-26 13:05:30', NULL, '2023-12-26 13:04:59', '2023-12-26 13:05:30'),
(200, 'App\\Models\\User', 13, 'API TOKEN', 'af0c1e2b57599865bd4f7ab8fa2524ecb02aa8a682dc4cca4489aede6a744cfc', '[\"*\"]', '2023-12-26 13:19:59', NULL, '2023-12-26 13:14:22', '2023-12-26 13:19:59'),
(202, 'App\\Models\\User', 13, 'API TOKEN', '87b889dcd403ad8338fdd103285f548a01982bc911c516a95bce94a6d30d6c09', '[\"*\"]', NULL, NULL, '2023-12-26 13:43:24', '2023-12-26 13:43:24'),
(203, 'App\\Models\\User', 13, 'API TOKEN', '0ecb5f6c2ff87750f3c129fd646bd365966b8e54f47c9eeb510c3b1488b11578', '[\"*\"]', '2023-12-26 13:50:40', NULL, '2023-12-26 13:49:20', '2023-12-26 13:50:40'),
(204, 'App\\Models\\User', 13, 'API TOKEN', '6fdcd0e493dde5e973c67cb7c0018e47c27fd8c04f9001d028258963278f7745', '[\"*\"]', NULL, NULL, '2023-12-26 13:49:23', '2023-12-26 13:49:23'),
(205, 'App\\Models\\User', 13, 'API TOKEN', '374104e1cd60923e006ca0cba6274c411ac39aed67770c23a368712756164135', '[\"*\"]', NULL, NULL, '2023-12-26 13:49:46', '2023-12-26 13:49:46'),
(206, 'App\\Models\\User', 13, 'API TOKEN', '9f9bfdc268a7679f723a19ddb160e812be669abe775db39a98eca41b04137d14', '[\"*\"]', '2023-12-26 13:52:51', NULL, '2023-12-26 13:50:40', '2023-12-26 13:52:51'),
(207, 'App\\Models\\User', 13, 'API TOKEN', 'b7d44e12a516d2456cd0f1cf3dddedbef47c696de812719ead5de62427d85517', '[\"*\"]', '2023-12-26 14:29:37', NULL, '2023-12-26 13:52:51', '2023-12-26 14:29:37'),
(208, 'App\\Models\\User', 13, 'API TOKEN', 'a1032cd7655e2621fed287df9a1c08695ff312f1cbf94e39309c545a6518f564', '[\"*\"]', NULL, NULL, '2023-12-26 14:35:20', '2023-12-26 14:35:20'),
(209, 'App\\Models\\User', 13, 'API TOKEN', 'e048ffc1f986e020d8713b798535e8f6a691529e095a1d161593aded399ddd32', '[\"*\"]', '2023-12-26 14:35:43', NULL, '2023-12-26 14:35:41', '2023-12-26 14:35:43'),
(210, 'App\\Models\\User', 13, 'API TOKEN', 'df7ed79b898811d0fdaa5d0cd39dbd33717c3c11952915cfc452cce6f8a95360', '[\"*\"]', '2023-12-26 14:36:03', NULL, '2023-12-26 14:35:43', '2023-12-26 14:36:03'),
(211, 'App\\Models\\User', 13, 'API TOKEN', 'd1f37cb4c4e25ee30fe060e2a35dfe729e0f2860368148354503f1df1f4a010c', '[\"*\"]', '2023-12-26 14:36:03', NULL, '2023-12-26 14:35:45', '2023-12-26 14:36:03'),
(212, 'App\\Models\\User', 13, 'API TOKEN', '5e813a262f7d82c014505c39deae1b618234fa4c8e5f1a9cffed60532e4e0dd9', '[\"*\"]', NULL, NULL, '2023-12-26 14:36:03', '2023-12-26 14:36:03'),
(213, 'App\\Models\\User', 13, 'API TOKEN', '7f77c66672467e5f22a3477d8199eeadcb978d1b446c6107e3c636fee493ffdc', '[\"*\"]', '2023-12-26 14:46:01', NULL, '2023-12-26 14:36:03', '2023-12-26 14:46:01'),
(214, 'App\\Models\\User', 13, 'API TOKEN', 'a5f62b42cc16636439d25ea7fc0c95caab05745fbd5d0e8f17c903243c3cb198', '[\"*\"]', NULL, NULL, '2023-12-26 14:45:57', '2023-12-26 14:45:57'),
(216, 'App\\Models\\User', 13, 'API TOKEN', 'f616ef598afc26f52927115cd9cb1386bf392c42be65e2f61051de1dabd64562', '[\"*\"]', NULL, NULL, '2023-12-26 14:46:02', '2023-12-26 14:46:02'),
(217, 'App\\Models\\User', 14, 'API TOKEN', 'b0d5967e9cda027e422bf1317707a29621a10260c365264a215575eb77da26c8', '[\"*\"]', '2023-12-26 17:34:59', NULL, '2023-12-26 17:34:25', '2023-12-26 17:34:59'),
(218, 'App\\Models\\User', 14, 'API TOKEN', '1e369dbbef728d6267e03d7bf6cbe4222763d2e36f0c5f28ed55709f6a8a442d', '[\"*\"]', '2023-12-28 12:34:51', NULL, '2023-12-26 17:34:59', '2023-12-28 12:34:51'),
(219, 'App\\Models\\User', 13, 'API TOKEN', '4a24fec2c861e6afbd18f49a26d2d2747322b66335cde29bd752f11f31bf715b', '[\"*\"]', '2023-12-27 10:33:09', NULL, '2023-12-27 10:12:13', '2023-12-27 10:33:09'),
(220, 'App\\Models\\User', 10, 'API TOKEN', '34c30b02aea84e64b04bcd2fdbd8d85688ef769af1eeca3b5cfc723952789563', '[\"*\"]', '2023-12-27 10:15:59', NULL, '2023-12-27 10:13:52', '2023-12-27 10:15:59'),
(221, 'App\\Models\\User', 10, 'API TOKEN', 'e7369ceac1038f45c9a623670cae7b3c4aceba77fef762b4f6631810d64d80cd', '[\"*\"]', '2023-12-27 10:16:07', NULL, '2023-12-27 10:15:59', '2023-12-27 10:16:07'),
(222, 'App\\Models\\User', 10, 'API TOKEN', 'c686e616f2475655b4046ff348788f08bc9f18903f8719763d9aa4bf6be740c1', '[\"*\"]', NULL, NULL, '2023-12-27 10:16:07', '2023-12-27 10:16:07'),
(223, 'App\\Models\\User', 13, 'API TOKEN', '74dec01f0bcc1137a26d7c114a5126130b633697e1a3373070718114bae7f4a1', '[\"*\"]', NULL, NULL, '2023-12-27 10:33:07', '2023-12-27 10:33:07'),
(224, 'App\\Models\\User', 13, 'API TOKEN', '7f76ba73ffa31a426fa6b6bee1631562e28dfee37726e1dcae802b004df2e0d8', '[\"*\"]', '2023-12-27 10:41:39', NULL, '2023-12-27 10:33:09', '2023-12-27 10:41:39'),
(226, 'App\\Models\\User', 13, 'API TOKEN', 'e2c77260817b272b1931b4141a7525b9786421926032c79bec4387d1d6177e23', '[\"*\"]', NULL, NULL, '2023-12-27 10:41:59', '2023-12-27 10:41:59'),
(227, 'App\\Models\\User', 13, 'API TOKEN', '5a4102c1a1ab7104c8acc0f484ff9017a9ea9678c300367230e73b70ba80e337', '[\"*\"]', '2023-12-27 10:45:24', NULL, '2023-12-27 10:43:36', '2023-12-27 10:45:24'),
(228, 'App\\Models\\User', 13, 'API TOKEN', 'af4b83cc153aef260cfa382e695d88a4b6d28827d727f0d190cf93129dae89d5', '[\"*\"]', '2023-12-27 10:45:37', NULL, '2023-12-27 10:45:24', '2023-12-27 10:45:37'),
(229, 'App\\Models\\User', 13, 'API TOKEN', '1ebeb3a6fbcebe943d11c0446dd7f23938a6f45f2b832997f610385ba9d5f5fa', '[\"*\"]', NULL, NULL, '2023-12-27 10:45:35', '2023-12-27 10:45:35'),
(230, 'App\\Models\\User', 13, 'API TOKEN', 'a2b74a64d6e36390a2b7ae669d441c25d44753fa31f12f11275d68dce5c290df', '[\"*\"]', '2023-12-27 10:54:47', NULL, '2023-12-27 10:45:37', '2023-12-27 10:54:47'),
(231, 'App\\Models\\User', 13, 'API TOKEN', 'd827f998e1b22b153c31483197878d46510747a29310da766b7d1f9bf0984f8d', '[\"*\"]', '2023-12-27 10:54:45', NULL, '2023-12-27 10:54:44', '2023-12-27 10:54:45'),
(232, 'App\\Models\\User', 13, 'API TOKEN', '3dcb4a492ef58a821fd1464931435359ce6dbbecdfd023a6bb970828324eff0d', '[\"*\"]', '2023-12-27 10:56:10', NULL, '2023-12-27 10:54:47', '2023-12-27 10:56:10'),
(233, 'App\\Models\\User', 13, 'API TOKEN', 'e4f7914ab75de594c8fe977ed7e5d3fb3954cec6c68a1a22c265555b75231540', '[\"*\"]', '2023-12-27 12:05:28', NULL, '2023-12-27 10:56:10', '2023-12-27 12:05:28'),
(235, 'App\\Models\\User', 10, 'API TOKEN', '92a7273f9d5b6c12a77b66495caee4aea8a627f474f6e48792ac07f49cfe8a9b', '[\"*\"]', '2023-12-27 11:35:17', NULL, '2023-12-27 11:32:11', '2023-12-27 11:35:17'),
(236, 'App\\Models\\User', 10, 'API TOKEN', 'a0cdc2fc67b5e3af9e1a97e2c2cf8c672fbdc9095a6103600b8965a5a6671296', '[\"*\"]', '2023-12-27 11:45:37', NULL, '2023-12-27 11:44:58', '2023-12-27 11:45:37'),
(237, 'App\\Models\\User', 10, 'API TOKEN', '38350e4aa085d4a774994fa58348ca5c471cd21c08e2b164f1d16a9b9ca81861', '[\"*\"]', '2023-12-27 11:49:30', NULL, '2023-12-27 11:45:37', '2023-12-27 11:49:30'),
(238, 'App\\Models\\User', 10, 'API TOKEN', '2fe727820c5e69ee05d2c66e1aced80eb02d5cee81f3ecdca64c0860c78c06dd', '[\"*\"]', '2023-12-27 11:50:26', NULL, '2023-12-27 11:49:30', '2023-12-27 11:50:26'),
(239, 'App\\Models\\User', 10, 'API TOKEN', '7e0f687cec45b16658b1baa34658bda78fce14920965dad95e7ac17456b6d05e', '[\"*\"]', '2023-12-27 11:50:40', NULL, '2023-12-27 11:50:26', '2023-12-27 11:50:40'),
(240, 'App\\Models\\User', 10, 'API TOKEN', 'fa74123dac7d7d74b9b2e4b32b1b4f6c2c5b9ac9b1ceaf5fec646eec76d47fa1', '[\"*\"]', '2023-12-27 12:03:02', NULL, '2023-12-27 12:02:29', '2023-12-27 12:03:02'),
(241, 'App\\Models\\User', 10, 'API TOKEN', 'c23257ba5c968672e46548bba4eed74c85982e6757ac1c3ee0797a1e721e190b', '[\"*\"]', '2023-12-27 12:03:07', NULL, '2023-12-27 12:03:02', '2023-12-27 12:03:07'),
(242, 'App\\Models\\User', 10, 'API TOKEN', '5c805c0c78b05ad182b23a93b7a6a853ffacaba13ab432017e2d48355ffd6d15', '[\"*\"]', '2023-12-27 12:14:30', NULL, '2023-12-27 12:03:07', '2023-12-27 12:14:30'),
(244, 'App\\Models\\User', 10, 'API TOKEN', '871269fe1cb2807314407a63adc0bbc0711584fc4e29ed1c1ef444ba588dbf7d', '[\"*\"]', '2023-12-27 12:17:11', NULL, '2023-12-27 12:14:30', '2023-12-27 12:17:11'),
(245, 'App\\Models\\User', 10, 'API TOKEN', '806d675948f2cb71c073b1fdd79ff63dee7507608c59836fb291180659ef07f1', '[\"*\"]', '2023-12-27 13:44:30', NULL, '2023-12-27 12:17:11', '2023-12-27 13:44:30'),
(246, 'App\\Models\\User', 13, 'API TOKEN', '23770d28a1c269e458b97f97b0be06348a009a8850393c688cc8b706dc44aef9', '[\"*\"]', NULL, NULL, '2023-12-27 12:45:35', '2023-12-27 12:45:35'),
(247, 'App\\Models\\User', 13, 'API TOKEN', '5e1d43f4af60f1579c24de4007ea74a1131c7c9851008624af757af0bb1f5318', '[\"*\"]', '2023-12-27 12:57:34', NULL, '2023-12-27 12:46:10', '2023-12-27 12:57:34'),
(248, 'App\\Models\\User', 13, 'API TOKEN', 'ce538c0cb8bafb283324865fa9fb9682ba2f119dea731e683187a0cc3a43136b', '[\"*\"]', NULL, NULL, '2023-12-27 12:56:51', '2023-12-27 12:56:51'),
(249, 'App\\Models\\User', 13, 'API TOKEN', 'd8b1d18a7f199fb092e117d7e43da3fcaab836136bdab831688bf5a3570d1b1d', '[\"*\"]', NULL, NULL, '2023-12-27 12:57:16', '2023-12-27 12:57:16'),
(250, 'App\\Models\\User', 13, 'API TOKEN', '8dc850cb3cf015ffa489afdb70e5439a1deb15389b764363d6a0c34421b23463', '[\"*\"]', NULL, NULL, '2023-12-27 12:57:20', '2023-12-27 12:57:20'),
(252, 'App\\Models\\User', 10, 'API TOKEN', 'b974d76510d69cbe798f7446e1907e733197be05a142274e1891cc8d9d7d5348', '[\"*\"]', '2023-12-27 13:51:39', NULL, '2023-12-27 13:44:30', '2023-12-27 13:51:39'),
(253, 'App\\Models\\User', 10, 'API TOKEN', 'd43de01833e8747780907f60f85e8f568e7300cc89f6f017d7cc0c858bafb62e', '[\"*\"]', '2023-12-27 14:10:24', NULL, '2023-12-27 13:51:05', '2023-12-27 14:10:24'),
(254, 'App\\Models\\User', 10, 'API TOKEN', 'd4150c1f07e5f07d5ae01e9d0d5a9b2a6e187e3e6a2f87dfb151454de136109d', '[\"*\"]', '2023-12-27 14:09:53', NULL, '2023-12-27 14:09:51', '2023-12-27 14:09:53'),
(255, 'App\\Models\\User', 10, 'API TOKEN', '75ae6709124bb18310f2f411c36787b08b2113b0128abaeeca9b8f5b2d34ac23', '[\"*\"]', NULL, NULL, '2023-12-27 14:09:53', '2023-12-27 14:09:53'),
(256, 'App\\Models\\User', 10, 'API TOKEN', '26b9dd2d2b10fb3edb13384d6bc1f88f8f165e1ca10cddd63b3b19babe424c4e', '[\"*\"]', '2023-12-27 14:11:53', NULL, '2023-12-27 14:10:24', '2023-12-27 14:11:53'),
(257, 'App\\Models\\User', 10, 'API TOKEN', '0b94a61a479259c276281ea1383ad30af459b7dca82f999f3bbee1434a8fffa5', '[\"*\"]', '2023-12-27 14:12:47', NULL, '2023-12-27 14:11:53', '2023-12-27 14:12:47'),
(258, 'App\\Models\\User', 10, 'API TOKEN', '67772184dffa6e30357dd5796c5ee14bef02749d9013d2cc59a876458ecf62d5', '[\"*\"]', '2023-12-27 14:16:24', NULL, '2023-12-27 14:12:47', '2023-12-27 14:16:24'),
(259, 'App\\Models\\User', 10, 'API TOKEN', 'db8e7794ab10f6294be3a5d3d3f379658c4284c577391f33ea3034aa8d492914', '[\"*\"]', '2023-12-27 14:16:22', NULL, '2023-12-27 14:15:51', '2023-12-27 14:16:22'),
(260, 'App\\Models\\User', 10, 'API TOKEN', '6529cd379328ffd9f92e2a55050963a80d31d2fd4c1222e549644f792034761b', '[\"*\"]', '2023-12-27 14:17:27', NULL, '2023-12-27 14:16:24', '2023-12-27 14:17:27'),
(262, 'App\\Models\\User', 13, 'API TOKEN', 'cfc951416ad8ed7fb5735d8168d97d82e3336a62df5407d28d45eac215abdf86', '[\"*\"]', NULL, NULL, '2023-12-28 05:24:01', '2023-12-28 05:24:01'),
(263, 'App\\Models\\User', 13, 'API TOKEN', '3a2f11d1a270dd67c03b816cac04e370e16d2161b731559ed05f448965e5d67c', '[\"*\"]', '2023-12-28 05:31:39', NULL, '2023-12-28 05:30:53', '2023-12-28 05:31:39'),
(264, 'App\\Models\\User', 13, 'API TOKEN', '073ec9410eabdcaed823801e3cc0ee49aa25c6a1a1f34ce79f36dfe76fa57dd5', '[\"*\"]', '2023-12-28 05:48:35', NULL, '2023-12-28 05:31:39', '2023-12-28 05:48:35'),
(266, 'App\\Models\\User', 13, 'API TOKEN', '3c7e2acee3521297b1d13118e193ae7a6149ef0464fd99dd72cf6bb99b0bac6c', '[\"*\"]', '2023-12-28 06:30:01', NULL, '2023-12-28 05:48:35', '2023-12-28 06:30:01'),
(267, 'App\\Models\\User', 15, 'API TOKEN', '15ab9e62e17eab5df64515cc5a38a0867be986c5d8213abccce463a38f0c0445', '[\"*\"]', NULL, NULL, '2023-12-28 05:49:51', '2023-12-28 05:49:51'),
(269, 'App\\Models\\User', 13, 'API TOKEN', '4feaab95215f83ac5a39d77f0175efa0a74f17eced5c953dd4b9257fbce4bdf2', '[\"*\"]', '2023-12-28 07:00:35', NULL, '2023-12-28 06:03:41', '2023-12-28 07:00:35'),
(270, 'App\\Models\\User', 13, 'API TOKEN', 'bb0a54b274ec16e3b29c2ceb2f1405db47b8943e8b7606593cb1a6fa4c6325b4', '[\"*\"]', NULL, NULL, '2023-12-28 06:29:51', '2023-12-28 06:29:51'),
(271, 'App\\Models\\User', 13, 'API TOKEN', 'fb023512b355aea94169dd6882f8193163330adf14ee191ecc04efe24d5537eb', '[\"*\"]', NULL, NULL, '2023-12-28 06:29:56', '2023-12-28 06:29:56'),
(272, 'App\\Models\\User', 13, 'API TOKEN', '8c842ea9c366dae39d69779fea718b2fa18b71125cacc3613321b18f9a9bc307', '[\"*\"]', '2023-12-28 07:30:16', NULL, '2023-12-28 06:30:02', '2023-12-28 07:30:16'),
(273, 'App\\Models\\User', 13, 'API TOKEN', 'c1035958c7b99fcd739c6e6022a84fda87026b72fdda1f4dc0cd216ae8b9f057', '[\"*\"]', NULL, NULL, '2023-12-28 06:59:17', '2023-12-28 06:59:17'),
(275, 'App\\Models\\User', 13, 'API TOKEN', 'b8f554410361bf79d995fcf7e9bd84a3ff4cc2ad3da0605eb8f4a007452bd81f', '[\"*\"]', '2023-12-28 07:28:22', NULL, '2023-12-28 07:20:48', '2023-12-28 07:28:22'),
(276, 'App\\Models\\User', 13, 'API TOKEN', 'bd467241589250d1fb85fbec78d9679e7d796cb60fec88c2136bbfa05eee945b', '[\"*\"]', NULL, NULL, '2023-12-28 07:21:08', '2023-12-28 07:21:08'),
(277, 'App\\Models\\User', 13, 'API TOKEN', '9815617518de4130a713b4257560909fc83cead2e3da42a90ae2a2b602f2b50b', '[\"*\"]', '2023-12-28 07:27:37', NULL, '2023-12-28 07:27:36', '2023-12-28 07:27:37'),
(278, 'App\\Models\\User', 13, 'API TOKEN', '79e8cb776fcb72139bf5780f2cc33e7ae877d9775ba1d662d34b7d482c6d7c03', '[\"*\"]', NULL, NULL, '2023-12-28 07:27:37', '2023-12-28 07:27:37'),
(279, 'App\\Models\\User', 13, 'API TOKEN', '33250ed314b09d4b70ca8a7d70640de69697bcce05edfce0a560ce4e7727cfb3', '[\"*\"]', '2023-12-28 07:28:16', NULL, '2023-12-28 07:27:56', '2023-12-28 07:28:16'),
(280, 'App\\Models\\User', 13, 'API TOKEN', '4fa7fa0c83322679d91f90076c9c0d0b4d96119db6345ffdac92c03c1e625cf1', '[\"*\"]', NULL, NULL, '2023-12-28 07:28:16', '2023-12-28 07:28:16'),
(281, 'App\\Models\\User', 13, 'API TOKEN', 'c297b808eeda3b698936132344be636ee7628b9f2e140a8896f635ecef2b0592', '[\"*\"]', '2023-12-28 07:28:20', NULL, '2023-12-28 07:28:16', '2023-12-28 07:28:20'),
(282, 'App\\Models\\User', 13, 'API TOKEN', '3f9d5183b56ca959547940f7a6b419f6e7824c1c279c65f4fbd94ab51683e681', '[\"*\"]', NULL, NULL, '2023-12-28 07:28:20', '2023-12-28 07:28:20'),
(283, 'App\\Models\\User', 13, 'API TOKEN', 'df92bd8ae6f154af49cd8f0aebd0d71c9ff8b1eaf664ff764be574faf97d384f', '[\"*\"]', NULL, NULL, '2023-12-28 07:28:22', '2023-12-28 07:28:22'),
(284, 'App\\Models\\User', 13, 'API TOKEN', 'b799c294084ed982aef413fce5d2bdbcaff6eb691cb48b252c2f9bbff5c2a760', '[\"*\"]', '2023-12-28 07:28:28', NULL, '2023-12-28 07:28:26', '2023-12-28 07:28:28'),
(285, 'App\\Models\\User', 13, 'API TOKEN', 'c912f47095ffa4d6ff87ec401397f316216e693572e2ef5901d0d7e0930643fa', '[\"*\"]', '2023-12-28 07:29:41', NULL, '2023-12-28 07:29:12', '2023-12-28 07:29:41'),
(286, 'App\\Models\\User', 13, 'API TOKEN', '40f5da4a4aa5651d944a3f58184f21e16f25bbeba1b7b591565252136c0ea704', '[\"*\"]', NULL, NULL, '2023-12-28 07:29:43', '2023-12-28 07:29:43'),
(287, 'App\\Models\\User', 13, 'API TOKEN', '97ff4cfc9209109979cc60034efcc5743f08048b1eed48b7192a26206d3bf86d', '[\"*\"]', NULL, NULL, '2023-12-28 07:29:46', '2023-12-28 07:29:46'),
(288, 'App\\Models\\User', 13, 'API TOKEN', '74b07b33a1146ef8d8f6a81a6ea0d77387d152e05eb104c104bb3778896a4a8b', '[\"*\"]', NULL, NULL, '2023-12-28 07:29:49', '2023-12-28 07:29:49'),
(289, 'App\\Models\\User', 13, 'API TOKEN', 'ed793df7129b183dc348e63d27747e6b7a34e0af140d579e1979e1c6a7815fdf', '[\"*\"]', NULL, NULL, '2023-12-28 07:29:51', '2023-12-28 07:29:51'),
(290, 'App\\Models\\User', 13, 'API TOKEN', 'da95f0e65e7bcae86aa43b25a30fa1ae78a96001a2037997ea67a92678609dd4', '[\"*\"]', NULL, NULL, '2023-12-28 07:29:56', '2023-12-28 07:29:56'),
(291, 'App\\Models\\User', 13, 'API TOKEN', '5a3745910fe065b0c05118b29dad96910ed7753a7cc48b5e49e85257a83af751', '[\"*\"]', NULL, NULL, '2023-12-28 07:30:10', '2023-12-28 07:30:10'),
(292, 'App\\Models\\User', 13, 'API TOKEN', '3d7edc81d98542dbfab162732adab090a2dc5190b829fb823cf14e51df13471c', '[\"*\"]', '2023-12-28 10:09:05', NULL, '2023-12-28 07:30:16', '2023-12-28 10:09:05'),
(293, 'App\\Models\\User', 13, 'API TOKEN', '0c29b96786ad562226514643461282eaef5d4443e597d323ebb1b257a2fefd03', '[\"*\"]', '2023-12-28 11:11:08', NULL, '2023-12-28 09:28:07', '2023-12-28 11:11:08');
INSERT INTO `personal_access_tokens` (`id`, `tokenable_type`, `tokenable_id`, `name`, `token`, `abilities`, `last_used_at`, `expires_at`, `created_at`, `updated_at`) VALUES
(294, 'App\\Models\\User', 13, 'API TOKEN', 'faf2c3c883bebd9860ae6197ac5535b2e3079f5df734a3559ca9d25a1c967994', '[\"*\"]', NULL, NULL, '2023-12-28 10:08:32', '2023-12-28 10:08:32'),
(295, 'App\\Models\\User', 13, 'API TOKEN', 'c9b0d232bca1fa813db1d8ddc21260127681e07cc54b3239a4bcf70bd8a33a7a', '[\"*\"]', NULL, NULL, '2023-12-28 10:08:38', '2023-12-28 10:08:38'),
(296, 'App\\Models\\User', 13, 'API TOKEN', 'd005a5aa8bb8223943be597af6b0dbf7f7d52d0f0a9742a518d08affd21ffb06', '[\"*\"]', '2023-12-28 10:52:00', NULL, '2023-12-28 10:09:05', '2023-12-28 10:52:00'),
(297, 'App\\Models\\User', 13, 'API TOKEN', '257ee9a3b11690fa3ebb9178befe0952a120fff1e373e81de9863cf4c23b191b', '[\"*\"]', NULL, NULL, '2023-12-28 10:09:15', '2023-12-28 10:09:15'),
(298, 'App\\Models\\User', 13, 'API TOKEN', '0977fa333fca1785eea29c434a28ec155679ffd5342ec56a397698b5549ffe69', '[\"*\"]', NULL, NULL, '2023-12-28 10:52:00', '2023-12-28 10:52:00'),
(299, 'App\\Models\\User', 10, 'API TOKEN', '1b139146074f2708ad28164b7a11d21735bb382f916cc5b28ea5cbdf4df5148d', '[\"*\"]', NULL, NULL, '2023-12-28 12:30:55', '2023-12-28 12:30:55'),
(300, 'App\\Models\\User', 10, 'API TOKEN', 'e3e72bf1250b8c68be5771f45f0493f73a0b43d205ab45c877cb769cc98ffa50', '[\"*\"]', '2023-12-28 12:31:59', NULL, '2023-12-28 12:31:22', '2023-12-28 12:31:59'),
(301, 'App\\Models\\User', 16, 'API TOKEN', '549edccd8ca5e582c294c66939ae674fb391b43c17ab70b26c37d247f2d6e3cc', '[\"*\"]', NULL, NULL, '2023-12-28 13:07:01', '2023-12-28 13:07:01'),
(302, 'App\\Models\\User', 17, 'API TOKEN', 'f058b10cd9abef06f92b150c48ff028813eb1373e80be63da113c3a053ddf3d5', '[\"*\"]', NULL, NULL, '2023-12-28 13:08:59', '2023-12-28 13:08:59'),
(303, 'App\\Models\\User', 18, 'API TOKEN', '639c398eec6a927c3ac559d003cc0b706faab0c7f6e2331e46be5bf1d978813d', '[\"*\"]', NULL, NULL, '2023-12-28 13:10:25', '2023-12-28 13:10:25'),
(304, 'App\\Models\\User', 10, 'API TOKEN', '29fb9b4d4caabe41c898eb93379bafad5475e7b29a67826f635e953c6fc0ddae', '[\"*\"]', '2023-12-28 13:17:31', NULL, '2023-12-28 13:17:29', '2023-12-28 13:17:31'),
(305, 'App\\Models\\User', 10, 'API TOKEN', '0761e838b35f049a697a1b5fe11cc4166f6190cd8b114eeb276239dca07e6f0c', '[\"*\"]', NULL, NULL, '2023-12-28 13:17:31', '2023-12-28 13:17:31'),
(306, 'App\\Models\\User', 19, 'API TOKEN', '772f857da6ce2ab9735d5feca6af767fa7951523dbd5122d59a8f84e00b7de3f', '[\"*\"]', NULL, NULL, '2023-12-28 13:19:53', '2023-12-28 13:19:53'),
(307, 'App\\Models\\User', 20, 'API TOKEN', 'bc8f80c6b02eef3cccfce59b25c36de961fa4022c8bb9051cde56c39c29fdd1a', '[\"*\"]', NULL, NULL, '2023-12-28 13:26:40', '2023-12-28 13:26:40'),
(308, 'App\\Models\\User', 21, 'API TOKEN', '2166f3c0640ffae1dbfbd9d38368332e696ce2ea07425007f0be7e011146b548', '[\"*\"]', NULL, NULL, '2023-12-28 13:28:01', '2023-12-28 13:28:01'),
(309, 'App\\Models\\User', 21, 'API TOKEN', '7bca00844a0143b2b75ea8960c018076e95b4666dd28cc3739ea8df8cc06c48a', '[\"*\"]', NULL, NULL, '2023-12-28 13:29:03', '2023-12-28 13:29:03'),
(310, 'App\\Models\\User', 21, 'API TOKEN', '23b817318872dbc384918bef3ae934ad03d3d94aa162f118bf9ad1dc5a3a6b77', '[\"*\"]', NULL, NULL, '2023-12-28 13:30:46', '2023-12-28 13:30:46'),
(311, 'App\\Models\\User', 21, 'API TOKEN', '41046b14b4f59ca1f091b459cd20b6bde1ae264344a9379c5171ebe20e004fd1', '[\"*\"]', NULL, NULL, '2023-12-28 13:32:20', '2023-12-28 13:32:20'),
(312, 'App\\Models\\User', 21, 'API TOKEN', '4fb3cc01482f694768718a6dd9bd038f4578df7a3997066894aefa91afd5d026', '[\"*\"]', '2024-01-02 13:39:41', NULL, '2023-12-28 13:34:45', '2024-01-02 13:39:41'),
(313, 'App\\Models\\User', 13, 'API TOKEN', 'c60babab80071c4e1c0640cf78ae1b0cc00dfdc0113e84415f7b5e21bb7d3134', '[\"*\"]', '2023-12-28 13:40:04', NULL, '2023-12-28 13:39:09', '2023-12-28 13:40:04'),
(314, 'App\\Models\\User', 13, 'API TOKEN', 'f904b6f75b7f9f08a7e79d04e10e797ea33898e74afc1f95e7b98adb3227a809', '[\"*\"]', '2023-12-28 13:42:28', NULL, '2023-12-28 13:40:04', '2023-12-28 13:42:28'),
(315, 'App\\Models\\User', 13, 'API TOKEN', '63aa1e8cc4b3616bb9f93ea3a35f34888edb7519bd8907afc7d49143cb4dc7dc', '[\"*\"]', '2023-12-28 13:42:26', NULL, '2023-12-28 13:41:01', '2023-12-28 13:42:26'),
(316, 'App\\Models\\User', 13, 'API TOKEN', 'c0ad90c6ea3329c0d0d578378d8efbec65f6beb50f4eb50856ceb6aff6902bb6', '[\"*\"]', NULL, NULL, '2023-12-28 13:41:04', '2023-12-28 13:41:04'),
(317, 'App\\Models\\User', 13, 'API TOKEN', '223ffabe05a45f05974bdf5e19d7dd1a32552788ee0f14796ab4e8efb87b80a0', '[\"*\"]', NULL, NULL, '2023-12-28 13:42:26', '2023-12-28 13:42:26'),
(318, 'App\\Models\\User', 13, 'API TOKEN', 'b071d525f5aec7fc65ef82b9615a7b9ce51786ca3ec2e276f6daf81a45ad9a7a', '[\"*\"]', '2023-12-28 13:42:52', NULL, '2023-12-28 13:42:28', '2023-12-28 13:42:52'),
(319, 'App\\Models\\User', 21, 'API TOKEN', 'dfcadbbbeeb330fabf46c80f69492dbf137894e78b46c0ddb0eb642539ec3327', '[\"*\"]', NULL, NULL, '2023-12-31 05:24:53', '2023-12-31 05:24:53'),
(320, 'App\\Models\\User', 13, 'API TOKEN', 'ea09194c1b1debb86d4f81da1e7e9674e8c85df679d27ff9475318c0239e6d8f', '[\"*\"]', '2023-12-31 05:52:58', NULL, '2023-12-31 05:46:03', '2023-12-31 05:52:58'),
(321, 'App\\Models\\User', 13, 'API TOKEN', '0e99277192b18629d4ce30fdbdb43279e7f09f95681f4aa50f685f5fe29c87dc', '[\"*\"]', '2023-12-31 05:52:56', NULL, '2023-12-31 05:50:16', '2023-12-31 05:52:56'),
(322, 'App\\Models\\User', 13, 'API TOKEN', 'dd3273948e246b0774f9026049d2875d041599148bc82c9b4216737e89478a5c', '[\"*\"]', '2023-12-31 05:53:00', NULL, '2023-12-31 05:52:58', '2023-12-31 05:53:00'),
(323, 'App\\Models\\User', 13, 'API TOKEN', 'ce4ed20343aa715539c0ee9c3a1505f71ef0fc1b5bb5d7f44cef919aac27d033', '[\"*\"]', '2023-12-31 05:58:02', NULL, '2023-12-31 05:53:00', '2023-12-31 05:58:02'),
(324, 'App\\Models\\User', 13, 'API TOKEN', 'fa13cec8949073ec8022f229b0b1ec42c8439e1e267c693b37ddf64ea2b907e3', '[\"*\"]', '2023-12-31 05:57:56', NULL, '2023-12-31 05:53:04', '2023-12-31 05:57:56'),
(325, 'App\\Models\\User', 13, 'API TOKEN', '81df8ead6b9fe3f55e9a3d4f1c2b77b576347c0f6ac703ae1e20f26b7090b6bb', '[\"*\"]', '2023-12-31 06:03:18', NULL, '2023-12-31 05:58:02', '2023-12-31 06:03:18'),
(326, 'App\\Models\\User', 13, 'API TOKEN', 'c5da8756ba0988cf2beaebbed137aab7663c26ea01e4b2cf539f9c5c3e37f1cf', '[\"*\"]', '2023-12-31 06:02:44', NULL, '2023-12-31 06:01:37', '2023-12-31 06:02:44'),
(327, 'App\\Models\\User', 13, 'API TOKEN', 'd2bc8117428e70f8eef320adc89fc0ab827ead57904a7b7a244542016842af16', '[\"*\"]', NULL, NULL, '2023-12-31 06:01:59', '2023-12-31 06:01:59'),
(328, 'App\\Models\\User', 13, 'API TOKEN', 'f1e5cea6e1ec56eb7de24c86eeb0e2a059cf8d0c281ac03e68c0955ed792a8e6', '[\"*\"]', NULL, NULL, '2023-12-31 06:02:22', '2023-12-31 06:02:22'),
(329, 'App\\Models\\User', 13, 'API TOKEN', 'acf06cabaeb36928c51d12963eeaecb88405ac02889e13608a92b690007e8630', '[\"*\"]', NULL, NULL, '2023-12-31 06:02:27', '2023-12-31 06:02:27'),
(330, 'App\\Models\\User', 13, 'API TOKEN', '34ece838e23533a7d741a8184b581306e5562f5226328a716ccbe2466ee6305d', '[\"*\"]', NULL, NULL, '2023-12-31 06:02:44', '2023-12-31 06:02:44'),
(331, 'App\\Models\\User', 13, 'API TOKEN', 'f96edc2868ee9647a8ba2a2fd8ac8906c5409cc7f043bcd17231625bb3d76fb3', '[\"*\"]', NULL, NULL, '2023-12-31 06:02:48', '2023-12-31 06:02:48'),
(332, 'App\\Models\\User', 13, 'API TOKEN', 'e868b3b9e074b2b2ca13e5090b22ba6509fe9e9f86b7ae366ebc98083ab9bff1', '[\"*\"]', NULL, NULL, '2023-12-31 06:03:05', '2023-12-31 06:03:05'),
(333, 'App\\Models\\User', 13, 'API TOKEN', '38646b52b0da9a84b407a8ee1f4a14d255647ef8b2ba4770cf1abe0503947304', '[\"*\"]', NULL, NULL, '2023-12-31 06:03:09', '2023-12-31 06:03:09'),
(334, 'App\\Models\\User', 13, 'API TOKEN', '5f9e135510e4336a42632ef02fa7ddb02a60f2fab649b26d2fd74ee2e788e76d', '[\"*\"]', NULL, NULL, '2023-12-31 06:03:15', '2023-12-31 06:03:15'),
(335, 'App\\Models\\User', 13, 'API TOKEN', '337ad5eb2d21c7eb2d1b60b9781d261fa3c6a06ecc2853f19a470ae5f843f437', '[\"*\"]', '2023-12-31 06:03:34', NULL, '2023-12-31 06:03:18', '2023-12-31 06:03:34'),
(336, 'App\\Models\\User', 13, 'API TOKEN', '27dc39a9fd8cb25802b7e9a14632f2fc7fe975db0e913100ee8e6562866c7d0d', '[\"*\"]', '2023-12-31 06:04:32', NULL, '2023-12-31 06:03:34', '2023-12-31 06:04:32'),
(337, 'App\\Models\\User', 13, 'API TOKEN', '59073b0e746f9f2cf60a86d987f132d487295de9cda995876c6a17c81ef4cc30', '[\"*\"]', '2023-12-31 06:03:49', NULL, '2023-12-31 06:03:44', '2023-12-31 06:03:49'),
(338, 'App\\Models\\User', 13, 'API TOKEN', 'b583a3be80b48339f668dca049b3fd2d654dba11d7c52472a6ee715466177d37', '[\"*\"]', '2023-12-31 06:06:36', NULL, '2023-12-31 06:04:32', '2023-12-31 06:06:36'),
(339, 'App\\Models\\User', 13, 'API TOKEN', 'b2c80934217b2d7fdbeeb2804ab7070f762594c68566d7c44aa7b1052e33b5f9', '[\"*\"]', '2023-12-31 06:27:39', NULL, '2023-12-31 06:06:36', '2023-12-31 06:27:39'),
(340, 'App\\Models\\User', 13, 'API TOKEN', 'f331b944174e3644ddf8dfb3f5338903fec1bca2a5ed3fb3d80e133b33dd97b0', '[\"*\"]', '2023-12-31 06:29:18', NULL, '2023-12-31 06:27:39', '2023-12-31 06:29:18'),
(341, 'App\\Models\\User', 13, 'API TOKEN', '3aeca3eb85acf8df320002c4d08a732f6059ef7b3edb5ff0a18d6f496b50510a', '[\"*\"]', '2023-12-31 06:29:09', NULL, '2023-12-31 06:28:59', '2023-12-31 06:29:09'),
(342, 'App\\Models\\User', 13, 'API TOKEN', '5d587c90a70883b944e7d668cb63d743eb017e68d70d3f3cb2be220eea03b985', '[\"*\"]', '2023-12-31 06:56:51', NULL, '2023-12-31 06:29:18', '2023-12-31 06:56:51'),
(343, 'App\\Models\\User', 21, 'API TOKEN', '3c942cb2ff8b55538b67c1658956a4e8296ea5582fcc32d0225bdfea238fb2d9', '[\"*\"]', NULL, NULL, '2023-12-31 07:35:42', '2023-12-31 07:35:42'),
(344, 'App\\Models\\User', 21, 'API TOKEN', 'deff9f3ae206c65d4e863d166b4e200ab8a7b9aa6fdba9e3aa09229eb8a080f4', '[\"*\"]', NULL, NULL, '2023-12-31 07:37:03', '2023-12-31 07:37:03'),
(345, 'App\\Models\\User', 21, 'API TOKEN', '19380bf0ad94950b0d29dc09b49709c976b944b9fb6fc7501183ca2c1cffbd31', '[\"*\"]', NULL, NULL, '2023-12-31 07:37:28', '2023-12-31 07:37:28'),
(346, 'App\\Models\\User', 13, 'API TOKEN', '484d15ef1e4a192445ab9e7ed1b07f08e9595aa202c814be46cc96c21dd4247d', '[\"*\"]', '2023-12-31 08:12:42', NULL, '2023-12-31 08:08:32', '2023-12-31 08:12:42'),
(347, 'App\\Models\\User', 13, 'API TOKEN', '9e0ec2405f9e34f72946bab7655fe3b6e8c5d91b1b77ce70a3ddace6e2901ef5', '[\"*\"]', '2023-12-31 09:51:51', NULL, '2023-12-31 08:12:42', '2023-12-31 09:51:51'),
(349, 'App\\Models\\User', 13, 'API TOKEN', 'a0f5e1180d63495d40b7ac730fdfdd9f7481bf0d6d20da3ad622a8613afc35ce', '[\"*\"]', NULL, NULL, '2023-12-31 09:11:05', '2023-12-31 09:11:05'),
(350, 'App\\Models\\User', 22, 'API TOKEN', '8051089622a247ecea121683ecb9b902d32e980c7ec3384a0c781a7ec43b0df3', '[\"*\"]', '2023-12-31 09:26:11', NULL, '2023-12-31 09:14:53', '2023-12-31 09:26:11'),
(351, 'App\\Models\\User', 22, 'API TOKEN', 'fea85220afe8850c2e6e682d269a7b752ded31cba9f033e117f1ac4bd45cf289', '[\"*\"]', NULL, NULL, '2023-12-31 09:15:24', '2023-12-31 09:15:24'),
(352, 'App\\Models\\User', 22, 'API TOKEN', '1e518d53b5176ef342a496e20faa9947e76dadb4ba6d72e5370b7d4a2855b405', '[\"*\"]', NULL, NULL, '2023-12-31 09:20:49', '2023-12-31 09:20:49'),
(353, 'App\\Models\\User', 22, 'API TOKEN', 'bec631a5cb66846d048a7690b7a3fe9ad6c67aa094baae2af69b336c058577f4', '[\"*\"]', '2023-12-31 09:28:22', NULL, '2023-12-31 09:26:11', '2023-12-31 09:28:22'),
(354, 'App\\Models\\User', 13, 'API TOKEN', 'afadfd02f58896095049f5d0410593bc19ed637cc179b4da8f6b0dec28701eb6', '[\"*\"]', '2023-12-31 10:00:31', NULL, '2023-12-31 09:51:51', '2023-12-31 10:00:31'),
(355, 'App\\Models\\User', 13, 'API TOKEN', '1d2f9d8e7ea56765d6081973e42f288e22404f232673923186f250f231f876cf', '[\"*\"]', NULL, NULL, '2023-12-31 10:00:31', '2023-12-31 10:00:31'),
(356, 'App\\Models\\Admin', 2, 'API TOKEN', 'bb0f8228ff1d58ee4c6cbf2bb20eeaa8fc392b051dcde65c59aea1ad341b0629', '[\"*\"]', NULL, NULL, '2024-01-04 11:00:38', '2024-01-04 11:00:38'),
(357, 'App\\Models\\Admin', 2, 'API TOKEN', 'e09de226aaecc5171ef7c1327d08913134f93aade276de60c1f8aff4623e45ae', '[\"*\"]', NULL, NULL, '2024-01-04 11:00:50', '2024-01-04 11:00:50'),
(358, 'App\\Models\\Admin', 2, 'API TOKEN', '2a625784059526839175190860c4f2699260aec7be50c573be0162e821d46ac1', '[\"*\"]', NULL, NULL, '2024-01-04 11:01:59', '2024-01-04 11:01:59'),
(359, 'App\\Models\\Admin', 2, 'API TOKEN', '07e1f39c7b6e019631ae3829279e2947b2c56a4ae3002f4537046d5efe74b832', '[\"*\"]', NULL, NULL, '2024-01-04 11:02:07', '2024-01-04 11:02:07'),
(361, 'App\\Models\\Admin', 2, 'API TOKEN', 'c42eb5a911a504638ad7336c9554ef781fe24ec199814fa90ecf59b2ed41c267', '[\"*\"]', NULL, NULL, '2024-01-04 11:14:19', '2024-01-04 11:14:19'),
(362, 'App\\Models\\Admin', 2, 'API TOKEN', '85c6ef6afb3749670fdb1172b3a1bad16d694310fdae1031c13d11238f819c8b', '[\"*\"]', NULL, NULL, '2024-01-04 11:28:03', '2024-01-04 11:28:03'),
(363, 'App\\Models\\Admin', 2, 'API TOKEN', '87d180be79f7d7bf6486bfe37a25a8c037af8033fc9e3a3cab3648ce43ab36e6', '[\"*\"]', NULL, NULL, '2024-01-04 11:30:56', '2024-01-04 11:30:56'),
(365, 'App\\Models\\Admin', 2, 'API TOKEN', '978747d1fc9b8c4b9b04c98463c6e42f1dbe590ee2a2542440e5aad751c790d1', '[\"*\"]', NULL, NULL, '2024-01-04 12:29:10', '2024-01-04 12:29:10'),
(366, 'App\\Models\\Admin', 2, 'API TOKEN', '2c126b2f8325b92c057febeb9f943d8e09e8de3a39a4f7444cccc502fbb6d6a4', '[\"*\"]', NULL, NULL, '2024-01-04 12:46:12', '2024-01-04 12:46:12'),
(369, 'App\\Models\\User', 13, 'API TOKEN', '91c411ccaa59c578aceaa4d7393c0e5ae6ff73f7525dcb1964785ff85a06fa28', '[\"*\"]', '2024-01-10 05:50:16', NULL, '2024-01-04 14:24:24', '2024-01-10 05:50:16'),
(371, 'App\\Models\\Admin', 2, 'API TOKEN', 'f8bee10a9b06137ec3072adfed42825eca9451852bdcfef67dfbbbd4b9408c45', '[\"*\"]', NULL, NULL, '2024-01-08 06:07:57', '2024-01-08 06:07:57'),
(372, 'App\\Models\\User', 13, 'API TOKEN', 'af81e99b7902ad457631f6afd95f514b322d397a4daa3ff93ad0cffd90f41256', '[\"*\"]', '2024-01-08 07:58:02', NULL, '2024-01-08 06:44:38', '2024-01-08 07:58:02'),
(373, 'App\\Models\\Admin', 2, 'API TOKEN', '10bb492bc3558976bb90f16b901df99e1fbf9a5294a66eb1ebcfdbba87ad0d70', '[\"*\"]', NULL, NULL, '2024-01-08 07:20:54', '2024-01-08 07:20:54'),
(374, 'App\\Models\\Admin', 2, 'API TOKEN', 'a8f8bd2726dfe21b952a6dfa59b7d504d96b3142b6677c921693e782d3851821', '[\"*\"]', NULL, NULL, '2024-01-08 07:50:05', '2024-01-08 07:50:05'),
(375, 'App\\Models\\User', 13, 'API TOKEN', '29d6de050eb0ceb940f3de0166517fd0fe1e6d9f8b750a59791fe6beb6a5f01f', '[\"*\"]', '2024-01-08 08:03:13', NULL, '2024-01-08 07:58:02', '2024-01-08 08:03:13'),
(376, 'App\\Models\\User', 23, 'API TOKEN', '48a43366d1cb97cbee0dddfc7f62ed7cd23bc2af25caf8499b74693b21b954bc', '[\"*\"]', NULL, NULL, '2024-01-08 07:58:55', '2024-01-08 07:58:55'),
(377, 'App\\Models\\User', 23, 'API TOKEN', 'ede97a367a0cf63b07d06a9be898446144489a48cd4ee87f6a4ca11e82f7d014', '[\"*\"]', '2024-01-08 08:41:38', NULL, '2024-01-08 07:59:01', '2024-01-08 08:41:38'),
(378, 'App\\Models\\User', 13, 'API TOKEN', '0911b3ee8ddd6371a7c616774dccb8a4f21d6ca0e7537aec8faaa7569fa85d7b', '[\"*\"]', NULL, NULL, '2024-01-08 07:59:17', '2024-01-08 07:59:17'),
(380, 'App\\Models\\User', 13, 'API TOKEN', 'b441fa3b6af21088c2131007dc91a5ef2b8276ad8b0cffdc06f13dad2f10293e', '[\"*\"]', '2024-01-10 06:48:48', NULL, '2024-01-08 08:03:13', '2024-01-10 06:48:48'),
(382, 'App\\Models\\Admin', 2, 'API TOKEN', '701de8666e5395f0d9023633b01919529c75393a17e84261ebf8547aae4211e6', '[\"*\"]', NULL, NULL, '2024-01-08 12:04:26', '2024-01-08 12:04:26'),
(383, 'App\\Models\\Admin', 2, 'API TOKEN', 'e19d22361affe48693a22f5ab6a0ed0194743a9135023a87ebc361ec0e1914f3', '[\"*\"]', NULL, NULL, '2024-01-08 12:38:57', '2024-01-08 12:38:57'),
(385, 'App\\Models\\Admin', 2, 'API TOKEN', '18d8ff6fd9894e4e9a7c49d38e8b64646284411accabad7ae9a300aa39365411', '[\"*\"]', NULL, NULL, '2024-01-08 13:10:41', '2024-01-08 13:10:41'),
(387, 'App\\Models\\Admin', 2, 'API TOKEN', '0440058af632c321b0ae351403f4a984329e4a7242340b374dfbdfc240baa0a2', '[\"*\"]', '2024-01-15 06:43:08', NULL, '2024-01-09 06:13:13', '2024-01-15 06:43:08'),
(388, 'App\\Models\\User', 13, 'API TOKEN', 'a6943b09e560a6503ecf3616f19110c95f41ff2454c385ae73a6e6791ab743a3', '[\"*\"]', '2024-01-10 06:39:28', NULL, '2024-01-10 05:50:16', '2024-01-10 06:39:28'),
(389, 'App\\Models\\User', 13, 'API TOKEN', 'd04dc0d5f98e7c6d8789d83110ec54c50d567ab585c34c109057c31c354fc6b0', '[\"*\"]', NULL, NULL, '2024-01-10 06:33:44', '2024-01-10 06:33:44'),
(390, 'App\\Models\\User', 13, 'API TOKEN', '4f64dce25fddc8988a9f245cffd90cd542ed219c0f1d45d6d393cf07d99dec4a', '[\"*\"]', '2024-01-10 07:00:21', NULL, '2024-01-10 06:39:28', '2024-01-10 07:00:21'),
(391, 'App\\Models\\User', 13, 'API TOKEN', '1c68fff457bdd76a0b9baa105e81634e13f9bafedb0bd7c91316f980fec26987', '[\"*\"]', NULL, NULL, '2024-01-10 06:44:47', '2024-01-10 06:44:47'),
(392, 'App\\Models\\User', 13, 'API TOKEN', '145f135eb587fde46421b176b5d2154184620eed6cae1f4dac6fcae083f7548e', '[\"*\"]', '2024-01-10 06:48:50', NULL, '2024-01-10 06:48:48', '2024-01-10 06:48:50'),
(393, 'App\\Models\\User', 13, 'API TOKEN', '716737d4481e556b4b61b1429d4b9050537f58a4b3416a18020735b0a9a8e846', '[\"*\"]', '2024-01-10 06:49:06', NULL, '2024-01-10 06:48:50', '2024-01-10 06:49:06'),
(394, 'App\\Models\\User', 13, 'API TOKEN', 'c3bc2ae967ea3e8627db6d1b5bc0ff631a246f1674531640902ce9e559ec5399', '[\"*\"]', NULL, NULL, '2024-01-10 06:49:06', '2024-01-10 06:49:06'),
(395, 'App\\Models\\Admin', 2, 'API TOKEN', '2d7133e345e69a3b85d7b9511b566f73069ae3f4b415023cadcb03017597c26e', '[\"*\"]', NULL, NULL, '2024-01-10 09:40:08', '2024-01-10 09:40:08'),
(396, 'App\\Models\\Admin', 2, 'API TOKEN', '56e7d5ab57430273dab27bb3d07907245b88721db49a0fe349002e2426ada0e7', '[\"*\"]', NULL, NULL, '2024-01-10 09:45:31', '2024-01-10 09:45:31'),
(397, 'App\\Models\\Admin', 2, 'API TOKEN', 'de4d62339e3f672c7a72c1049cdced9ed3b4065a207b25ea741573170fca9846', '[\"*\"]', NULL, NULL, '2024-01-10 09:57:25', '2024-01-10 09:57:25'),
(398, 'App\\Models\\Admin', 2, 'API TOKEN', '8cd15feeae10c1927028cb098f5bc84eed76bab58687e53f4f525a109033ce2a', '[\"*\"]', NULL, NULL, '2024-01-10 09:57:38', '2024-01-10 09:57:38'),
(399, 'App\\Models\\User', 23, 'API TOKEN', '138de056ee6af455216998f6dfa48ddb9eb38b15692060c88ee68afbcd67606e', '[\"*\"]', NULL, NULL, '2024-01-10 10:05:56', '2024-01-10 10:05:56'),
(400, 'App\\Models\\Admin', 2, 'API TOKEN', '23c38254f6d0a13fa19bd18bc62ffef31bb71963f1ff57dd96e4777e7bd83ab7', '[\"*\"]', NULL, NULL, '2024-01-10 10:12:02', '2024-01-10 10:12:02'),
(401, 'App\\Models\\Admin', 2, 'API TOKEN', '449d9c33d60dcc6e310ca52f248f407fd80209c5d39998d6231f8776b630e332', '[\"*\"]', NULL, NULL, '2024-01-10 10:16:35', '2024-01-10 10:16:35'),
(403, 'App\\Models\\User', 23, 'API TOKEN', '6524358573a0b5db8d702f00f50ce886affb9c9f8b63deb000181bbabbd167cb', '[\"*\"]', NULL, NULL, '2024-01-10 10:36:33', '2024-01-10 10:36:33'),
(404, 'App\\Models\\Admin', 2, 'API TOKEN', '91b5ae6c261dedf36c89add6295843189f8f5fe678d72f116b7f97571449e513', '[\"*\"]', NULL, NULL, '2024-01-10 10:37:08', '2024-01-10 10:37:08'),
(405, 'App\\Models\\Admin', 2, 'API TOKEN', '789068a802ef7bfd23689a96189d989421d691f34768ff99e8bc57dc016d5379', '[\"*\"]', '2024-01-16 08:03:44', NULL, '2024-01-10 10:39:18', '2024-01-16 08:03:44'),
(406, 'App\\Models\\User', 13, 'API TOKEN', '95aa1fd8f9401d4728334a3629f363d7eebbf3a1c8fe96817694d95423a48de2', '[\"*\"]', NULL, NULL, '2024-01-11 11:46:21', '2024-01-11 11:46:21'),
(407, 'App\\Models\\User', 13, 'API TOKEN', 'd7df0dcf75c57edf5161cf862ac7f9c0a352201b3d8951d519e67e5a5493f23e', '[\"*\"]', '2024-01-11 11:46:51', NULL, '2024-01-11 11:46:46', '2024-01-11 11:46:51'),
(408, 'App\\Models\\User', 13, 'API TOKEN', 'e05b17ee9e6bc88f624b38581c9f2e8b97915f64bb35553c6f680b7121896bdb', '[\"*\"]', '2024-01-11 11:46:53', NULL, '2024-01-11 11:46:51', '2024-01-11 11:46:53'),
(409, 'App\\Models\\User', 13, 'API TOKEN', '4cdfbe89b99f24cd85f745efd8c98342969e6c91dfdee64aaf4fc87f16f265ae', '[\"*\"]', '2024-01-11 11:46:58', NULL, '2024-01-11 11:46:53', '2024-01-11 11:46:58'),
(410, 'App\\Models\\User', 24, 'API TOKEN', 'd7ae95a0f4b94fd42efa9043282960c6126c67fc7440370ed9bac3cc8d1b6e88', '[\"*\"]', '2024-01-11 11:49:29', NULL, '2024-01-11 11:47:55', '2024-01-11 11:49:29'),
(411, 'App\\Models\\User', 24, 'API TOKEN', 'b2120558b5479285ae8245cb22324cf4ac30d07c38aac4d7cd324c753c9ebf46', '[\"*\"]', NULL, NULL, '2024-01-11 11:48:22', '2024-01-11 11:48:22'),
(412, 'App\\Models\\User', 24, 'API TOKEN', 'bb753ea14e8dbc8147472c5e41930ac65d4ff34c5394d9631acc2fe6f591e77e', '[\"*\"]', '2024-01-11 12:07:02', NULL, '2024-01-11 11:49:29', '2024-01-11 12:07:02'),
(413, 'App\\Models\\User', 24, 'API TOKEN', '6b62c12a859ff9c716b363f1292cffd2405674eeef42ac421831034619a871f5', '[\"*\"]', '2024-01-11 12:06:55', NULL, '2024-01-11 12:00:01', '2024-01-11 12:06:55'),
(414, 'App\\Models\\User', 24, 'API TOKEN', '9b0a50d5ec9117808e412a04679393113785bba6e3a940ec2e7020f1db6ffe6c', '[\"*\"]', '2024-01-11 12:10:16', NULL, '2024-01-11 12:07:02', '2024-01-11 12:10:16'),
(415, 'App\\Models\\User', 24, 'API TOKEN', '2397cd367b7ca2f130ac78bd0d6d960af2e0f550a2795a50f4ba41e63a88a3a0', '[\"*\"]', NULL, NULL, '2024-01-11 12:09:31', '2024-01-11 12:09:31'),
(416, 'App\\Models\\User', 24, 'API TOKEN', '510b5d591c2a731330a18730b62d7a165d2587bad634d4eb29d84590232441d3', '[\"*\"]', '2024-01-14 09:51:26', NULL, '2024-01-11 12:10:16', '2024-01-14 09:51:26'),
(417, 'App\\Models\\Admin', 2, 'API TOKEN', 'f1ce87d00389f053a740846652438af1197082812ea23ea61ff8faef71377199', '[\"*\"]', '2024-01-14 10:45:29', NULL, '2024-01-14 07:39:54', '2024-01-14 10:45:29'),
(418, 'App\\Models\\Admin', 2, 'API TOKEN', 'd5019396c8ddb03dbad965626a8816f3111a4aa995d083013737ac8b49e91961', '[\"*\"]', '2024-01-14 08:37:08', NULL, '2024-01-14 07:47:03', '2024-01-14 08:37:08'),
(419, 'App\\Models\\Admin', 2, 'API TOKEN', '11eb2480610784b236fe4562c813f5babd21a48faaa2e0ed34186daad3ccaa54', '[\"*\"]', '2024-05-27 04:37:19', NULL, '2024-01-14 07:50:44', '2024-05-27 04:37:19'),
(420, 'App\\Models\\Admin', 2, 'API TOKEN', '20c38caf4089770fb8d0d3bc76c4673d12f8d8fdaedd3eda5e7dcdaccab3525e', '[\"*\"]', NULL, NULL, '2024-01-14 08:49:25', '2024-01-14 08:49:25'),
(421, 'App\\Models\\User', 24, 'API TOKEN', 'fa483acf8fd5572ee28ebd5fe669ceaf197b5a700b600706fab4dfb82ae39946', '[\"*\"]', '2024-01-14 09:46:55', NULL, '2024-01-14 09:45:56', '2024-01-14 09:46:55'),
(422, 'App\\Models\\User', 24, 'API TOKEN', '8f1b1c86712505262f6c205e4f4d5378b3e19ceacf80175f6464e182aaa2547f', '[\"*\"]', NULL, NULL, '2024-01-14 09:46:32', '2024-01-14 09:46:32'),
(423, 'App\\Models\\User', 24, 'API TOKEN', '4885df24318abde0554d0a38a9b29b89624627a5c194019c64d68c24338b5cf7', '[\"*\"]', '2024-01-14 09:48:06', NULL, '2024-01-14 09:46:55', '2024-01-14 09:48:06'),
(424, 'App\\Models\\User', 24, 'API TOKEN', '57b97509b3ecf32c70f6aa503741cb6a8d895ed1afce56782906f723e5bdb607', '[\"*\"]', NULL, NULL, '2024-01-14 09:46:59', '2024-01-14 09:46:59'),
(425, 'App\\Models\\User', 24, 'API TOKEN', '0d9c699d0f793af4494de2e197309544f3b4c59520da7d43bebd4be4142d5f2a', '[\"*\"]', NULL, NULL, '2024-01-14 09:47:15', '2024-01-14 09:47:15'),
(427, 'App\\Models\\User', 24, 'API TOKEN', 'd91e39e3f90eb2cafd5ad41bb0ca222bcff904635fbecad78ff7525eab03bb93', '[\"*\"]', NULL, NULL, '2024-01-14 09:49:44', '2024-01-14 09:49:44'),
(428, 'App\\Models\\User', 24, 'API TOKEN', '28b0678d452808d777f3de46905f90144178bf80032b0077ab6bde040eda5dad', '[\"*\"]', '2024-01-14 09:55:29', NULL, '2024-01-14 09:51:26', '2024-01-14 09:55:29'),
(429, 'App\\Models\\User', 24, 'API TOKEN', '68f3077b308c3080998b5832420cabbc697cea1273afb284a9b85a09e98846eb', '[\"*\"]', '2024-01-14 09:51:30', NULL, '2024-01-14 09:51:28', '2024-01-14 09:51:30'),
(430, 'App\\Models\\User', 24, 'API TOKEN', '54bc57b943b779934c1e6093bbc0ef3f3b6b4a59e6d621ff04a12c059fd6ed8e', '[\"*\"]', NULL, NULL, '2024-01-14 09:51:30', '2024-01-14 09:51:30'),
(431, 'App\\Models\\User', 24, 'API TOKEN', '0264a37b117118baf3b69156abbbca758c7044de468aba60e58036b572dd2076', '[\"*\"]', '2024-01-14 10:42:18', NULL, '2024-01-14 09:55:29', '2024-01-14 10:42:18'),
(434, 'App\\Models\\Admin', 2, 'API TOKEN', '9560154f705bf5fbde90d746aa76d0f5e7e1fede21055bf94aaa28ba8933e310', '[\"*\"]', NULL, NULL, '2024-01-14 13:22:37', '2024-01-14 13:22:37'),
(435, 'App\\Models\\Admin', 2, 'API TOKEN', '768274e39987024401bab556b913d64f92750c5a52585c6839d5cdb7c9c3a19d', '[\"*\"]', '2024-01-15 06:43:43', NULL, '2024-01-14 13:26:59', '2024-01-15 06:43:43'),
(437, 'App\\Models\\Admin', 2, 'API TOKEN', '0497822730b260a6e20258bd201f95e235c9c75ca68e37446b1182011da3d9cd', '[\"*\"]', '2024-01-15 06:51:46', NULL, '2024-01-15 06:51:46', '2024-01-15 06:51:46'),
(438, 'App\\Models\\Admin', 2, 'API TOKEN', 'c8d11c66dd13ebb9e656536b179da33cc4f0146afdd01fadf593e4f43b891cec', '[\"*\"]', '2024-01-15 06:52:26', NULL, '2024-01-15 06:52:26', '2024-01-15 06:52:26'),
(442, 'App\\Models\\Admin', 2, 'API TOKEN', 'a0a65775e1c5119a8ff7b1000c62d454948026737cd944593a3f16eedafe6688', '[\"*\"]', '2024-01-15 10:07:35', NULL, '2024-01-15 08:27:08', '2024-01-15 10:07:35'),
(443, 'App\\Models\\User', 12, 'API TOKEN', '7d72e1bad7424c8c0ebeb5d3b38f4fa700a6221ce0e3c2d2407f21e97a8be5d4', '[\"*\"]', '2024-01-15 08:36:14', NULL, '2024-01-15 08:34:13', '2024-01-15 08:36:14'),
(446, 'App\\Models\\User', 24, 'API TOKEN', '6d27f091ed025816d3c0871d4f8906d653f360b0ba7fde4b6461bf30f2bbe73e', '[\"*\"]', '2024-01-16 08:53:46', NULL, '2024-01-16 08:53:21', '2024-01-16 08:53:46'),
(448, 'App\\Models\\User', 24, 'API TOKEN', 'c987ef7a2f4bad268c918359acc219fa1f255b1330cfdf97798f120809586943', '[\"*\"]', NULL, NULL, '2024-01-16 08:53:57', '2024-01-16 08:53:57'),
(449, 'App\\Models\\Admin', 2, 'API TOKEN', '92588bfb71594ce46f7f5cf1cdfa3e7dd6e149da07b307cba7bd35e6306786e9', '[\"*\"]', '2024-01-16 11:21:34', NULL, '2024-01-16 09:23:15', '2024-01-16 11:21:34'),
(450, 'App\\Models\\Admin', 2, 'API TOKEN', '4e71f2c291f736d78b32973657bc3e9b2a3a9526f54e98a9238b08d1d0dd017f', '[\"*\"]', '2024-01-16 11:23:20', NULL, '2024-01-16 11:21:34', '2024-01-16 11:23:20'),
(451, 'App\\Models\\Admin', 2, 'API TOKEN', '7ae11491aba3ca5aa9ce6c6a51965938c81b59e4a61280dc13d7068a4cfc2dcd', '[\"*\"]', '2024-01-16 11:22:23', NULL, '2024-01-16 11:21:59', '2024-01-16 11:22:23'),
(452, 'App\\Models\\Admin', 2, 'API TOKEN', '4a41c4fcbd6a47d7d631e3faf7c1eb479aaa61c38c27291d8761de1b3b99bb7b', '[\"*\"]', '2024-01-16 11:22:10', NULL, '2024-01-16 11:22:08', '2024-01-16 11:22:10'),
(453, 'App\\Models\\Admin', 2, 'API TOKEN', '7ddf7ee88fa34121f57ca06c155f7d5a07fd812edfa89435fa4d512d6997f327', '[\"*\"]', NULL, NULL, '2024-01-16 11:22:10', '2024-01-16 11:22:10'),
(454, 'App\\Models\\Admin', 2, 'API TOKEN', 'cc25e845030529a60f09fac5cda15958e4fdf53690243098234d0e906947efa9', '[\"*\"]', '2024-01-16 11:22:15', NULL, '2024-01-16 11:22:15', '2024-01-16 11:22:15'),
(455, 'App\\Models\\Admin', 2, 'API TOKEN', '5a831840781c243f94d09642198a291d6e00ea2f1ef7c901a56f43cf3090e2f6', '[\"*\"]', NULL, NULL, '2024-01-16 11:22:15', '2024-01-16 11:22:15'),
(456, 'App\\Models\\Admin', 2, 'API TOKEN', 'a9b31c5947f0095ebf36a4ada7de6af69c9cbccb3a2cf5cec5a2807e37cc69c2', '[\"*\"]', NULL, NULL, '2024-01-16 11:22:21', '2024-01-16 11:22:21'),
(457, 'App\\Models\\Admin', 2, 'API TOKEN', '18d779fc7d851bf97a79d5c3f6a0ea2ebb834a01889d4a126a00f3142306139d', '[\"*\"]', NULL, NULL, '2024-01-16 11:22:23', '2024-01-16 11:22:23'),
(458, 'App\\Models\\Admin', 2, 'API TOKEN', '97cbafb782702c26f0c7b84b3c76f4922b18e00c06a4ad3497c3e98f8df15fd8', '[\"*\"]', '2024-01-16 11:22:55', NULL, '2024-01-16 11:22:31', '2024-01-16 11:22:55'),
(459, 'App\\Models\\Admin', 2, 'API TOKEN', '3e3c37dacec7d6258a6f03dc572e98bebd1d6271c740eccb06712694a3eea765', '[\"*\"]', NULL, NULL, '2024-01-16 11:22:55', '2024-01-16 11:22:55'),
(461, 'App\\Models\\Admin', 2, 'API TOKEN', '9bd786e3c063a8adb679487b58f3b949e33ed170ffe7bf2957432f52369b2a52', '[\"*\"]', NULL, NULL, '2024-01-16 11:24:15', '2024-01-16 11:24:15'),
(463, 'App\\Models\\Admin', 2, 'API TOKEN', 'd97e1e4c923be21062f181c6d9bf16e64e54f0b375d434ee51b3aed92dc65425', '[\"*\"]', '2024-01-16 11:50:31', NULL, '2024-01-16 11:43:20', '2024-01-16 11:50:31'),
(464, 'App\\Models\\Admin', 2, 'API TOKEN', '2c3e44779a349dfaccd90f9612a12bb350424ee4e85790519a39186439696854', '[\"*\"]', NULL, NULL, '2024-01-16 11:50:37', '2024-01-16 11:50:37'),
(468, 'App\\Models\\User', 25, 'API TOKEN', '496023735a7793f2f73bfd4cacf16a15cdbc624661e7b5dcea9ecab71edd2cd0', '[\"*\"]', NULL, NULL, '2024-01-16 18:20:15', '2024-01-16 18:20:15'),
(470, 'App\\Models\\Admin', 2, 'API TOKEN', '6795ec211e479ed4e8f715faf21858e62fd62a6dee9e6f04a93fdcacdd1a4abb', '[\"*\"]', NULL, NULL, '2024-01-17 06:09:53', '2024-01-17 06:09:53'),
(471, 'App\\Models\\User', 24, 'API TOKEN', 'a31e29c12b2a5375f4709eb66d1c9dc857075bdcd330d83626931fc2d2791267', '[\"*\"]', NULL, NULL, '2024-01-17 06:15:57', '2024-01-17 06:15:57'),
(473, 'App\\Models\\Admin', 2, 'API TOKEN', 'e29849605ebd8e5b590c8476049a66a355f0a603510852bdc87f7f071173f174', '[\"*\"]', NULL, NULL, '2024-01-17 06:26:46', '2024-01-17 06:26:46'),
(474, 'App\\Models\\User', 24, 'API TOKEN', '879b91fb5bcace2b295661f400efb4119b8499daedb2c3543a0999d847f829d0', '[\"*\"]', '2024-01-17 06:59:11', NULL, '2024-01-17 06:48:10', '2024-01-17 06:59:11'),
(475, 'App\\Models\\User', 24, 'API TOKEN', '876357cb32e90baf079e0854be43193232e3c55bd7842a388f2ce127214fc9a2', '[\"*\"]', '2024-01-17 06:59:01', NULL, '2024-01-17 06:48:14', '2024-01-17 06:59:01'),
(476, 'App\\Models\\Admin', 2, 'API TOKEN', '29afe32f04006ec503afd67395beebc1e8cb88cd1e32ca36b407f7ef37d22d29', '[\"*\"]', '2024-01-17 07:36:51', NULL, '2024-01-17 06:50:12', '2024-01-17 07:36:51'),
(477, 'App\\Models\\User', 23, 'API TOKEN', '2cfbc34a0f8df1195fca9c66d0ee19ecdf9bd13b2fb3f1bafdf4774b855c18eb', '[\"*\"]', '2024-01-17 07:18:12', NULL, '2024-01-17 06:54:21', '2024-01-17 07:18:12'),
(478, 'App\\Models\\User', 23, 'API TOKEN', '0cddd0a3d6149000c983786f009e2e652395f3de54ae0852be2e9f0aa858c5dd', '[\"*\"]', '2024-01-17 11:07:59', NULL, '2024-01-17 06:55:50', '2024-01-17 11:07:59'),
(479, 'App\\Models\\User', 24, 'API TOKEN', 'd11f0fd4dfdfe185cc5ce10e0d11b415d38c1a1ef1c791840e32ccb334e3ddf2', '[\"*\"]', '2024-01-17 06:59:10', NULL, '2024-01-17 06:59:01', '2024-01-17 06:59:10'),
(480, 'App\\Models\\User', 24, 'API TOKEN', '84dfc8e354e2c2ec08f0631996463b8983885dcc84eb7e679a023cb4adc0c850', '[\"*\"]', '2024-01-17 06:59:12', NULL, '2024-01-17 06:59:11', '2024-01-17 06:59:12'),
(481, 'App\\Models\\User', 24, 'API TOKEN', '1c6e37c5a88684192dc9f1c35f8d052a5536a43356d33202f1cc5d5250d7e18c', '[\"*\"]', '2024-01-17 06:59:41', NULL, '2024-01-17 06:59:12', '2024-01-17 06:59:41'),
(482, 'App\\Models\\User', 24, 'API TOKEN', '20450c2c339749a7d55c3d79a99c33fa533159b72d562b1bf5c0b13518349732', '[\"*\"]', '2024-01-17 06:59:39', NULL, '2024-01-17 06:59:18', '2024-01-17 06:59:39'),
(483, 'App\\Models\\User', 24, 'API TOKEN', 'a9efd0e927bed0431e9ed28803e5009cb061ecb7437eb6cb08714428b3e0c786', '[\"*\"]', '2024-01-17 06:59:47', NULL, '2024-01-17 06:59:41', '2024-01-17 06:59:47'),
(485, 'App\\Models\\User', 24, 'API TOKEN', 'c4579b4b0dba5130a840b9c222206c7c819ecf01530709b7433c018050624071', '[\"*\"]', NULL, NULL, '2024-01-17 07:00:33', '2024-01-17 07:00:33'),
(486, 'App\\Models\\Admin', 2, 'API TOKEN', 'cab88dfe07bcf0dcc3d0b212676099c8d98675608f4530b4bf31f68c1193899a', '[\"*\"]', NULL, NULL, '2024-01-17 07:01:47', '2024-01-17 07:01:47'),
(487, 'App\\Models\\Admin', 2, 'API TOKEN', '8c49012cebb85ce2ef9bdc1936b7b7b8ff2cd6b9814fe96b5bf7680a454e8951', '[\"*\"]', '2024-01-17 07:03:12', NULL, '2024-01-17 07:02:42', '2024-01-17 07:03:12'),
(488, 'App\\Models\\Admin', 2, 'API TOKEN', '6ebc506ff6a7f3ce55397f985cd4f0392b70747dc101e0dac0b3f390bbe8962d', '[\"*\"]', '2024-01-17 07:51:37', NULL, '2024-01-17 07:03:12', '2024-01-17 07:51:37'),
(490, 'App\\Models\\User', 24, 'API TOKEN', 'ea82f8162b3ba0e3b4c88b4a77821c4f53c88abb6a0d56a2e6e3d22b2fe585fc', '[\"*\"]', NULL, NULL, '2024-01-17 07:15:46', '2024-01-17 07:15:46'),
(492, 'App\\Models\\Admin', 2, 'API TOKEN', 'da10c55f6eb342c3a39af8e0d3f85bd8b9e55e4c2d1f379d56575b6ea2f457b4', '[\"*\"]', '2024-01-17 07:53:33', NULL, '2024-01-17 07:51:37', '2024-01-17 07:53:33'),
(493, 'App\\Models\\Admin', 2, 'API TOKEN', '2c38076237a679508247d3f0352edf6cea56be9dc9d4c3f26e08a9e28e4bf276', '[\"*\"]', '2024-01-17 07:53:31', NULL, '2024-01-17 07:51:53', '2024-01-17 07:53:31'),
(495, 'App\\Models\\Admin', 2, 'API TOKEN', '7b0762f2e3d6969593a5211d82eca9e62bd1d81805d094ac079a05ee719552cd', '[\"*\"]', '2024-01-17 07:53:55', NULL, '2024-01-17 07:53:55', '2024-01-17 07:53:55'),
(496, 'App\\Models\\Admin', 2, 'API TOKEN', 'c8cd1aa36c7eefdc2cce3ddaa691897985b5009e8f83025e991034281b90a83b', '[\"*\"]', NULL, NULL, '2024-01-17 07:53:55', '2024-01-17 07:53:55'),
(497, 'App\\Models\\Admin', 2, 'API TOKEN', 'b2635d3a16f7f77bf69dddb9168cdf2188f6a10d84e10214f3fd93c11a36abe7', '[\"*\"]', '2024-01-17 07:57:35', NULL, '2024-01-17 07:53:57', '2024-01-17 07:57:35'),
(498, 'App\\Models\\Admin', 2, 'API TOKEN', 'e7aac82db603cc069c011447c793d7582f51ce14311870446a0186bc1c96062d', '[\"*\"]', NULL, NULL, '2024-01-17 07:57:39', '2024-01-17 07:57:39'),
(500, 'App\\Models\\Admin', 2, 'API TOKEN', '68854f9b11507e4f191b7231916f708e1774a01257649efeb208078a3d56e477', '[\"*\"]', '2024-01-17 08:09:43', NULL, '2024-01-17 08:06:48', '2024-01-17 08:09:43'),
(501, 'App\\Models\\Admin', 2, 'API TOKEN', '46c8e63aa1730c3d7f2c737148dc706fb4133698f892bbc6fbe7bc68725d72fa', '[\"*\"]', '2024-01-17 08:09:37', NULL, '2024-01-17 08:09:12', '2024-01-17 08:09:37'),
(502, 'App\\Models\\Admin', 2, 'API TOKEN', '9954f8cbcf1bffa6e6953c488d7880801ec380a683c4c3017b977ca686ec34da', '[\"*\"]', NULL, NULL, '2024-01-17 08:09:37', '2024-01-17 08:09:37'),
(503, 'App\\Models\\Admin', 2, 'API TOKEN', '246aa432e7525c4708bd30543b178691e441f4a5756636956e9ae9d2a8455d62', '[\"*\"]', NULL, NULL, '2024-01-17 08:09:43', '2024-01-17 08:09:43'),
(504, 'App\\Models\\Admin', 2, 'API TOKEN', 'e076ab3862257668ecb7821a225b4cd60a93bff594f1259bc35833952a4a110f', '[\"*\"]', '2024-01-17 08:33:19', NULL, '2024-01-17 08:25:44', '2024-01-17 08:33:19'),
(505, 'App\\Models\\User', 23, 'API TOKEN', '62dd0ee01b2251d451d35f06118fbb81dd1223fead4df78b872451441d3ecb43', '[\"*\"]', NULL, NULL, '2024-01-17 08:39:18', '2024-01-17 08:39:18'),
(506, 'App\\Models\\Admin', 2, 'API TOKEN', 'ef4966e195f6221bfd11523427fedc0e9825a9142501fa17679ef907d39cf540', '[\"*\"]', '2024-01-17 08:39:47', NULL, '2024-01-17 08:39:40', '2024-01-17 08:39:47'),
(507, 'App\\Models\\Admin', 2, 'API TOKEN', '1c38f7e5dbd0d81529fc32be85d9d7538c9b366d6bc8b075da190b18c77b3ad2', '[\"*\"]', '2024-01-17 10:09:35', NULL, '2024-01-17 10:09:24', '2024-01-17 10:09:35'),
(509, 'App\\Models\\Admin', 2, 'API TOKEN', 'ea7f03f0afaec18c59d73c16b927b4c91223d7d030a9e0119125ce275684b12b', '[\"*\"]', NULL, NULL, '2024-01-17 10:09:43', '2024-01-17 10:09:43'),
(510, 'App\\Models\\Admin', 2, 'API TOKEN', '9453eb76ca908bf003619164a0a741500adacab03badc290bada34329e5c12f8', '[\"*\"]', '2024-01-17 10:33:11', NULL, '2024-01-17 10:11:10', '2024-01-17 10:33:11'),
(513, 'App\\Models\\Admin', 2, 'API TOKEN', '870d331553a76698eeb0a3007a91d05e2283ad6494c4a3e25327e877ae0fc9e4', '[\"*\"]', '2024-01-17 13:18:01', NULL, '2024-01-17 11:52:12', '2024-01-17 13:18:01'),
(514, 'App\\Models\\Admin', 2, 'API TOKEN', '56f5700b9c6c31258c8aaee0bc8a93fa9ef096322be3f3d71ac845afeae08c7a', '[\"*\"]', '2024-01-17 13:19:22', NULL, '2024-01-17 11:52:55', '2024-01-17 13:19:22'),
(518, 'App\\Models\\User', 23, 'API TOKEN', 'cd86ed2acf3e90e2684be85aadaf3a04d3f6595855f349a83f64ec0f6f6ff47b', '[\"*\"]', NULL, NULL, '2024-01-17 13:10:42', '2024-01-17 13:10:42'),
(519, 'App\\Models\\Admin', 2, 'API TOKEN', 'f35deb1e2aa61f8af7dd767ec4f6446392655d37c69f3fbffd11d003d78092e7', '[\"*\"]', '2024-01-18 06:03:42', NULL, '2024-01-17 13:11:01', '2024-01-18 06:03:42'),
(521, 'App\\Models\\User', 24, 'API TOKEN', '054ee7df4f71b980f62920c35ca49d264c9cf61825c24633b3c4548b705c4eed', '[\"*\"]', NULL, NULL, '2024-01-18 06:33:32', '2024-01-18 06:33:32'),
(522, 'App\\Models\\Admin', 2, 'API TOKEN', '3ed79b34e26ae337ab550610dfa3905453be71449d3f7a12492c95202a669ad5', '[\"*\"]', '2024-01-18 07:12:56', NULL, '2024-01-18 07:05:25', '2024-01-18 07:12:56'),
(523, 'App\\Models\\Admin', 2, 'API TOKEN', '06012814a41b5b8b0fad01e92b88d0bff53d80b88566635a60d6ceeb4b29cfbc', '[\"*\"]', '2024-01-18 07:28:54', NULL, '2024-01-18 07:14:32', '2024-01-18 07:28:54'),
(524, 'App\\Models\\Admin', 2, 'API TOKEN', '74db67037fd2bd338bf45ab244ce564237a47984367cd7b23a5a030b1bea5102', '[\"*\"]', '2024-01-18 07:58:04', NULL, '2024-01-18 07:45:48', '2024-01-18 07:58:04'),
(525, 'App\\Models\\User', 24, 'API TOKEN', 'e22bb781478ed289f03083fe86a7e0b3a21a8ef4f2cc160005e30fce299540f4', '[\"*\"]', NULL, NULL, '2024-01-18 08:31:59', '2024-01-18 08:31:59'),
(528, 'App\\Models\\Admin', 2, 'API TOKEN', '87a7d19f534253d224d205ee86d288c08dc1873f67d78bd72f81bb08938ad6c6', '[\"*\"]', NULL, NULL, '2024-01-18 08:58:49', '2024-01-18 08:58:49'),
(531, 'App\\Models\\User', 24, 'API TOKEN', 'deefebe5dff15fe10dd85740c57b3546802f0b66b4b64f2203cd141deda1dad7', '[\"*\"]', '2024-01-18 10:53:32', NULL, '2024-01-18 10:08:06', '2024-01-18 10:53:32'),
(532, 'App\\Models\\User', 24, 'API TOKEN', '35957851234b273cea6341669ed255ba20c3376062b4db327cfe14c415b84751', '[\"*\"]', '2024-01-18 10:55:09', NULL, '2024-01-18 10:17:06', '2024-01-18 10:55:09'),
(534, 'App\\Models\\User', 24, 'API TOKEN', '052d2acbb8de6d42bfbbd36df49897dbfdcc38cef98e1dd7ba0da853d616ba51', '[\"*\"]', '2024-01-18 10:59:33', NULL, '2024-01-18 10:55:09', '2024-01-18 10:59:33'),
(540, 'App\\Models\\User', 24, 'API TOKEN', 'dfee5f3662a8a762ddfaf2bb5fd4a1991f7412942a2878b55273f31d2be51f8f', '[\"*\"]', NULL, NULL, '2024-01-18 12:20:40', '2024-01-18 12:20:40'),
(541, 'App\\Models\\User', 24, 'API TOKEN', 'cbf2d60014bcb8e1daf9a79e4fbe09a6d5b2d57aedc853ac2a45debaad0a78f3', '[\"*\"]', '2024-01-18 12:58:12', NULL, '2024-01-18 12:21:40', '2024-01-18 12:58:12'),
(543, 'App\\Models\\User', 12, 'API TOKEN', 'd4706009a0d26d6898d144a3188852290ffa2ee27b003b923a0c6fde35b82c6a', '[\"*\"]', '2024-01-18 13:00:43', NULL, '2024-01-18 12:59:53', '2024-01-18 13:00:43'),
(544, 'App\\Models\\User', 24, 'API TOKEN', '475ec3c93e35fd37c86776b925d0cb9b46597d0b79caca49ab629a8c78933687', '[\"*\"]', '2024-01-20 19:42:12', NULL, '2024-01-20 19:19:58', '2024-01-20 19:42:12'),
(546, 'App\\Models\\User', 24, 'API TOKEN', '332799390794d8f43dd407691ab53d8ae05303b7e775780ce5269ba42239f79e', '[\"*\"]', '2024-01-20 19:51:36', NULL, '2024-01-20 19:51:32', '2024-01-20 19:51:36'),
(547, 'App\\Models\\User', 24, 'API TOKEN', '38e3e3bdc60cffd6c2207da1455fa9493c0bd25e8f573d5de01efb28bca38bc7', '[\"*\"]', NULL, NULL, '2024-01-20 19:51:36', '2024-01-20 19:51:36'),
(548, 'App\\Models\\User', 24, 'API TOKEN', 'db1320d62f7299150ce1afea01ef1386424a23c031b396d6840f9e87801699d2', '[\"*\"]', NULL, NULL, '2024-01-20 19:51:43', '2024-01-20 19:51:43'),
(550, 'App\\Models\\User', 24, 'API TOKEN', 'c14bde18388fb5c3af13a74ffa17a99451f832e3760b371852444152e245c4c8', '[\"*\"]', NULL, NULL, '2024-01-20 19:52:33', '2024-01-20 19:52:33'),
(552, 'App\\Models\\User', 24, 'API TOKEN', '62424d2eb962abfec8d704106f0be7f348313c2dedbdcb6be8a57f447fd3c149', '[\"*\"]', NULL, NULL, '2024-01-20 21:34:29', '2024-01-20 21:34:29'),
(553, 'App\\Models\\User', 24, 'API TOKEN', '45b2da99ecdf848254f05b050959bea4f9c713bd88218c43e21ec5132d7748fb', '[\"*\"]', NULL, NULL, '2024-01-21 09:23:58', '2024-01-21 09:23:58'),
(554, 'App\\Models\\User', 23, 'API TOKEN', 'b5aa906c9e8f78be52f9ed2c010144482467a08fb670ba0a2eab9d94bba12f02', '[\"*\"]', '2024-01-21 10:20:07', NULL, '2024-01-21 10:16:18', '2024-01-21 10:20:07'),
(555, 'App\\Models\\User', 23, 'API TOKEN', '72cd8fa248f0af53678ed829a835b0322647adf335261850f4e4ef38a846a5ce', '[\"*\"]', '2024-01-21 10:27:49', NULL, '2024-01-21 10:21:26', '2024-01-21 10:27:49'),
(556, 'App\\Models\\User', 23, 'API TOKEN', 'd322426bab84239a4474086eb42aa1ea0cae9da4032e01471cb62f5a54b029f7', '[\"*\"]', NULL, NULL, '2024-01-21 10:27:49', '2024-01-21 10:27:49'),
(557, 'App\\Models\\User', 23, 'API TOKEN', '93012340b6c0588e606cbde0270ee1cf50ba7e274290dcd42d01bd824a12592c', '[\"*\"]', '2024-01-21 10:31:46', NULL, '2024-01-21 10:31:33', '2024-01-21 10:31:46'),
(558, 'App\\Models\\User', 23, 'API TOKEN', '44f01d45723f818b7e2427f24bb4ba5077b90eb115939eac9c4971e8a13e4032', '[\"*\"]', '2024-01-21 10:32:17', NULL, '2024-01-21 10:32:11', '2024-01-21 10:32:17'),
(559, 'App\\Models\\User', 23, 'API TOKEN', 'f716c1e677ff633312bf6209ca11cbdd1b6c68cbe8c8676f0c591d090240b934', '[\"*\"]', '2024-01-21 10:33:30', NULL, '2024-01-21 10:33:24', '2024-01-21 10:33:30'),
(560, 'App\\Models\\User', 23, 'API TOKEN', '16381ea35aaf8767c8b819a9c0f077635b1b1532a13d09da6f2f41b5434aa5c6', '[\"*\"]', '2024-01-21 10:52:07', NULL, '2024-01-21 10:43:53', '2024-01-21 10:52:07'),
(561, 'App\\Models\\User', 23, 'API TOKEN', '2e639b39f502bbab7423752f7609e4e78b67897bbbb1af94d452a3595b158a01', '[\"*\"]', '2024-01-21 11:02:49', NULL, '2024-01-21 10:59:53', '2024-01-21 11:02:49'),
(562, 'App\\Models\\Admin', 2, 'API TOKEN', 'e0f0d7b129b6b01815eb5a44305611bc48a00649b16bd9d066389f6ddb4be625', '[\"*\"]', NULL, NULL, '2024-01-24 07:32:10', '2024-01-24 07:32:10'),
(565, 'App\\Models\\User', 26, 'API TOKEN', '2b4687c66ef1250e69274a0a1fcf0560a26f8aaca4e8ecc68d2355aa71935b9d', '[\"*\"]', '2024-01-24 09:02:00', NULL, '2024-01-24 09:01:35', '2024-01-24 09:02:00'),
(569, 'App\\Models\\User', 23, 'API TOKEN', 'eef5561b7dfb9478d0f6ca3a7fc7c07fb96450bae9093bd4196ca61261dca4b4', '[\"*\"]', '2024-01-24 10:39:08', NULL, '2024-01-24 10:38:15', '2024-01-24 10:39:08'),
(571, 'App\\Models\\User', 23, 'API TOKEN', '32c15d3d207fe02f429d154f8b1620048489182eb4f08203ee046ce7086c29f7', '[\"*\"]', NULL, NULL, '2024-01-24 10:39:15', '2024-01-24 10:39:15'),
(574, 'App\\Models\\Admin', 2, 'API TOKEN', 'd3549d50d83d2e752576cf34aa64353a20b97c94323d60fa59c55f2185f16d8f', '[\"*\"]', '2024-01-24 10:48:08', NULL, '2024-01-24 10:47:34', '2024-01-24 10:48:08'),
(581, 'App\\Models\\User', 26, 'API TOKEN', '4999bb290d5b699b0e72010e9323172d4043d587fa99b356dfa7f2ecdcd7ef09', '[\"*\"]', '2024-01-24 13:57:24', NULL, '2024-01-24 13:53:58', '2024-01-24 13:57:24'),
(583, 'App\\Models\\User', 26, 'API TOKEN', 'c667ce5179bd0d4dd5fe06d1c07c9cba9f8e684821e8f0872c01f85f171a454a', '[\"*\"]', NULL, NULL, '2024-01-24 13:58:33', '2024-01-24 13:58:33'),
(584, 'App\\Models\\User', 27, 'API TOKEN', '81604024ed4d29ce4611c865e4589f578bcb4f5c278016c20270af9fe1bb2c0e', '[\"*\"]', '2024-01-28 05:17:44', NULL, '2024-01-28 05:17:21', '2024-01-28 05:17:44'),
(585, 'App\\Models\\User', 27, 'API TOKEN', '4728c87943bb68082fcd8a6286447fbc3275b65348e7978a1ada6f6db487b2a0', '[\"*\"]', '2024-01-28 05:18:46', NULL, '2024-01-28 05:17:44', '2024-01-28 05:18:46'),
(586, 'App\\Models\\User', 12, 'API TOKEN', '69e0e0d71b84dd37e4a17f859e471cd40fba2257871d284ef1924d8461b4974c', '[\"*\"]', '2024-01-30 11:57:00', NULL, '2024-01-30 11:56:52', '2024-01-30 11:57:00'),
(588, 'App\\Models\\User', 26, 'API TOKEN', 'c1eeaedb1d40f69c8fd8df05c351380f18bf689dc4edadecdaca4932fb1fd95c', '[\"*\"]', '2024-01-31 10:47:13', NULL, '2024-01-31 10:46:54', '2024-01-31 10:47:13'),
(590, 'App\\Models\\User', 28, 'API TOKEN', 'b592cdc99daff0a299cc85b3adaa09a74b3306efd386f95bb810b9cbf92da1be', '[\"*\"]', NULL, NULL, '2024-01-31 11:03:15', '2024-01-31 11:03:15'),
(592, 'App\\Models\\User', 29, 'API TOKEN', '3d2f667c7b46c407d3d5e48fc5942503cec5b637c81cb866d6866c8e6a24b3eb', '[\"*\"]', NULL, NULL, '2024-01-31 11:04:06', '2024-01-31 11:04:06'),
(593, 'App\\Models\\User', 29, 'API TOKEN', '64b646453888b965be95e1efff05f84aee21dbbc322c4345151e88cc75146fd8', '[\"*\"]', NULL, NULL, '2024-01-31 11:04:09', '2024-01-31 11:04:09'),
(594, 'App\\Models\\User', 26, 'API TOKEN', 'ca9f543fef729c7aea48a66048179712f73005216044c74a0c8b2fed2efde5f4', '[\"*\"]', '2024-01-31 11:51:09', NULL, '2024-01-31 11:46:04', '2024-01-31 11:51:09'),
(595, 'App\\Models\\User', 26, 'API TOKEN', '2e94d78a431dbeb8bbf2f298c0fe1c64e44312751a54ef58bc7aa812482c04c3', '[\"*\"]', NULL, NULL, '2024-01-31 11:46:06', '2024-01-31 11:46:06'),
(597, 'App\\Models\\User', 26, 'API TOKEN', '79d3a2ef97b25120635df4a90111de697723da349a8e004d0cac2ea6e51c715f', '[\"*\"]', NULL, NULL, '2024-01-31 11:52:21', '2024-01-31 11:52:21'),
(599, 'App\\Models\\User', 23, 'API TOKEN', '64257d44304f933ea76a77a742a861f6f02e9a8485d4d418235b7cd5649e2ff1', '[\"*\"]', NULL, NULL, '2024-01-31 11:53:26', '2024-01-31 11:53:26'),
(600, 'App\\Models\\User', 23, 'API TOKEN', '824828b9b2c5554f0955c8c8b6cde3f746ba772d88495330d1cc90c96c544abc', '[\"*\"]', '2024-01-31 12:09:12', NULL, '2024-01-31 12:08:56', '2024-01-31 12:09:12'),
(601, 'App\\Models\\User', 23, 'API TOKEN', '4551ea30149a519e1a871f382000e6c06d4bec3c7ecdd1f5a0ceb9a458359e7a', '[\"*\"]', '2024-01-31 12:09:18', NULL, '2024-01-31 12:09:12', '2024-01-31 12:09:18'),
(603, 'App\\Models\\User', 23, 'API TOKEN', 'fec2e17a3d2efb6e2d0d779b983f1a532d52476e17b2f102c41fe1856963600b', '[\"*\"]', NULL, NULL, '2024-01-31 12:21:46', '2024-01-31 12:21:46'),
(605, 'App\\Models\\User', 23, 'API TOKEN', 'f2affde3c84d9cede25bcf1a5b4f50cdb7f3be3bf0bc68f60cbcb50216866e52', '[\"*\"]', NULL, NULL, '2024-01-31 12:24:44', '2024-01-31 12:24:44'),
(606, 'App\\Models\\User', 23, 'API TOKEN', '189992f3501f67e946f02e4db392f8105555810830288774074f40a78df2fae0', '[\"*\"]', '2024-02-01 12:10:07', NULL, '2024-02-01 12:09:57', '2024-02-01 12:10:07'),
(607, 'App\\Models\\User', 23, 'API TOKEN', '32c8894a545cef128e61af4a01db7714998e82a22f50a7862fcaf6bd61fc6502', '[\"*\"]', '2024-02-01 12:10:09', NULL, '2024-02-01 12:10:07', '2024-02-01 12:10:09'),
(608, 'App\\Models\\User', 23, 'API TOKEN', '14dd59250ec40f90c2ab19f803fd6bb73ae510e1fd04a46eeed5b75d0479b6ee', '[\"*\"]', '2024-02-01 12:10:11', NULL, '2024-02-01 12:10:09', '2024-02-01 12:10:11'),
(609, 'App\\Models\\User', 23, 'API TOKEN', 'f334b4c57442dc03c93308fe9447cc24998ee36ea0c1f147b3932cccd466a2d3', '[\"*\"]', '2024-02-01 12:10:12', NULL, '2024-02-01 12:10:11', '2024-02-01 12:10:12'),
(610, 'App\\Models\\User', 23, 'API TOKEN', 'a81ab738584f02826061691a5d08bf946bd811ccf8e0c1e22deb3203ff8c39b5', '[\"*\"]', NULL, NULL, '2024-02-01 12:10:12', '2024-02-01 12:10:12'),
(611, 'App\\Models\\User', 23, 'API TOKEN', 'efa7f5567611b93cdb07ecb32b220f4d14d4273fe9867b6ed6a6746910d13d94', '[\"*\"]', '2024-02-01 12:14:57', NULL, '2024-02-01 12:11:03', '2024-02-01 12:14:57'),
(612, 'App\\Models\\User', 23, 'API TOKEN', '415a562439cf25c1fb6062ed61c2f8e075346c7327ee49283bbb50f28e5cd834', '[\"*\"]', '2024-02-01 12:17:33', NULL, '2024-02-01 12:14:57', '2024-02-01 12:17:33'),
(613, 'App\\Models\\User', 23, 'API TOKEN', '0139f37548d79217e02b1adb1f9ffbff6feeb1fcfba17f1856203125fe90519d', '[\"*\"]', '2024-02-01 12:17:37', NULL, '2024-02-01 12:17:33', '2024-02-01 12:17:37'),
(615, 'App\\Models\\User', 23, 'API TOKEN', '9b203d9b4d94bef784ebfb2b59535a957b50586e98d2493fc465cfe7cece390f', '[\"*\"]', NULL, NULL, '2024-02-01 12:17:43', '2024-02-01 12:17:43'),
(617, 'App\\Models\\User', 23, 'API TOKEN', 'd2a214b3368365b4086181fb03fc88aa0c16b56de46107a5af8a0d171100aafb', '[\"*\"]', NULL, NULL, '2024-02-01 13:03:59', '2024-02-01 13:03:59'),
(618, 'App\\Models\\User', 23, 'API TOKEN', 'e30dc74593d81e80d5e09e680818672bbce9cb0621e99e77a6af3836f8980d87', '[\"*\"]', '2024-02-01 13:35:07', NULL, '2024-02-01 13:35:05', '2024-02-01 13:35:07'),
(619, 'App\\Models\\User', 23, 'API TOKEN', '1c26130857c9f381650972bb533b24f90f03d11824a61f4cc9e88568753ce5e1', '[\"*\"]', '2024-02-01 13:35:50', NULL, '2024-02-01 13:35:07', '2024-02-01 13:35:50'),
(620, 'App\\Models\\User', 23, 'API TOKEN', '9b941e988efc8820da97eb4c495e4ae5130fa57a6159717eaa8f2035b3d34939', '[\"*\"]', '2024-02-01 13:36:25', NULL, '2024-02-01 13:35:50', '2024-02-01 13:36:25'),
(622, 'App\\Models\\User', 23, 'API TOKEN', 'd4c2558075bea9b1b505f9062ff476ec0c27a857694ac4f4ffb10c9168dc833a', '[\"*\"]', NULL, NULL, '2024-02-01 13:39:37', '2024-02-01 13:39:37'),
(623, 'App\\Models\\User', 30, 'API TOKEN', 'a8a35ec6fb582867b7e60354206f52e445d01ff8b5cf7bd9c5af440042fd81bc', '[\"*\"]', NULL, NULL, '2024-02-26 03:37:48', '2024-02-26 03:37:48'),
(626, 'App\\Models\\User', 31, 'API TOKEN', '94d8830f53afa01480fde602d5f4e52fad34f41a7c4a02d340588234ff5c14e0', '[\"*\"]', '2024-03-22 22:00:10', NULL, '2024-03-22 21:58:48', '2024-03-22 22:00:10'),
(627, 'App\\Models\\User', 31, 'API TOKEN', 'cdbf056dc14e755d3bc4b7504d6951e2f5ecc5ecd6992e3347b140dc38799c74', '[\"*\"]', '2024-03-22 22:03:49', NULL, '2024-03-22 22:00:10', '2024-03-22 22:03:49'),
(630, 'App\\Models\\User', 32, 'API TOKEN', '47a9fd4895025027430ed9bbedd32e9520440b0c3c2d8717fc757a504903a71c', '[\"*\"]', '2024-04-03 01:21:25', NULL, '2024-04-03 01:20:48', '2024-04-03 01:21:25'),
(631, 'App\\Models\\User', 32, 'API TOKEN', 'c79ca85e566fafc3ab8ec94ca63d7201db22052805176ce87fff58849923259a', '[\"*\"]', '2024-04-03 01:21:42', NULL, '2024-04-03 01:21:25', '2024-04-03 01:21:42'),
(632, 'App\\Models\\User', 33, 'API TOKEN', 'b7a63febdffe33aec0ed2dcae26a2683d950a2e4e871a3a3ba5e4d711cdaa4f7', '[\"*\"]', '2024-04-06 19:10:39', NULL, '2024-04-06 19:10:10', '2024-04-06 19:10:39'),
(633, 'App\\Models\\User', 33, 'API TOKEN', '6d101268823f3b788368ca63f0039b12d4e9af6f9d9c7138544a5b66cd1891b7', '[\"*\"]', '2024-04-06 19:10:51', NULL, '2024-04-06 19:10:39', '2024-04-06 19:10:51'),
(635, 'App\\Models\\User', 34, 'API TOKEN', '01e2bda78c37bab5357fb42516d31255650d5bf2475c149adc88abe81f81456f', '[\"*\"]', '2024-04-26 02:50:11', NULL, '2024-04-26 02:49:34', '2024-04-26 02:50:11'),
(636, 'App\\Models\\User', 34, 'API TOKEN', 'c08da57430e22d3beed5b10d2ad5466cbd8ad7374e9221220867afc94aa915fa', '[\"*\"]', '2024-04-26 02:51:28', NULL, '2024-04-26 02:50:11', '2024-04-26 02:51:28'),
(637, 'App\\Models\\User', 12, 'API TOKEN', '21cc542b07a9abd9d422cdac6325af9cef7ffd35845f071e40a761b53676cfb4', '[\"*\"]', '2024-05-05 10:19:27', NULL, '2024-05-05 10:19:25', '2024-05-05 10:19:27'),
(639, 'App\\Models\\User', 12, 'API TOKEN', 'd068f9d8ff68b5c91592981f0427506a5a8a767dab97b8c707f29954bd2d29ee', '[\"*\"]', NULL, NULL, '2024-05-07 12:05:02', '2024-05-07 12:05:02'),
(640, 'App\\Models\\Admin', 2, 'API TOKEN', '14eeb0bf5c610731a3041bf6970cc0abb220ee507d3fa328c7ce882ed1d1a162', '[\"*\"]', NULL, NULL, '2024-05-12 06:14:24', '2024-05-12 06:14:24'),
(641, 'App\\Models\\Admin', 59, 'API TOKEN', '5dee10175416f3cf1ad1d662574cb253dc419c582803714a40fb361f78ab95b5', '[\"*\"]', NULL, NULL, '2024-05-12 06:47:07', '2024-05-12 06:47:07');
INSERT INTO `personal_access_tokens` (`id`, `tokenable_type`, `tokenable_id`, `name`, `token`, `abilities`, `last_used_at`, `expires_at`, `created_at`, `updated_at`) VALUES
(642, 'App\\Models\\Admin', 59, 'API TOKEN', '5874651438aaba19538b298feb720dab6941ee35c6c3e463f668c8b2e6b336e2', '[\"*\"]', NULL, NULL, '2024-05-12 06:58:54', '2024-05-12 06:58:54'),
(643, 'App\\Models\\Admin', 59, 'API TOKEN', '3ac323b240fd72dcd235c6e4731be132662aa2d7172f02cca67b98f26423c3bc', '[\"*\"]', NULL, NULL, '2024-05-12 06:59:18', '2024-05-12 06:59:18'),
(645, 'App\\Models\\User', 35, 'API TOKEN', '378cdbad67e3b437238651ae73ae49f1610b3747fa56bd8de785cdb6d944ff59', '[\"*\"]', NULL, NULL, '2024-05-12 07:12:00', '2024-05-12 07:12:00'),
(647, 'App\\Models\\Admin', 59, 'API TOKEN', 'c4e244affec4bde4324112ee329d963095b6a9011f59fcf256f9129c8f29209c', '[\"*\"]', NULL, NULL, '2024-05-12 07:21:16', '2024-05-12 07:21:16'),
(648, 'App\\Models\\Admin', 59, 'API TOKEN', 'dde6acfb12f70f04e944d16e62f8c9660e71e92635ce3718d17e80731c31ed31', '[\"*\"]', '2024-05-12 07:24:45', NULL, '2024-05-12 07:24:01', '2024-05-12 07:24:45'),
(649, 'App\\Models\\Admin', 59, 'API TOKEN', '31982d78ade8850c6f3cd0826a53b2361de3adb80cd1a1819e2fa6f3c2207e75', '[\"*\"]', NULL, NULL, '2024-05-12 07:37:34', '2024-05-12 07:37:34'),
(650, 'App\\Models\\Admin', 59, 'API TOKEN', '1829ac90d311addf8e035374fb5c686ad341d7e1e8cc9a82c966795daadfadba', '[\"*\"]', NULL, NULL, '2024-05-12 07:54:53', '2024-05-12 07:54:53'),
(651, 'App\\Models\\Admin', 59, 'API TOKEN', 'cb5a849286f4b160470d77d5654f72658f7d4297ad537c5c74b3a8a2b676cecc', '[\"*\"]', NULL, NULL, '2024-05-12 08:01:30', '2024-05-12 08:01:30'),
(654, 'App\\Models\\Admin', 59, 'API TOKEN', '8a18f028dd57917f4f5d968a288712eee0b8c9c10eb6296ee3e76033b78ff08a', '[\"*\"]', NULL, NULL, '2024-05-12 08:11:44', '2024-05-12 08:11:44'),
(655, 'App\\Models\\Admin', 59, 'API TOKEN', '2609f44de5a72afb77cecaf9d385e79690327780a095d695a2f97888a966af10', '[\"*\"]', NULL, NULL, '2024-05-12 08:13:47', '2024-05-12 08:13:47'),
(657, 'App\\Models\\Admin', 59, 'API TOKEN', 'db052e4387e5457d4eab1f832e2cf43c15ad9eac6012b4e9433230c083f29131', '[\"*\"]', NULL, NULL, '2024-05-12 08:21:58', '2024-05-12 08:21:58'),
(658, 'App\\Models\\Admin', 59, 'API TOKEN', 'c1a5a45e176942a42917b40311ecd2e608c72f68830dd265cad016e2a962ee5d', '[\"*\"]', NULL, NULL, '2024-05-12 08:34:02', '2024-05-12 08:34:02'),
(659, 'App\\Models\\Admin', 59, 'API TOKEN', '25831ccdd175a50a336e8226a47fd1bc73471d13c3644900adb13b833bc77b85', '[\"*\"]', NULL, NULL, '2024-05-12 08:34:34', '2024-05-12 08:34:34'),
(660, 'App\\Models\\Admin', 59, 'API TOKEN', 'cb63ff270449b7e59b394eaf26784350d5bc2f9202a98410ba714284cfe3581e', '[\"*\"]', NULL, NULL, '2024-05-12 08:38:16', '2024-05-12 08:38:16'),
(661, 'App\\Models\\User', 12, 'API TOKEN', '1db16af9f958df3bce5d4ce20a95b31f0a4206e4e208ee62cff93c5c0f04fcba', '[\"*\"]', NULL, NULL, '2024-05-12 08:38:40', '2024-05-12 08:38:40'),
(662, 'App\\Models\\Admin', 59, 'API TOKEN', 'cab85636bcf596443402802bfeabbe86119ef73642ec44a1096a51fa74a10ac5', '[\"*\"]', NULL, NULL, '2024-05-12 08:41:16', '2024-05-12 08:41:16'),
(663, 'App\\Models\\Admin', 59, 'API TOKEN', 'a387d8a196871f9bd12731d20d949587c360c5a8e60460db484c31559dcb300c', '[\"*\"]', NULL, NULL, '2024-05-12 08:42:17', '2024-05-12 08:42:17'),
(664, 'App\\Models\\Admin', 59, 'API TOKEN', '6896882bad3d8011ba67b6ac1a0679344df6ab9874a8bf70dddff233f7022b99', '[\"*\"]', NULL, NULL, '2024-05-12 08:43:11', '2024-05-12 08:43:11'),
(665, 'App\\Models\\Admin', 59, 'API TOKEN', '457ed89f869291c2a5a8949eaa923cad92f5ab69c1243a3dfb92ecd7fe5fd68d', '[\"*\"]', NULL, NULL, '2024-05-12 08:43:13', '2024-05-12 08:43:13'),
(666, 'App\\Models\\Admin', 59, 'API TOKEN', '341e21ce8b7699014dd995c72f614232e1b4a3cedb0639cacfb2db4733b1424e', '[\"*\"]', NULL, NULL, '2024-05-12 08:43:52', '2024-05-12 08:43:52'),
(668, 'App\\Models\\Admin', 59, 'API TOKEN', '86ac21c2e38e53d6d0822e382b8156108804e95875fd6683a5d09f9c5f46ca6c', '[\"*\"]', NULL, NULL, '2024-05-12 08:44:47', '2024-05-12 08:44:47'),
(670, 'App\\Models\\Admin', 59, 'API TOKEN', '793fbcd4153b01e52b42b80ce6344d496b81bffe8ded0949903234796004706a', '[\"*\"]', NULL, NULL, '2024-05-12 08:51:24', '2024-05-12 08:51:24'),
(671, 'App\\Models\\Admin', 59, 'API TOKEN', '03f8e26bb6ad2463a7227ecf1eb4d828ec7a00df8705fa7ed7dc1956dbb140f9', '[\"*\"]', NULL, NULL, '2024-05-12 08:51:41', '2024-05-12 08:51:41'),
(672, 'App\\Models\\Admin', 59, 'API TOKEN', 'b8e0a3b1e4975d5bfacb9cd87758b5fd2d287b1334b422e4787fae84fe90310b', '[\"*\"]', NULL, NULL, '2024-05-12 08:52:14', '2024-05-12 08:52:14'),
(673, 'App\\Models\\User', 12, 'API TOKEN', '26d47f7977a99b809d6af371b59240567eb1dd5b0d89557553fba755b48b56a6', '[\"*\"]', NULL, NULL, '2024-05-12 08:52:47', '2024-05-12 08:52:47'),
(674, 'App\\Models\\Admin', 59, 'API TOKEN', '7e119d731b5e7486b17f5574c5dc1a6e138e640a154ad8a469f6c3b76795d533', '[\"*\"]', NULL, NULL, '2024-05-12 08:53:02', '2024-05-12 08:53:02'),
(675, 'App\\Models\\Admin', 59, 'API TOKEN', 'c0cf93abeb6d31faa5ddb443ff18a87f03b2a774101a9f4a1cda52c9d8b8aa69', '[\"*\"]', NULL, NULL, '2024-05-12 08:53:20', '2024-05-12 08:53:20'),
(676, 'App\\Models\\Admin', 59, 'API TOKEN', 'bfa1bf22e7c19af95a5c4997eb4389d69a9620c19c9803e594ba431175567ce8', '[\"*\"]', NULL, NULL, '2024-05-12 08:54:00', '2024-05-12 08:54:00'),
(683, 'App\\Models\\User', 12, 'API TOKEN', '58e23178d48427fc63854de1172a7ed996c8e3320768dc13d146f451021076de', '[\"*\"]', NULL, NULL, '2024-05-12 09:11:34', '2024-05-12 09:11:34'),
(687, 'App\\Models\\Admin', 59, 'API TOKEN', 'ee8b550937318072d34c7bb643cd139c7b1125e47ebc65350eccacd101cb049d', '[\"*\"]', NULL, NULL, '2024-05-12 09:20:49', '2024-05-12 09:20:49'),
(688, 'App\\Models\\Admin', 59, 'API TOKEN', '3aafd8b00a22182637c2e3dc51478b767bc824835bf7f72cdd934f33b34500ad', '[\"*\"]', NULL, NULL, '2024-05-12 09:37:07', '2024-05-12 09:37:07'),
(695, 'App\\Models\\Admin', 59, 'API TOKEN', '74b1be4e05f97a64cc169bbc964cf25fdd83248f4f88362a1d89f594ab40b6a9', '[\"*\"]', '2024-05-13 04:43:37', NULL, '2024-05-13 04:42:58', '2024-05-13 04:43:37'),
(696, 'App\\Models\\Admin', 59, 'API TOKEN', '955185b354b3329cbbeb5f01802ff3a8450810a5ae402ab17a876cc2bfb6c215', '[\"*\"]', NULL, NULL, '2024-05-13 04:46:55', '2024-05-13 04:46:55'),
(699, 'App\\Models\\Admin', 59, 'API TOKEN', 'e95a7a8d172518d1cd5812c237867cefd5eb47083fa7a23d355200a019c3f87a', '[\"*\"]', '2024-05-13 06:56:26', NULL, '2024-05-13 05:11:07', '2024-05-13 06:56:26'),
(700, 'App\\Models\\User', 12, 'API TOKEN', '2621afcc5f123b1c040fdbd7d8d6de64fb963277893e089660f877dac4cc6267', '[\"*\"]', '2024-05-13 07:06:42', NULL, '2024-05-13 07:01:18', '2024-05-13 07:06:42'),
(709, 'App\\Models\\Admin', 59, 'API TOKEN', '4e4e3737507b559fc6001cca1aa9ca98ad632fb4b7eb990c3e231dbcb6eea54f', '[\"*\"]', NULL, NULL, '2024-05-13 10:55:46', '2024-05-13 10:55:46'),
(713, 'App\\Models\\Admin', 67, 'API TOKEN', '92bb6e53c39d6fe51b691c74c7dec21cb63b06af76a5b1cfd0d4235aa67c246f', '[\"*\"]', NULL, NULL, '2024-05-14 05:09:17', '2024-05-14 05:09:17'),
(717, 'App\\Models\\User', 12, 'API TOKEN', 'e3b05bcb6ae9ece3e42a978d5b91176bfb33c8d4bdb06206da1d5585ab16adb4', '[\"*\"]', NULL, NULL, '2024-05-14 05:16:42', '2024-05-14 05:16:42'),
(720, 'App\\Models\\Admin', 59, 'API TOKEN', 'd0b9464f92efe2ecc5e65d36032965e0c888e7742e4297a457192528a06dad6e', '[\"*\"]', '2024-05-14 08:32:03', NULL, '2024-05-14 08:31:41', '2024-05-14 08:32:03'),
(727, 'App\\Models\\Admin', 71, 'API TOKEN', '5b3f97d7b43dddbc59ef2ee2b790a7ac173b763394f27851c3b353afb0ffd3c0', '[\"*\"]', '2024-05-15 04:34:03', NULL, '2024-05-15 04:33:56', '2024-05-15 04:34:03'),
(729, 'App\\Models\\Admin', 72, 'API TOKEN', '5748803a9e16534dea2521038dc98f558ae1ffb4acd50c69d8ccc9fd6a76c38b', '[\"*\"]', '2024-05-15 04:53:52', NULL, '2024-05-15 04:53:49', '2024-05-15 04:53:52'),
(733, 'App\\Models\\Admin', 72, 'API TOKEN', '3b2ac3a5ed858ad7c135d5dc2f417a956fbc9507de302976b27b998617d817f4', '[\"*\"]', NULL, NULL, '2024-05-15 04:59:18', '2024-05-15 04:59:18'),
(735, 'App\\Models\\Admin', 72, 'API TOKEN', '0bd33284625816818a743e7146ed9577a9d4a2a93acb4fc1a88edfa1a7c3a135', '[\"*\"]', NULL, NULL, '2024-05-15 05:05:04', '2024-05-15 05:05:04'),
(738, 'App\\Models\\Admin', 59, 'API TOKEN', '3dc50e84ad4a003d0e04ad500aff8223e6cdbd92f4be0227ca5784928681528d', '[\"*\"]', NULL, NULL, '2024-05-15 05:12:16', '2024-05-15 05:12:16'),
(739, 'App\\Models\\Admin', 59, 'API TOKEN', '5161b27fd622d2a4fd0892a447a5965f21158a28a8e4d63a43bd925ce8cfb1da', '[\"*\"]', NULL, NULL, '2024-05-15 05:12:21', '2024-05-15 05:12:21'),
(744, 'App\\Models\\Admin', 72, 'API TOKEN', '7009acaf07ca5c8f2ea62655d70f4a04f1de789b277adbf3e38758017a41a326', '[\"*\"]', '2024-05-15 05:21:07', NULL, '2024-05-15 05:21:01', '2024-05-15 05:21:07'),
(745, 'App\\Models\\Admin', 73, 'API TOKEN', '397a0b6cb466be037b81bd9aa93bd5eeee32399cdbd916b81e85443561ab0c4b', '[\"*\"]', '2024-05-15 05:56:47', NULL, '2024-05-15 05:22:58', '2024-05-15 05:56:47'),
(748, 'App\\Models\\Admin', 72, 'API TOKEN', '111b59387b26eed1ddf3f0c6f72e71a6edc6ce3d05c71f347e84e2a4cacd45ec', '[\"*\"]', NULL, NULL, '2024-05-15 06:17:48', '2024-05-15 06:17:48'),
(751, 'App\\Models\\Admin', 74, 'API TOKEN', 'a529482b43d922c6e5984a21fe4923fc57078c11f8101b6aad74f72502feee51', '[\"*\"]', NULL, NULL, '2024-05-15 06:49:02', '2024-05-15 06:49:02'),
(754, 'App\\Models\\Admin', 74, 'API TOKEN', '002e5120d75d0ef3e0c41e6916b22b8793197238bf08712dedc12a7300f87ebe', '[\"*\"]', '2024-05-15 07:05:51', NULL, '2024-05-15 07:00:00', '2024-05-15 07:05:51'),
(755, 'App\\Models\\Admin', 69, 'API TOKEN', '1dfeb6d35e1c543398e2ad350f3f07960888db609e34fe08dfe853631a012774', '[\"*\"]', NULL, NULL, '2024-05-15 07:09:43', '2024-05-15 07:09:43'),
(756, 'App\\Models\\Admin', 69, 'API TOKEN', 'ef919a3f2eabc95444cf103620e236482d350d3bc50445f4feedd15be38c24a5', '[\"*\"]', NULL, NULL, '2024-05-15 07:12:34', '2024-05-15 07:12:34'),
(758, 'App\\Models\\Admin', 59, 'API TOKEN', '2e7cab8e14ac160e39c0d1df9653b28551d6692f1e1cd55321b51b8af972c354', '[\"*\"]', NULL, NULL, '2024-05-15 07:21:35', '2024-05-15 07:21:35'),
(759, 'App\\Models\\Admin', 59, 'API TOKEN', 'c0d966c9765d84a074988ffb636efb3756127465a146ab8e3cdbdffaf6135505', '[\"*\"]', NULL, NULL, '2024-05-15 07:22:43', '2024-05-15 07:22:43'),
(760, 'App\\Models\\Admin', 59, 'API TOKEN', 'cba3ae29bee31cbb0c215a484a80461772686197eac6cc3704f42ad6febf7fb1', '[\"*\"]', NULL, NULL, '2024-05-15 07:27:44', '2024-05-15 07:27:44'),
(761, 'App\\Models\\Admin', 59, 'API TOKEN', '35b9b184fc517d6c9ac7aa162b128ca04b00bb44d21b53665a721bc39483f154', '[\"*\"]', '2024-05-15 07:29:14', NULL, '2024-05-15 07:29:11', '2024-05-15 07:29:14'),
(762, 'App\\Models\\Admin', 59, 'API TOKEN', 'bdcc1ccee29dccdf533a9c3cd8637bf9b1406b12bffd45285a79c675e5539402', '[\"*\"]', NULL, NULL, '2024-05-15 07:30:39', '2024-05-15 07:30:39'),
(764, 'App\\Models\\Admin', 59, 'API TOKEN', '4ffb3eb0caea5e7e1a596685e9e945522530646238f006896402a75e1eb024b7', '[\"*\"]', NULL, NULL, '2024-05-15 07:37:41', '2024-05-15 07:37:41'),
(766, 'App\\Models\\Admin', 69, 'API TOKEN', 'aec45e09a2340c9ba10f2d7d2b0b2b339131d4336434103920b25047557011ec', '[\"*\"]', NULL, NULL, '2024-05-15 09:00:41', '2024-05-15 09:00:41'),
(769, 'App\\Models\\Admin', 59, 'API TOKEN', '20ff319c4bf6d2a3a18e0e400867e0d4b3912773c881d7717400a4b0efb39f4f', '[\"*\"]', NULL, NULL, '2024-05-16 03:48:03', '2024-05-16 03:48:03'),
(770, 'App\\Models\\Admin', 59, 'API TOKEN', '6fd25fd62775246f427f01df516b17294453820480a1d738274629414102543a', '[\"*\"]', '2024-05-16 04:53:19', NULL, '2024-05-16 04:12:06', '2024-05-16 04:53:19'),
(771, 'App\\Models\\User', 12, 'API TOKEN', 'd01421e7bb4a69538feff7d9219e37e0deb17f950c58797bc025a71625bf5d18', '[\"*\"]', '2024-05-16 04:48:23', NULL, '2024-05-16 04:39:13', '2024-05-16 04:48:23'),
(772, 'App\\Models\\User', 12, 'API TOKEN', '7a6a021f4c66b655133677fcde0f7ca1f8b7be6588eba92303f17504b770c3cb', '[\"*\"]', '2024-05-16 04:56:54', NULL, '2024-05-16 04:53:45', '2024-05-16 04:56:54'),
(773, 'App\\Models\\Admin', 59, 'API TOKEN', '3505dc8683bafc5e29eed58dad4118219f5fcb55ab362f0049f201479130a9bf', '[\"*\"]', '2024-05-16 07:25:19', NULL, '2024-05-16 05:06:50', '2024-05-16 07:25:19'),
(774, 'App\\Models\\User', 12, 'API TOKEN', 'ff5b5e3dd236afc80235af5a9c5447aab00dd35e453ea2291cde91b3a16021b7', '[\"*\"]', '2024-05-16 07:35:17', NULL, '2024-05-16 07:33:47', '2024-05-16 07:35:17'),
(778, 'App\\Models\\Admin', 102, 'API TOKEN', '6ab8f6b94a9b5e8c803a612f750ce523985988960c21bf74f5c74876c1c42f5f', '[\"*\"]', NULL, NULL, '2024-05-20 04:47:25', '2024-05-20 04:47:25'),
(780, 'App\\Models\\Admin', 111, 'API TOKEN', '9938890d1fe917190e6371377a9feead0ac00f4416246b1980b7b866c49078a3', '[\"*\"]', NULL, NULL, '2024-05-20 05:26:01', '2024-05-20 05:26:01'),
(781, 'App\\Models\\Admin', 112, 'API TOKEN', '28ebbca863da319a47abaf986de8da4f6b47612fa7770016d5224381051484e1', '[\"*\"]', NULL, NULL, '2024-05-20 05:29:42', '2024-05-20 05:29:42'),
(784, 'App\\Models\\Admin', 114, 'API TOKEN', '237ed37602cbe0ad26344c33bbb7432681b0c3ee225f6c069deb4afd7820cc85', '[\"*\"]', NULL, NULL, '2024-05-20 06:54:10', '2024-05-20 06:54:10'),
(789, 'App\\Models\\Admin', 129, 'API TOKEN', '02baa4be0ce34d64fcf80ca35800af9f5954259546c1c0239e6e4310819ad8d6', '[\"*\"]', NULL, NULL, '2024-05-22 03:50:58', '2024-05-22 03:50:58'),
(790, 'App\\Models\\Admin', 129, 'API TOKEN', '069f0f9be82a77f9c4b2bdb61748e8ace636731f40b273b0326560cf2d31272b', '[\"*\"]', NULL, NULL, '2024-05-22 04:42:26', '2024-05-22 04:42:26'),
(793, 'App\\Models\\User', 26, 'API TOKEN', 'd4a7206d0e89fc4bb78810925f0ecd0adf8c8d40505aa3c06d2f4eb378a7c8a7', '[\"*\"]', '2024-05-22 06:16:35', NULL, '2024-05-22 06:16:16', '2024-05-22 06:16:35'),
(795, 'App\\Models\\User', 36, 'API TOKEN', '4ec37dee9fba2d252ea866c863a203faf2f761c34b11ca098db47ffa09dcb667', '[\"*\"]', NULL, NULL, '2024-05-22 07:10:03', '2024-05-22 07:10:03'),
(796, 'App\\Models\\User', 36, 'API TOKEN', '72375bfd169df49a999c4b6f87e862081ff43d2ea60308b9bfd0cf8c94f68c0e', '[\"*\"]', NULL, NULL, '2024-05-22 07:14:25', '2024-05-22 07:14:25'),
(797, 'App\\Models\\User', 36, 'API TOKEN', '16df9f842a0a1d7a5b770a97290e65385784663099d58ace0ec22ec313df7903', '[\"*\"]', NULL, NULL, '2024-05-22 07:47:12', '2024-05-22 07:47:12'),
(798, 'App\\Models\\User', 36, 'API TOKEN', '98d603856a82cfef1df909daf0373948ebe6aced45f2d6d9cda15ed6d415b333', '[\"*\"]', NULL, NULL, '2024-05-22 07:47:52', '2024-05-22 07:47:52'),
(800, 'App\\Models\\User', 36, 'API TOKEN', 'ad977121fb48cc664ee6f396227fde11a4ef1bd2d181e652dedf82040e5ac707', '[\"*\"]', '2024-05-31 08:02:26', NULL, '2024-05-22 07:50:05', '2024-05-31 08:02:26'),
(802, 'App\\Models\\User', 37, 'API TOKEN', '90bd680c2138001cded77d689596ffa5343b04998c3f5d3f7667f3ee01d33dc7', '[\"*\"]', '2024-05-22 08:08:35', NULL, '2024-05-22 08:07:57', '2024-05-22 08:08:35'),
(803, 'App\\Models\\User', 37, 'API TOKEN', '02b3225d1e79adbf3da6cf6c359ddc0d8464b2bc93f1548e66bf63a2bc2b9df6', '[\"*\"]', '2024-05-22 08:29:48', NULL, '2024-05-22 08:08:35', '2024-05-22 08:29:48'),
(810, 'App\\Models\\User', 26, 'API TOKEN', '82b02fe1b34218825fabd2c611f63eb89431830f9eeb49ec10003c912baf7ed9', '[\"*\"]', '2024-05-23 04:41:08', NULL, '2024-05-23 04:34:54', '2024-05-23 04:41:08'),
(815, 'App\\Models\\User', 12, 'API TOKEN', 'bb3240451c7718b91634859e42dba3c91fbfcc5e3a51433e582a39b8725d3575', '[\"*\"]', NULL, NULL, '2024-05-24 09:48:06', '2024-05-24 09:48:06'),
(816, 'App\\Models\\User', 12, 'API TOKEN', '6401a3cc31246e34fb1f4e12ead3f17e12df5ce23bb62decece7d14334d3ab9a', '[\"*\"]', NULL, NULL, '2024-05-24 09:48:09', '2024-05-24 09:48:09'),
(817, 'App\\Models\\Admin', 131, 'API TOKEN', '666011dd83a1aa95eca14a0680445b0477c8ea4b0ed9282ad6376712cf9f1ce1', '[\"*\"]', '2024-05-25 05:15:09', NULL, '2024-05-25 05:11:38', '2024-05-25 05:15:09'),
(820, 'App\\Models\\Admin', 133, 'API TOKEN', '5a44e8d2f24a20d872eff08f698456df07b8736268dbcfe45558466c7f82cc0f', '[\"*\"]', '2024-05-25 09:29:17', NULL, '2024-05-25 09:23:43', '2024-05-25 09:29:17'),
(821, 'App\\Models\\Admin', 131, 'API TOKEN', '1fa3bef098710228b7e1618d4497d85d544c662882429f58210fceba9c3b6658', '[\"*\"]', '2024-05-25 10:22:04', NULL, '2024-05-25 10:21:46', '2024-05-25 10:22:04'),
(823, 'App\\Models\\User', 12, 'API TOKEN', 'a4880c978e58e6a4957809d73394acc72a9342d1a2eaf02132e34eab11d0688a', '[\"*\"]', '2024-05-25 13:54:12', NULL, '2024-05-25 13:39:45', '2024-05-25 13:54:12'),
(824, 'App\\Models\\User', 12, 'API TOKEN', '29986086b778cb2dca0bc7b9e02008c42edc0218f00ed325951bebf95ef62b42', '[\"*\"]', '2024-05-25 14:56:26', NULL, '2024-05-25 13:56:43', '2024-05-25 14:56:26'),
(826, 'App\\Models\\User', 12, 'API TOKEN', '6a016a8bccb24aee89baa6ea0a791fb72c685ca7f8f759c35c271552d73056a6', '[\"*\"]', '2024-05-26 09:35:08', NULL, '2024-05-25 14:59:02', '2024-05-26 09:35:08'),
(831, 'App\\Models\\User', 12, 'API TOKEN', 'd6adb83e064682bca53a4c08999b535e387299d52dfb16073994bdb17c8cf9df', '[\"*\"]', '2024-05-26 10:26:38', NULL, '2024-05-26 10:26:23', '2024-05-26 10:26:38'),
(832, 'App\\Models\\User', 26, 'API TOKEN', 'd65edcd993242b562b9b9ba57c3b165f06fbbd1f2e11bd433f896e34980b8cc4', '[\"*\"]', NULL, NULL, '2024-05-26 10:46:21', '2024-05-26 10:46:21'),
(833, 'App\\Models\\Admin', 133, 'API TOKEN', 'd702c6093f90c008c3db988c62f225cd612be0a9a8d0609558c473a49671d9ac', '[\"*\"]', '2024-05-26 10:49:29', NULL, '2024-05-26 10:46:53', '2024-05-26 10:49:29'),
(835, 'App\\Models\\Admin', 133, 'API TOKEN', 'cc443b6d9325a095d984e54bbd4f8ac28e6b0f5f67519b03cdffe4949afe64e4', '[\"*\"]', '2024-05-27 04:38:00', NULL, '2024-05-27 03:10:47', '2024-05-27 04:38:00'),
(836, 'App\\Models\\Admin', 133, 'API TOKEN', '002e94a6c13df7f5b432eb812199d71b5fb76b50b6ee6350803b89eb61b869a9', '[\"*\"]', '2024-05-27 04:28:03', NULL, '2024-05-27 03:32:44', '2024-05-27 04:28:03'),
(837, 'App\\Models\\User', 12, 'API TOKEN', 'bda021b22ddcc35cdc91ef934ecf164cc5103bd497a0f7740dc7843104e00cc3', '[\"*\"]', '2024-05-27 03:53:43', NULL, '2024-05-27 03:44:50', '2024-05-27 03:53:43'),
(843, 'App\\Models\\User', 26, 'API TOKEN', '5d683339ceecd170751685fc21fdf79a977552d5b024ed3c81f04d3eec60c21f', '[\"*\"]', NULL, NULL, '2024-05-27 04:24:35', '2024-05-27 04:24:35'),
(844, 'App\\Models\\Admin', 129, 'API TOKEN', 'd08d86c193642ff23f58bcafc1dcf8a8b1be2fdecdd422f4eea6f7131f9438e2', '[\"*\"]', '2024-05-27 04:26:07', NULL, '2024-05-27 04:25:07', '2024-05-27 04:26:07'),
(846, 'App\\Models\\Admin', 133, 'API TOKEN', '83cf343fde67a59333c459ebf6d7f61176a20dcfa1636a3b6bac12505acc0987', '[\"*\"]', '2024-05-27 04:57:53', NULL, '2024-05-27 04:28:41', '2024-05-27 04:57:53'),
(850, 'App\\Models\\Admin', 129, 'API TOKEN', '5cd282bc0f90fffd8dda17a22ecac7976266f882e7b0492bb9f00d84ff88fe36', '[\"*\"]', '2024-05-27 04:48:44', NULL, '2024-05-27 04:43:25', '2024-05-27 04:48:44'),
(854, 'App\\Models\\Admin', 133, 'API TOKEN', 'e3a3124ae22888166ccc74608aab195c67f995ebf0fa81e46e5c116924b2baa7', '[\"*\"]', '2024-05-27 05:08:02', NULL, '2024-05-27 05:05:42', '2024-05-27 05:08:02'),
(855, 'App\\Models\\Admin', 133, 'API TOKEN', '9e123bfa8aed4c4683415ea547cfed302ec2500a604007a9427588a3c0bcb013', '[\"*\"]', NULL, NULL, '2024-05-27 05:11:26', '2024-05-27 05:11:26'),
(869, 'App\\Models\\User', 14, 'API TOKEN', '1e52e2068238410c8dfcb3eb0d92c49004cc1a583c35df7800847bb8e6c7404c', '[\"*\"]', '2024-05-28 08:51:38', NULL, '2024-05-28 08:51:13', '2024-05-28 08:51:38'),
(874, 'App\\Models\\User', 12, 'API TOKEN', '5b84c87239cf6ff45ec1ba9c870221c2ffceb078072a659415c0a735acac5194', '[\"*\"]', '2024-06-04 10:03:17', NULL, '2024-05-28 10:28:44', '2024-06-04 10:03:17'),
(875, 'App\\Models\\User', 26, 'API TOKEN', '805643cdfd436939b3b135eaeae6df9394c464a74d854c10e841ac05a302a00f', '[\"*\"]', '2024-05-28 11:00:43', NULL, '2024-05-28 11:00:41', '2024-05-28 11:00:43'),
(876, 'App\\Models\\User', 26, 'API TOKEN', '06f90d8b11d8e1ffa0b612d7b66f1079c568bcc30fbab7ca1bdc1759789c4b44', '[\"*\"]', '2024-05-28 11:04:25', NULL, '2024-05-28 11:00:43', '2024-05-28 11:04:25'),
(877, 'App\\Models\\Admin', 131, 'API TOKEN', '7cca09903b1e4805302b15b9dd9e6fc4135c6b50ff86ec85c0aae9ac52643322', '[\"*\"]', '2024-05-30 15:09:56', NULL, '2024-05-30 15:09:20', '2024-05-30 15:09:56'),
(879, 'App\\Models\\Admin', 131, 'API TOKEN', 'fb246025dd6e4796e84a5547f15672da63d21ff4cc82b9c64729a73ab82946ef', '[\"*\"]', '2024-05-30 18:01:49', NULL, '2024-05-30 17:56:05', '2024-05-30 18:01:49'),
(881, 'App\\Models\\Admin', 133, 'API TOKEN', '3f8fa71c53fa024c1b302775338354ee5cfe6be76df9ebec459b5ce29c7e618d', '[\"*\"]', '2024-05-30 19:17:08', NULL, '2024-05-30 19:16:16', '2024-05-30 19:17:08'),
(887, 'App\\Models\\Admin', 146, 'API TOKEN', '31bb5282af98a8168825f3f8cef265cc24cad87868584a278b14182110997864', '[\"*\"]', NULL, NULL, '2024-06-02 07:43:30', '2024-06-02 07:43:30'),
(896, 'App\\Models\\Admin', 154, 'API TOKEN', '4b4f1fb02f9c511da0991354652432205fe11ea55e8f6e6a13a5a9150620ae91', '[\"*\"]', '2024-06-03 09:39:08', NULL, '2024-06-03 07:52:03', '2024-06-03 09:39:08'),
(899, 'App\\Models\\User', 26, 'API TOKEN', '4c0a27a719b373205162760de59c0d04b09d37c6286ec1cab03523396ff90fcc', '[\"*\"]', '2024-06-04 07:02:48', NULL, '2024-06-03 08:15:51', '2024-06-04 07:02:48'),
(914, 'App\\Models\\Admin', 148, 'API TOKEN', '8b819b5a0c0b8d09b7b87417c87014bda3f17470b3a43c8e92ddb92e5d87e77f', '[\"*\"]', '2024-06-03 09:40:33', NULL, '2024-06-03 09:39:40', '2024-06-03 09:40:33'),
(915, 'App\\Models\\Admin', 133, 'API TOKEN', 'd65450998511f2cc20af1d177727d9113f7cfbf6eda1fabea03933fc71ff316c', '[\"*\"]', '2024-06-03 09:49:13', NULL, '2024-06-03 09:48:18', '2024-06-03 09:49:13'),
(916, 'App\\Models\\User', 38, 'API TOKEN', '3195f545986889fd95782a081d1c04642b00c08809e8d3bf7ebb9087bcd3552b', '[\"*\"]', NULL, NULL, '2024-06-03 09:54:40', '2024-06-03 09:54:40'),
(917, 'App\\Models\\Admin', 148, 'API TOKEN', '8b22f995fb581dfaa65296279b6b5e13fdcc0a2d27520a0f270830cde7f96d57', '[\"*\"]', NULL, NULL, '2024-06-03 10:57:13', '2024-06-03 10:57:13'),
(919, 'App\\Models\\User', 39, 'API TOKEN', '152e3d425de0356b0ebe238a42d05d5aed841d295879e33f42b2b9757591abab', '[\"*\"]', NULL, NULL, '2024-06-03 14:26:42', '2024-06-03 14:26:42'),
(920, 'App\\Models\\User', 40, 'API TOKEN', '46932b9d99340ffc4af778cd59cb390de935750570a544d14a5056ebbd15ce2f', '[\"*\"]', '2024-06-03 14:27:43', NULL, '2024-06-03 14:27:22', '2024-06-03 14:27:43'),
(921, 'App\\Models\\User', 40, 'API TOKEN', '4d3ef3ce7c4164171b5d5a4f2522706e972bb30b93f247f95150e40caf34d98f', '[\"*\"]', '2024-06-03 14:31:14', NULL, '2024-06-03 14:27:43', '2024-06-03 14:31:14'),
(922, 'App\\Models\\User', 40, 'API TOKEN', 'e91b125f286b434e59a67105e56c6706b2ecac6a9c6d8bd65c504409c035694a', '[\"*\"]', NULL, NULL, '2024-06-03 14:30:58', '2024-06-03 14:30:58'),
(925, 'App\\Models\\Admin', 133, 'API TOKEN', '958c5042cadc36cafc30c61528207a8db707b059fe938eccb4bd6ffbdaf96eb2', '[\"*\"]', '2024-06-04 03:55:43', NULL, '2024-06-04 03:55:37', '2024-06-04 03:55:43'),
(926, 'App\\Models\\Admin', 133, 'API TOKEN', 'fb97bba47cbe58684ca644f335ebbf5d0b4818698844cd432566af39825406d4', '[\"*\"]', '2024-06-04 10:13:53', NULL, '2024-06-04 04:08:31', '2024-06-04 10:13:53'),
(927, 'App\\Models\\Admin', 133, 'API TOKEN', '6533a63ed7d91898e965625cd0a023afb8a2fe503e481cf21b4d15def6468b22', '[\"*\"]', '2024-06-04 07:23:52', NULL, '2024-06-04 04:17:42', '2024-06-04 07:23:52'),
(929, 'App\\Models\\Admin', 148, 'API TOKEN', '8ff546d6d53a1a8fa807285f0a3293a9f65e23c88982a4e02b73b35701667d22', '[\"*\"]', '2024-06-04 05:18:11', NULL, '2024-06-04 05:15:38', '2024-06-04 05:18:11'),
(930, 'App\\Models\\User', 26, 'API TOKEN', '4bdc9335df6e03c526425a7d27c39f2c341d96fd7c4863b0669dd0d81e5c80ef', '[\"*\"]', '2024-06-04 05:25:15', NULL, '2024-06-04 05:18:39', '2024-06-04 05:25:15'),
(931, 'App\\Models\\User', 26, 'API TOKEN', '5e22fa8169a8dc974451dbf982c577fd09e93049571f07ded5957961670d7d52', '[\"*\"]', '2024-06-04 05:25:23', NULL, '2024-06-04 05:25:15', '2024-06-04 05:25:23'),
(932, 'App\\Models\\User', 26, 'API TOKEN', 'f0bb8affc1d65d6cce7b9a1861e9626f0be34a9de11a13a801c38d0e568f64c3', '[\"*\"]', '2024-06-04 05:39:29', NULL, '2024-06-04 05:25:23', '2024-06-04 05:39:29'),
(933, 'App\\Models\\User', 26, 'API TOKEN', '8bcb24de0f07652ea6470eeea5d3dd233fd20ca7366d2e41346a247a01a4614b', '[\"*\"]', '2024-06-04 05:40:17', NULL, '2024-06-04 05:39:29', '2024-06-04 05:40:17'),
(934, 'App\\Models\\User', 26, 'API TOKEN', '5164ddc036139fff686481d2c323ac02e7b4c8129c08de537bca19361d3eff67', '[\"*\"]', '2024-06-04 05:41:12', NULL, '2024-06-04 05:41:00', '2024-06-04 05:41:12'),
(935, 'App\\Models\\User', 26, 'API TOKEN', 'f9b7ab148ae75a299a66f16be4bdc17a3526c7a7f29f4b6afc21ffde697f8f0e', '[\"*\"]', '2024-06-04 05:43:02', NULL, '2024-06-04 05:41:12', '2024-06-04 05:43:02'),
(936, 'App\\Models\\User', 26, 'API TOKEN', '82b54d5b7379cb745a3a2937cbc4ae16e147ece3e164801ddb2a820b0cc8110a', '[\"*\"]', NULL, NULL, '2024-06-04 05:42:48', '2024-06-04 05:42:48'),
(937, 'App\\Models\\User', 26, 'API TOKEN', '2bc2446de6c361dfde42629d60e272e3c9c587a95a896e0a200ff8ad03dd724f', '[\"*\"]', NULL, NULL, '2024-06-04 05:42:50', '2024-06-04 05:42:50'),
(938, 'App\\Models\\User', 26, 'API TOKEN', '3cd76a40490e07d8f2c4728a8fbcb3fcc2eea022332d0d5d26b9f5fd0cb57c74', '[\"*\"]', '2024-06-04 05:43:38', NULL, '2024-06-04 05:43:02', '2024-06-04 05:43:38'),
(939, 'App\\Models\\User', 26, 'API TOKEN', 'a96de5afc8f7c95f1d7563a9410cbed0879bde25aef41d6cb14442da75cf6d44', '[\"*\"]', '2024-06-04 06:34:42', NULL, '2024-06-04 05:43:38', '2024-06-04 06:34:42'),
(940, 'App\\Models\\Admin', 148, 'API TOKEN', '3999ae0894e0c7ba5b0518d616da8d5dd746250e6e588a6e0adbf660a2eabd49', '[\"*\"]', '2024-06-04 08:47:48', NULL, '2024-06-04 05:58:41', '2024-06-04 08:47:48'),
(941, 'App\\Models\\User', 26, 'API TOKEN', '454b8563fe4e41dd8dfa46c7e3213b4589645e6f06ec1cb668c55d78989913fb', '[\"*\"]', '2024-06-04 06:35:33', NULL, '2024-06-04 06:34:42', '2024-06-04 06:35:33'),
(942, 'App\\Models\\User', 26, 'API TOKEN', '383f77516ce4ca7a93e8cfdc120b832af7b7d9cba54fcf351749fa6ed0328beb', '[\"*\"]', '2024-06-04 07:21:51', NULL, '2024-06-04 06:35:33', '2024-06-04 07:21:51'),
(943, 'App\\Models\\User', 26, 'API TOKEN', 'a62413b00b3935e5d14531c36d30a25d07e8ffff374cfacb15ebba9c05b65ef0', '[\"*\"]', '2024-06-04 08:44:13', NULL, '2024-06-04 06:56:26', '2024-06-04 08:44:13'),
(946, 'App\\Models\\User', 26, 'API TOKEN', '04e7234ef8738929fa6ebf312df79f12a757c622d9a4d3507a31fd27ded37420', '[\"*\"]', '2024-06-04 07:09:24', NULL, '2024-06-04 07:07:11', '2024-06-04 07:09:24'),
(947, 'App\\Models\\User', 26, 'API TOKEN', 'dffd697820058826f0dfa0358458d7599e980a566ce291c21c9c3e9da7b421fe', '[\"*\"]', '2024-06-04 07:15:54', NULL, '2024-06-04 07:12:33', '2024-06-04 07:15:54'),
(948, 'App\\Models\\User', 26, 'API TOKEN', 'eea88b956887c5d81d11dcdddb41367295fbecd03f6b033ce6a2b1610ee90a4e', '[\"*\"]', '2024-06-05 07:27:27', NULL, '2024-06-04 07:23:15', '2024-06-05 07:27:27'),
(949, 'App\\Models\\User', 26, 'API TOKEN', 'c2f76a3409d2bf0ae79ec0aac91cd4c8279563316479e4d0fe2599771dbd83a5', '[\"*\"]', '2024-06-04 07:41:39', NULL, '2024-06-04 07:41:25', '2024-06-04 07:41:39'),
(951, 'App\\Models\\User', 12, 'API TOKEN', '1a245b578c74f1aa2fbb5035465c669fed9decc9600ee3a174dc686f0d0b12cd', '[\"*\"]', '2024-06-04 08:45:41', NULL, '2024-06-04 08:08:19', '2024-06-04 08:45:41'),
(952, 'App\\Models\\User', 12, 'API TOKEN', '2b217f2544f7ffeafee2c1e6829b506c88626a288d455e3d6c11311c19d95142', '[\"*\"]', '2024-06-04 09:32:37', NULL, '2024-06-04 08:46:14', '2024-06-04 09:32:37'),
(953, 'App\\Models\\User', 12, 'API TOKEN', '84df88b40f0352deee2b1dc9be08a440feb8ff63fd7f8ef9411d7d2d7489e96c', '[\"*\"]', '2024-06-04 09:41:03', NULL, '2024-06-04 09:35:41', '2024-06-04 09:41:03'),
(954, 'App\\Models\\User', 12, 'API TOKEN', '3c913de4e5c3057bd4aeb71e6393871e91dd1c897d18a2e76836f0f4e3b3ff34', '[\"*\"]', '2024-06-04 09:49:08', NULL, '2024-06-04 09:44:22', '2024-06-04 09:49:08'),
(957, 'App\\Models\\Admin', 148, 'API TOKEN', '61daf7e64c901e66f2450b1168a86fbf11f62a83be0832af08f4a225c70b5dfa', '[\"*\"]', '2024-06-05 07:20:10', NULL, '2024-06-05 06:47:30', '2024-06-05 07:20:10'),
(958, 'App\\Models\\Admin', 148, 'API TOKEN', '1f99e1d348fd4f4529f007d10d35fa4b9b13da0230022aded1f41e06ed544b7a', '[\"*\"]', '2024-06-05 07:07:41', NULL, '2024-06-05 07:04:01', '2024-06-05 07:07:41'),
(961, 'App\\Models\\Admin', 148, 'API TOKEN', '7a0ea4500129631de6dcc35840923c7a8d995c67c1f75fa401f39702b334990c', '[\"*\"]', '2024-06-05 07:29:08', NULL, '2024-06-05 07:09:01', '2024-06-05 07:29:08'),
(964, 'App\\Models\\Admin', 134, 'API TOKEN', 'd406a822c30d85b55e69db51b5cbd1d41d5f4e42cb8dac02a9b89cb2d8a332d6', '[\"*\"]', '2024-06-05 09:38:55', NULL, '2024-06-05 09:38:29', '2024-06-05 09:38:55'),
(965, 'App\\Models\\Admin', 134, 'API TOKEN', '34fbc6dda331425df99c8484ff46233b6944b00b02dd1943937c4d7136eb0f3d', '[\"*\"]', '2024-06-05 09:43:06', NULL, '2024-06-05 09:41:56', '2024-06-05 09:43:06'),
(966, 'App\\Models\\Admin', 134, 'API TOKEN', '55a8268ba4d7a8fed88cc007da4c6c8e4c11e71bc8aa8bff68af9f3b27677845', '[\"*\"]', '2024-06-05 09:47:32', NULL, '2024-06-05 09:46:53', '2024-06-05 09:47:32'),
(967, 'App\\Models\\Admin', 134, 'API TOKEN', 'e0793b89e5194b29671ff23c1ae975f723cb31a9566641f4696c2f352e4757c8', '[\"*\"]', '2024-06-05 09:49:25', NULL, '2024-06-05 09:49:11', '2024-06-05 09:49:25'),
(968, 'App\\Models\\Admin', 148, 'API TOKEN', 'c0a772687c2ebfff98eb1f3e08d7ef669a205b7172ab6f82a4fdd9ab984aa094', '[\"*\"]', '2024-06-05 10:14:20', NULL, '2024-06-05 10:13:45', '2024-06-05 10:14:20'),
(969, 'App\\Models\\Admin', 148, 'API TOKEN', 'ec15eb745995344ce88490ca2e83d4ce79ec8ddd60014aa1de94f6252aeef1bf', '[\"*\"]', '2024-06-05 10:18:03', NULL, '2024-06-05 10:16:09', '2024-06-05 10:18:03'),
(974, 'App\\Models\\Admin', 148, 'API TOKEN', '6128972bf1e1e8ecb68702432c7ad9afe90cc5738bb60af53dd4fc6cdc01058d', '[\"*\"]', '2024-06-09 18:55:19', NULL, '2024-06-07 06:25:16', '2024-06-09 18:55:19'),
(975, 'App\\Models\\User', 41, 'API TOKEN', '625dffb8eef8f6f72ff9cc5fd116340e3c6ca19a3dec8c93e5857c1235b68b12', '[\"*\"]', '2024-06-08 18:18:48', NULL, '2024-06-08 18:17:26', '2024-06-08 18:18:48'),
(976, 'App\\Models\\User', 41, 'API TOKEN', 'e5bff4346eb71c3cd3d6f433fbfbb8c4fa49752b4b89f4d5ae5fe281f6ae1626', '[\"*\"]', NULL, NULL, '2024-06-08 18:18:12', '2024-06-08 18:18:12'),
(977, 'App\\Models\\User', 41, 'API TOKEN', 'd1d0736dc3c1fc9946658f61621931740078ac632401d792f645fbfcf814b89a', '[\"*\"]', NULL, NULL, '2024-06-08 18:18:42', '2024-06-08 18:18:42'),
(978, 'App\\Models\\User', 41, 'API TOKEN', '300f9e989aa94a70e977f5473e1d655ad34e7d6b315cadd1b063f723ec2aa541', '[\"*\"]', '2024-06-08 18:18:58', NULL, '2024-06-08 18:18:48', '2024-06-08 18:18:58'),
(979, 'App\\Models\\User', 41, 'API TOKEN', '84feeed28009ee8f74eca5fdcb68ee0e2cc39a11edbd8db3feb717ebd831fd49', '[\"*\"]', '2024-06-08 21:57:24', NULL, '2024-06-08 21:57:08', '2024-06-08 21:57:24'),
(980, 'App\\Models\\Admin', 154, 'API TOKEN', 'a12f02fbc5b45328aad816f9a65a2211ba20899e282500d7a4ed1870c1d58597', '[\"*\"]', '2024-06-09 06:54:10', NULL, '2024-06-09 06:39:34', '2024-06-09 06:54:10'),
(981, 'App\\Models\\Admin', 154, 'API TOKEN', 'fa13ebdce84e2a2732ccfd01b944cb13e14fa2bac21354fe1c32f8296beaf04f', '[\"*\"]', '2024-06-09 07:11:23', NULL, '2024-06-09 06:57:23', '2024-06-09 07:11:23'),
(982, 'App\\Models\\User', 12, 'API TOKEN', '7420469bb4d1f90a4167389196c3561ac1bba69723d1804828911e5efaa86cc2', '[\"*\"]', NULL, NULL, '2024-06-09 08:08:43', '2024-06-09 08:08:43'),
(983, 'App\\Models\\User', 12, 'API TOKEN', '6ec9b10b36865c2df7761f50e48eef6a9e89e5abd3b2283b74abdab824855d08', '[\"*\"]', '2024-06-10 04:43:53', NULL, '2024-06-10 04:43:25', '2024-06-10 04:43:53'),
(984, 'App\\Models\\User', 12, 'API TOKEN', 'a00fc0c66c633dafcb8f29c2665cd67f9f67b0cb93be198af6a61b696296999b', '[\"*\"]', '2024-06-10 05:16:30', NULL, '2024-06-10 05:15:46', '2024-06-10 05:16:30');

-- --------------------------------------------------------

--
-- Table structure for table `promo_codes`
--

CREATE TABLE `promo_codes` (
  `id` bigint(20) UNSIGNED NOT NULL,
  `code` varchar(255) NOT NULL,
  `discount` double UNSIGNED NOT NULL,
  `from` date NOT NULL,
  `to` date NOT NULL,
  `created_at` timestamp NULL DEFAULT NULL,
  `updated_at` timestamp NULL DEFAULT NULL
) ENGINE=InnoDB DEFAULT CHARSET=utf8mb4 COLLATE=utf8mb4_unicode_ci;

-- --------------------------------------------------------

--
-- Table structure for table `promo_code_user`
--

CREATE TABLE `promo_code_user` (
  `id` bigint(20) UNSIGNED NOT NULL,
  `user_id` bigint(20) UNSIGNED NOT NULL,
  `promo_code_id` bigint(20) UNSIGNED NOT NULL,
  `created_at` timestamp NULL DEFAULT NULL,
  `updated_at` timestamp NULL DEFAULT NULL
) ENGINE=InnoDB DEFAULT CHARSET=utf8mb4 COLLATE=utf8mb4_unicode_ci;

-- --------------------------------------------------------

--
-- Table structure for table `regions`
--

CREATE TABLE `regions` (
  `id` bigint(20) UNSIGNED NOT NULL,
  `country_id` bigint(20) UNSIGNED NOT NULL,
  `title_ar` varchar(255) DEFAULT NULL,
  `title_en` varchar(255) DEFAULT NULL,
  `lat` varchar(255) DEFAULT NULL,
  `long` varchar(255) DEFAULT NULL,
  `delivery_cost` decimal(9,3) NOT NULL DEFAULT 0.000,
  `delivery_time` decimal(9,2) NOT NULL DEFAULT 0.00,
  `status` tinyint(4) NOT NULL DEFAULT 1,
  `created_at` timestamp NULL DEFAULT NULL,
  `updated_at` timestamp NULL DEFAULT NULL
) ENGINE=InnoDB DEFAULT CHARSET=utf8mb4 COLLATE=utf8mb4_unicode_ci;

--
-- Dumping data for table `regions`
--

INSERT INTO `regions` (`id`, `country_id`, `title_ar`, `title_en`, `lat`, `long`, `delivery_cost`, `delivery_time`, `status`, `created_at`, `updated_at`) VALUES
(1, 2, 'منطقة الرياض', 'Riyadh', NULL, NULL, 2.000, 20.00, 1, '2023-10-12 05:16:45', '2023-10-12 05:16:45'),
(2, 2, 'منطقة مكة المكرمة', 'Makkah', NULL, NULL, 2.000, 20.00, 1, '2023-10-12 05:16:45', '2023-10-12 05:16:45'),
(3, 2, 'منطقة المدينة المنورة', 'Madinah', NULL, NULL, 2.000, 20.00, 1, '2023-10-12 05:16:45', '2023-10-12 05:16:45'),
(4, 2, 'منطقة القصيم', 'Qassim', NULL, NULL, 2.000, 20.00, 1, '2023-10-12 05:16:45', '2023-10-12 05:16:45'),
(5, 2, 'المنطقة الشرقية', 'Eastern Province', NULL, NULL, 2.000, 20.00, 1, '2023-10-12 05:16:45', '2023-10-12 05:16:45'),
(6, 2, 'منطقة عسير', 'Asir', NULL, NULL, 2.000, 20.00, 1, '2023-10-12 05:16:45', '2023-10-12 05:16:45'),
(7, 2, 'منطقة تبوك', 'Tabuk', NULL, NULL, 2.000, 20.00, 1, '2023-10-12 05:16:45', '2023-10-12 05:16:45'),
(8, 2, 'منطقة حائل', 'Hail', NULL, NULL, 2.000, 20.00, 1, '2023-10-12 05:16:45', '2023-10-12 05:16:45'),
(9, 2, 'منطقة الحدود الشمالية', 'Northern Borders', NULL, NULL, 2.000, 20.00, 1, '2023-10-12 05:16:45', '2023-10-12 05:16:45'),
(10, 2, 'منطقة جازان', 'Jazan', NULL, NULL, 2.000, 20.00, 1, '2023-10-12 05:16:45', '2023-10-12 05:16:45'),
(11, 2, 'منطقة نجران', 'Najran', NULL, NULL, 2.000, 20.00, 1, '2023-10-12 05:16:45', '2023-10-12 05:16:45'),
(12, 2, 'منطقة الباحة', 'Bahah', NULL, NULL, 2.000, 20.00, 1, '2023-10-12 05:16:45', '2023-10-12 05:16:45'),
(13, 2, 'منطقة الجوف', 'Jawf', NULL, NULL, 2.000, 20.00, 1, '2023-10-12 05:16:45', '2023-10-12 05:16:45'),
(14, 6, 'الكويت العاصمة', 'Kuwait City', NULL, NULL, 1.500, 20.00, 1, '2023-10-12 05:16:45', '2023-10-12 05:16:45'),
(15, 6, 'حولي', 'Hawalli', NULL, NULL, 1.500, 20.00, 1, '2023-10-12 05:16:45', '2023-10-12 05:16:45'),
(16, 6, 'مبارك الكبير', 'Mubarak Al-Kabeer', NULL, NULL, 1.500, 20.00, 1, '2023-10-12 05:16:45', '2023-10-12 05:16:45'),
(17, 6, 'الأحمدي', 'Ahmadi', NULL, NULL, 1.500, 20.00, 1, '2023-10-12 05:16:45', '2023-10-12 05:16:45'),
(18, 6, 'الفروانية', 'Farwaniya', NULL, NULL, 1.500, 20.00, 1, '2023-10-12 05:16:45', '2023-10-12 05:16:45'),
(19, 6, 'الجهراء', 'Jahra', NULL, NULL, 1.500, 20.00, 1, '2023-10-12 05:16:45', '2023-10-12 05:16:45'),
(20, 1, 'العاصمة', 'Capital', '26.219929203309576', '50.58734737935719', 1.500, 20.00, 1, '2023-10-12 06:21:30', '2023-10-12 06:21:30'),
(21, 1, 'المحرق', 'Muharraq', '26.253636222971334', '50.611657661612355', 1.500, 20.00, 1, '2023-10-12 06:22:07', '2023-10-13 23:32:58'),
(22, 1, 'الشمالية', 'Northern', '26.19639116442565', '50.49152588631257', 1.500, 20.00, 1, '2023-10-12 06:22:51', '2023-10-12 06:22:51'),
(23, 1, 'الجنوب', 'Southern', '26.086799825536474', '50.54532451913496', 1.500, 20.00, 1, '2023-10-12 06:23:21', '2023-10-12 06:23:21'),
(24, 1, 'الوسطى', 'Central', NULL, NULL, 1.500, 20.00, 1, '2023-10-12 08:00:20', '2023-10-12 08:00:20'),
(25, 7, 'الإسكندرية', 'Alexandria', NULL, NULL, 2.000, 20.00, 1, '2023-10-15 05:09:56', '2023-10-15 05:09:56'),
(26, 7, 'القاهرة', 'Cairo', NULL, NULL, 2.000, 20.00, 1, '2023-10-15 05:10:08', '2023-10-15 05:10:08');

-- --------------------------------------------------------

--
-- Table structure for table `reviews`
--

CREATE TABLE `reviews` (
  `id` bigint(20) UNSIGNED NOT NULL,
  `company_id` bigint(20) UNSIGNED NOT NULL,
  `user_id` bigint(20) UNSIGNED NOT NULL,
  `star` int(11) NOT NULL,
  `disc` varchar(255) NOT NULL,
  `created_at` timestamp NULL DEFAULT NULL,
  `updated_at` timestamp NULL DEFAULT NULL
) ENGINE=InnoDB DEFAULT CHARSET=utf8mb4 COLLATE=utf8mb4_unicode_ci;

-- --------------------------------------------------------

--
-- Table structure for table `serials`
--

CREATE TABLE `serials` (
  `id` bigint(20) UNSIGNED NOT NULL,
  `card_id` bigint(20) UNSIGNED NOT NULL,
  `user_id` bigint(20) UNSIGNED DEFAULT NULL,
  `key` varchar(255) NOT NULL,
  `created_at` timestamp NULL DEFAULT NULL,
  `updated_at` timestamp NULL DEFAULT NULL
) ENGINE=InnoDB DEFAULT CHARSET=utf8mb4 COLLATE=utf8mb4_unicode_ci;

--
-- Dumping data for table `serials`
--

INSERT INTO `serials` (`id`, `card_id`, `user_id`, `key`, `created_at`, `updated_at`) VALUES
(1, 1, NULL, 'bla', '2023-12-11 13:36:56', '2023-12-11 13:36:56');

-- --------------------------------------------------------

--
-- Table structure for table `services`
--

CREATE TABLE `services` (
  `id` bigint(20) UNSIGNED NOT NULL,
  `title_ar` varchar(255) NOT NULL,
  `title_en` varchar(255) NOT NULL,
  `image` varchar(255) NOT NULL,
  `created_at` timestamp NULL DEFAULT NULL,
  `updated_at` timestamp NULL DEFAULT NULL
) ENGINE=InnoDB DEFAULT CHARSET=utf8mb4 COLLATE=utf8mb4_unicode_ci;

--
-- Dumping data for table `services`
--

INSERT INTO `services` (`id`, `title_ar`, `title_en`, `image`, `created_at`, `updated_at`) VALUES
(1, 'تنظيف المنازل', 'cleaning houses ', '/storage/services/1714031452_9897.webp', '2023-12-10 07:03:18', '2024-04-25 05:50:52'),
(2, 'تنظيف السيارات', 'cleaning cars', '/storage/services/1714031467_1563.webp', '2023-12-10 07:03:27', '2024-04-25 05:51:07'),
(6, 'عمالة منزلية', 'Domestic workers', '/storage/services/1714031545_3240.webp', '2024-01-08 07:03:13', '2024-05-07 17:22:21'),
(7, 'سجاد و مفارش', 'Carpets and mattresses', '/storage/services/1714031531_6394.webp', '2024-01-31 12:02:53', '2024-04-25 05:52:11');

-- --------------------------------------------------------

--
-- Table structure for table `settings`
--

CREATE TABLE `settings` (
  `id` bigint(20) UNSIGNED NOT NULL,
  `key` varchar(255) NOT NULL,
  `value` longtext DEFAULT NULL,
  `type` enum('string','text','editor','image') DEFAULT NULL,
  `user_type` varchar(255) NOT NULL DEFAULT 'client',
  `br` tinyint(1) NOT NULL DEFAULT 0,
  `hr` tinyint(1) NOT NULL DEFAULT 0,
  `created_at` timestamp NULL DEFAULT NULL,
  `updated_at` timestamp NULL DEFAULT NULL
) ENGINE=InnoDB DEFAULT CHARSET=utf8mb4 COLLATE=utf8mb4_unicode_ci;

--
-- Dumping data for table `settings`
--

INSERT INTO `settings` (`id`, `key`, `value`, `type`, `user_type`, `br`, `hr`, `created_at`, `updated_at`) VALUES
(1, 'title', 'Wash', 'string', 'client', 0, 0, NULL, NULL),
(2, 'logo', '/storage/setting/1703428551_6552.webp', 'image', 'client', 1, 1, NULL, '2023-12-24 12:35:51'),
(3, 'facebook', 'https//:www.facebook.com', 'string', 'client', 0, 0, NULL, '2023-12-27 12:32:10'),
(4, 'x', 'https//:www.facebook.com', 'string', 'client', 0, 0, NULL, '2023-12-27 12:32:10'),
(5, 'instagram', 'https//:www.facebook.com', 'string', 'client', 0, 0, NULL, '2023-12-27 12:32:10'),
(6, 'phone', '+96645454565', 'string', 'client', 0, 0, NULL, NULL),
(7, 'email', 'test@gmail.com', 'string', 'client', 1, 1, NULL, NULL),
(8, 'ios_version', '1.17', 'string', 'client', 0, 0, NULL, '2024-06-05 03:40:05'),
(9, 'android_version', '1.5', 'string', 'client', 0, 0, NULL, '2024-05-21 08:45:33'),
(10, 'app_lock', '0', 'string', 'client', 1, 0, NULL, '2024-01-31 11:41:20'),
(11, 'about_paragraph_ar', '', NULL, 'client', 0, 0, '2023-12-28 10:02:48', '2024-05-14 03:12:14'),
(12, 'about_paragraph_en', '', NULL, 'client', 0, 0, '2023-12-28 10:02:48', '2024-05-14 03:12:14'),
(13, 'apple_link', 'https://apps.apple.com/app/wash-%D9%88%D9%88%D8%B4/id6474549037', 'string', 'client', 0, 0, NULL, '2023-12-31 07:08:00'),
(14, 'google_link', '', 'string', 'client', 0, 0, NULL, '2023-12-31 07:08:00');

-- --------------------------------------------------------

--
-- Table structure for table `sidepages`
--

CREATE TABLE `sidepages` (
  `id` bigint(20) UNSIGNED NOT NULL,
  `key` varchar(255) NOT NULL,
  `image` varchar(255) DEFAULT NULL,
  `value_ar` longtext DEFAULT NULL,
  `value_en` longtext DEFAULT NULL,
  `user_type` varchar(255) NOT NULL DEFAULT 'client',
  `created_at` timestamp NULL DEFAULT NULL,
  `updated_at` timestamp NULL DEFAULT NULL
) ENGINE=InnoDB DEFAULT CHARSET=utf8mb4 COLLATE=utf8mb4_unicode_ci;

--
-- Dumping data for table `sidepages`
--

INSERT INTO `sidepages` (`id`, `key`, `image`, `value_ar`, `value_en`, `user_type`, `created_at`, `updated_at`) VALUES
(1, 'terms', NULL, '<p>اهلا في واش</p>', '<p>Welcome in wash</p>', 'client', '2023-12-28 09:56:18', '2024-05-13 03:16:12'),
(2, 'privacy', NULL, '<p>اهلا بك في واش</p>', '<p>Welcome in wash</p>', 'client', '2023-12-28 09:59:07', '2024-05-14 10:23:53'),
(4, 'terms', NULL, '<p>الشروط و الاحكام للادمن</p>', '<p>terms and conditions for admin</p>', 'admin', '2024-05-13 03:28:04', '2024-05-15 05:52:11'),
(5, 'privacy', NULL, '<p>سياسة الخصوصيه للادمن</p>', '<p>privacy for admin</p>', 'admin', '2024-05-13 03:42:34', '2024-05-14 10:28:34');

-- --------------------------------------------------------

--
-- Table structure for table `slides`
--

CREATE TABLE `slides` (
  `id` bigint(20) UNSIGNED NOT NULL,
  `image` varchar(255) NOT NULL,
  `paragraph_ar` varchar(255) NOT NULL,
  `paragraph_en` varchar(255) NOT NULL,
  `created_at` timestamp NULL DEFAULT NULL,
  `updated_at` timestamp NULL DEFAULT NULL
) ENGINE=InnoDB DEFAULT CHARSET=utf8mb4 COLLATE=utf8mb4_unicode_ci;

--
-- Dumping data for table `slides`
--

INSERT INTO `slides` (`id`, `image`, `paragraph_ar`, `paragraph_en`, `created_at`, `updated_at`) VALUES
(3, '/storage/slides/1710149144_1577.webp', 'Wosh', 'مساحة اعلانية', '2024-03-11 07:25:44', '2024-03-11 07:25:44');

-- --------------------------------------------------------

--
-- Table structure for table `socials`
--

CREATE TABLE `socials` (
  `id` bigint(20) UNSIGNED NOT NULL,
  `image` varchar(255) NOT NULL,
  `title_ar` varchar(255) NOT NULL,
  `title_en` varchar(255) NOT NULL,
  `link` varchar(255) NOT NULL,
  `user_type` varchar(255) NOT NULL DEFAULT 'client',
  `created_at` timestamp NULL DEFAULT NULL,
  `updated_at` timestamp NULL DEFAULT NULL
) ENGINE=InnoDB DEFAULT CHARSET=utf8mb4 COLLATE=utf8mb4_unicode_ci;

--
-- Dumping data for table `socials`
--

INSERT INTO `socials` (`id`, `image`, `title_ar`, `title_en`, `link`, `user_type`, `created_at`, `updated_at`) VALUES
(1, '/storage/socials/1703686786_8587.webp', 'whats app', 'whats app', 'https://web.whatsapp.com/', 'client', '2023-12-27 12:19:46', '2023-12-27 12:19:46'),
(2, '/storage/socials/1703686944_6569.webp', 'انستزام', 'Instagram', 'https://www.instagram.com', 'client', '2023-12-27 12:22:24', '2023-12-27 12:22:24'),
(4, '/storage/socials/1715693929_4203.webp', 'whatsapp Admin', 'whatsapp Admin', 'https://web.whatsapp.com/', 'admin', '2024-05-13 04:28:21', '2024-05-15 05:26:09'),
(5, '/storage/socials/1715693950_4173.webp', 'instgram Admin', 'instgram Admin', 'https://web.instgram.com/', 'admin', '2024-05-13 04:30:20', '2024-05-14 10:39:10'),
(8, '/storage/socials/1715761603_9623.webp', 'Lorem Ipsum is simply dummy text of the printing and typesetting', 'Lorem Ipsum is simply dummy text of the printing and typesetting', 'https://www.instagram.com/karismacosmeticclinic/', 'admin', '2024-05-15 05:26:43', '2024-05-15 08:50:50'),
(9, '/storage/socials/1715761877_4591.webp', 'testmm', 'test againn', '', 'admin', '2024-05-15 05:31:17', '2024-05-15 05:44:35'),
(13, '/storage/socials/1715769039_5179.webp', 'instgram Admin', 'instgram Admin', 'https://web.instgram.com/', 'admin', '2024-05-15 07:30:40', '2024-05-15 07:30:40');

-- --------------------------------------------------------

--
-- Table structure for table `standards`
--

CREATE TABLE `standards` (
  `id` bigint(20) UNSIGNED NOT NULL,
  `singular_title_ar` varchar(255) NOT NULL,
  `singular_title_en` varchar(255) NOT NULL,
  `plural_title_ar` varchar(255) NOT NULL,
  `plural_title_en` varchar(255) NOT NULL,
  `created_at` timestamp NULL DEFAULT NULL,
  `updated_at` timestamp NULL DEFAULT NULL
) ENGINE=InnoDB DEFAULT CHARSET=utf8mb4 COLLATE=utf8mb4_unicode_ci;

--
-- Dumping data for table `standards`
--

INSERT INTO `standards` (`id`, `singular_title_ar`, `singular_title_en`, `plural_title_ar`, `plural_title_en`, `created_at`, `updated_at`) VALUES
(1, 'ساعة', 'hour', 'ساعات', 'hours', '2023-12-10 07:03:58', '2023-12-10 07:03:58');

-- --------------------------------------------------------

--
-- Table structure for table `tokens`
--

CREATE TABLE `tokens` (
  `id` bigint(20) UNSIGNED NOT NULL,
  `user_id` bigint(20) UNSIGNED DEFAULT NULL,
  `admin_id` bigint(20) UNSIGNED DEFAULT NULL,
  `device_type` varchar(255) NOT NULL,
  `device_token` varchar(255) NOT NULL,
  `device_version` varchar(255) DEFAULT NULL,
  `lang` varchar(255) NOT NULL DEFAULT 'ar',
  `created_at` timestamp NULL DEFAULT NULL,
  `updated_at` timestamp NULL DEFAULT NULL
) ENGINE=InnoDB DEFAULT CHARSET=utf8mb4 COLLATE=utf8mb4_unicode_ci;

--
-- Dumping data for table `tokens`
--

INSERT INTO `tokens` (`id`, `user_id`, `admin_id`, `device_type`, `device_token`, `device_version`, `lang`, `created_at`, `updated_at`) VALUES
(2, 4, NULL, 'ios', '123456789', '1.17', 'ar', '2023-12-10 07:05:07', '2024-06-09 18:54:56'),
(11, 8, NULL, 'ios', 'd976UjBRDEK6igva2e2uvJ:APA91bFvvh05ayw7TUHTPNFG8em9p08PiE68ncpoR4obu8RJAq8UPlbgywEC_-lkcBemdr42xDhZfHrlyAEIajs0lBT5t0ZEHABQW-9giFipeyU2-H_MHEIzYRM2srJ-XsqaroA9aLGq', '1.17', 'ar', '2023-12-24 17:04:14', '2024-06-09 18:54:56'),
(12, 9, NULL, 'ios', 'd976UjBRDEK6igva2e2uvJ:APA91bFvvh05ayw7TUHTPNFG8em9p08PiE68ncpoR4obu8RJAq8UPlbgywEC_-lkcBemdr42xDhZfHrlyAEIajs0lBT5t0ZEHABQW-9giFipeyU2-H_MHEIzYRM2srJ-XsqaroA9aLGq', '1.17', 'ar', '2023-12-24 17:04:57', '2024-06-09 18:54:56'),
(17, 10, NULL, 'android', 'epPLPicGTGqmW8URqzWTsn:APA91bHSYpV7SY2-JiBaQ3u2bhyA-c2df4oQEzSobfMaxYUs_OB6dWF65xnfPw3H9gI3EI-OO2K4vLrLJuPH_0wp-Z8HNQRw5DfMa_za9KBB1ginlIeQElaESMUFNzBdUbMDIXuRSJM0', '1.4', 'ar', '2023-12-25 11:54:04', '2024-05-14 05:36:56'),
(18, 11, NULL, 'ios', 'cbsC0qrWNkFThYDmPZXvT_:APA91bGgFJCmBgOKPw8MuzM8Bs_HOh08rvCQCVXIr6umOMw6SF1cgPrCnvqhQhDr-qyQJbR3KDGaLwbAUUt7EIZJGCAMdgFL8hZRySWKYm_o8r3wh3acN7EDEZ6vq_kVo5mxOZvcsg6s', '1.17', 'ar', '2023-12-25 11:54:39', '2024-06-09 18:54:56'),
(23, 10, NULL, 'android', 'eqkJ_cpTQ0ScKzcGcEyGXq:APA91bFOh0Z88FHllEHJeM0Zae1c794A4QZGyjpPJWH3TqYVqEP-yNtVrVQ5r7KrgLjWb-4Ym0NBcB7OleaCWmAdTQ6nI6UdD5m2YhB8H378tHflJBoD8r696WXi1jvxcdFlJ9CALObg', '1.4', 'ar', '2023-12-25 12:56:33', '2024-05-14 05:36:56'),
(38, 14, NULL, 'ios', 'djG64YZk9UFht96H4JUk5J:APA91bF10mMXUZp3sgmC4UW9fyJyXs6o6BQvPV844Not58Vo8h8qjhUO3UxrTQ8ie9nD1DTKcfeIvrD1LAqB4mLyCFpiMU0Dxfe-3a8DLMBxFyslmViHdTTZRPrLy30d6WAtX_oVIZ1F', '1.17', 'ar', '2023-12-26 17:34:25', '2024-06-09 18:54:56'),
(42, 10, NULL, 'android', 'f-HTYGeDSnGJu7jJOEjWV4:APA91bH7V42Uvd3MJ4pdJOR1bTHdvQS-ZzG4ubV6zAIgqxByzl3OJFPmJRHsjaCHwCyHbUNgOMMoaMcUh-NutA67dgHy-0uli9li2opsXG7ivvpMSq3NeKIltmDXjFYKYerzHae5Y37N', '1.4', 'ar', '2023-12-27 11:32:11', '2024-05-14 05:36:56'),
(49, 10, NULL, 'android', 'eMOC7-EeRQ62kViWsnp9em:APA91bH-qtQSsCueYG9dekwxaFZsLE2yr_p9Ca5YvoICFVOPk7tpcZWKUQjVXzUdSDcsMWJBw2VtCOA1SQwKrtkBOCXHlC0sNnOqCSZnn7ND_baPWeb4gnCHBMoP2VgbvyyzcrOxwBhD', '1.4', 'ar', '2023-12-28 12:31:22', '2024-05-14 05:36:56'),
(53, 10, NULL, 'android', 'e0IZSTMmSrC9ufrI5UNwr5:APA91bEqHnBYAINldpwuZK8smnL5wFZy6XPLsipw20-XkSYi7KzJT2zCYPEkteo_oA_4ZjEquYXo_lriuJe82nwxgMJsIl6Pm7BcD444NAJPo7_BggvvEIsrF0z36nS3uoM_fdri3Cej', '1.4', 'ar', '2023-12-28 13:17:29', '2024-05-14 05:36:56'),
(58, 21, NULL, 'ios', 'cpMfLE5pqk4XnxjfFX_87D:APA91bGBT5w0BlgNH_3UEiaP9qNIPr9Z-_nSw1vuWtLZIbFigX0McEOgEQrl6dpAwGs3-36XP9VbGcQDa3GUa61nFE9j8KSpEgp3mtTg5dS4-YRuUTgnVBpyzCc2PK3dStFHi6dbsSfe', '1.17', 'ar', '2023-12-31 05:24:53', '2024-06-09 18:54:56'),
(61, 22, NULL, 'android', 'cmqesT86Tv6WAP3aI4R4HU:APA91bF3ckFKAQfLTgx0Z5bk3Bv0wqROms4GzgFxNh-YTzjUZ2TX08nZ7cgskhAIkehLq0y5WIjJND_GApGjOEE4i8vaENTbCfHmCJvwsJ7zZKLij0J18BwuHrto6VahSkUtGBlwDb8t', '1.4', 'ar', '2023-12-31 09:14:53', '2024-05-14 05:36:56'),
(67, 23, NULL, 'android', '123456789', '1.4', 'ar', '2024-01-08 07:58:55', '2024-05-14 05:36:56'),
(68, 23, NULL, 'android', 'eg95aQEBTKO1kB4h5iMsz5:APA91bH-thgdkWoTJETihufzyaQar4yZklHjo2WIsbt9uff6qdGcBqejOeVIMHKw9OkOS6a4THpHGmEWgxM9AjNOUqX8mFvUcKTVrzL6w6TK2SrNySvZnwoSjAvapKgVTSZ57eLNmVx4', '1.4', 'ar', '2024-01-08 07:59:01', '2024-05-14 05:36:56'),
(75, 24, NULL, 'android', 'fsg-tF5GR2GOw_TuiKx3Ep:APA91bEQ-OrKskDhXDof8khYDV2vzlmxGXwNcasG_mxB7j8pPV_gygEEzqJGiu7arMCBg2vVAbCOE7gK_0AnAB5yuCw5JyTPC_pUV0AcJSVuBJbw__2DJkiXTXULbZMoXMzuVb9VgcQv', '1.4', 'ar', '2024-01-11 11:47:55', '2024-05-14 05:36:56'),
(78, 12, NULL, 'android', 'c52srKs2RA6lmjH2NDkO2A:APA91bF-6DCXBfEcbYjMo856XzxW9RWTovbrIN_obILpYIpt_uTUOOsCbMILhnp5L4fLCJ7AAMOdcNoET8NoV0WYpmTGpGICKFXlxbz6uzMFEHnf6BR6VvLFDp16QFfasPnClM-QX3Ct', '1.4', 'ar', '2024-01-15 08:34:13', '2024-05-14 05:36:56'),
(85, 23, NULL, 'ios', 'eoBgtiNEv0f7uALUFxnCOc:APA91bHaxuV_W5Ine9ia9cm0YUdCMUYrEWkLeg-JKA8qEQ5o1dGhtrp8lwwHQU0rakHGaZ6kaLQ5qqe-C0d9CQLgFwRsbbZYPr2QIpW4RuOd1H9_vepyRcr3o7D2VOF5dhaNAhhssd3u', '1.17', 'ar', '2024-01-17 06:54:21', '2024-06-09 18:54:56'),
(92, 24, NULL, 'android', 'deviceToken', '1.4', 'ar', '2024-01-17 13:20:06', '2024-05-14 05:36:56'),
(95, 24, NULL, 'android', 'ehrU8CnqS2C-H0kne80y4V:APA91bE-4gEvTTza0u-FzsQq_1zZ8gUzW4oloHUbjbDqndF2pCcOkS4ZMJt5jr6iZDAM38vGhObqvYpqT6I9WlbriTH_mtHIcr0vqbJF4aQukshhh20tNhpoAVcW7Td7ntzW6qwLG-gh', '1.4', 'ar', '2024-01-18 10:08:06', '2024-05-14 05:36:56'),
(97, 24, NULL, 'android', 'ehrU8CnqS2C-H0kne80y4V:APA91bGlFP2v6cGL3jLqo2XV8BljXa-MV33KkAkJQioHLTO0cVq3ZwyC4x-KCAKpYNpFR5baezLlVBUFaXsqcq4X8B5mgkAM94yfra-AW8foPNzrOetDOJIie0T6TzTb_Dxf-s75uhCi', '1.4', 'ar', '2024-01-18 12:21:40', '2024-05-14 05:36:56'),
(101, 23, NULL, 'android', 'cWowlC0VTH-kT5bcVIs7BM:APA91bHPhOzm24FihHGJoCSonzK8Pk-Do5r9RCJUag2v2sgvwhm8SqAtKLPU6fUCSBqWcD_AXF6fRSr1zVDpHB1NOHXKun7y6V8-N3vwyx42l8KevoXDLTRMxf1LOspJgtmSFbGWDuXz', '1.4', 'ar', '2024-01-21 10:16:18', '2024-05-14 05:36:56'),
(102, 23, NULL, 'android', 'fTil43LKRfmtuVhWhu0EtZ:APA91bFdrteAdi3mHNVZz7qdiXe6zcQrXuLnaSD37aJDNygCsOLnJhi02QJQwJWCQTQWeA8rJGMFrgZmqxsDqIa0W8LN2kdHp3OhLDHOI2NVeISDnpGNAqZrp8wYh4uXC9Od9XuM2f2v', '1.4', 'ar', '2024-01-21 10:59:53', '2024-05-14 05:36:56'),
(117, 27, NULL, 'ios', 'egk2phQpckO2mHgorqQNnL:APA91bFEYSPVpE5-xvqeYu22Gke21YoIU19UdDLGGnhYX9N-tSR2Scu8iKkbwOdvhgqtyYEkf5FlOncvzGZ6-4DdmiaU0afRvFBE1hFW4_mWjAANRQRuooJocnSmyeS1PKgP8Jx7McaB', '1.17', 'ar', '2024-01-28 05:17:21', '2024-06-09 18:54:56'),
(118, 12, NULL, 'ios', 'djBvdvVFZk1Rp8xm662FjL:APA91bGP8TUBIMNJnVbauhMBH7OPt286GylKwVizbVvU_LviHBYWMYd1cMzZNuFNb6Rm0yls9ZMbvjeLWtMhrGg8SMwn0toKOOxDdmd3o9-E-ot3P5cVF0-YbvPbRsXIKmb4LkBbEJsa', '1.17', 'ar', '2024-01-30 11:56:52', '2024-06-09 18:54:56'),
(129, 30, NULL, 'ios', 'fDKaCWPrIU3jj7OZq11cB1:APA91bGbatn59CJMFIALgAXwpNYvfWDDcLhrJQknk2u1EjmZ9NyuK_LRVbRlsDymqH2N2qWSdv0-kgpFPVlezWcBAyg57q4vUZ2ZUGaeSEnq4cjG9NMMDLAQm65SiYxy003p5G5rb-L-', '1.17', 'ar', '2024-02-26 03:37:48', '2024-06-09 18:54:56'),
(132, 31, NULL, 'ios', 'fzpjfe4lHkE5lCDUq1nV0V:APA91bH4QnodeaoThA_rCkcfnGA_4AeXM0odDbna21eMeMKYl4fhcar1P0Ph3Jtgm6eyfkJ--MWmjMFB4DGdS5pAUpsUjcsTBQtuAwl2nvj36z3DGw2b5zn7Zegw37xtMLaJOSlKp5Hk', '1.17', 'ar', '2024-03-22 21:58:48', '2024-06-09 18:54:56'),
(135, 32, NULL, 'ios', 'fyl3RquchUZUlDrKnIGkq8:APA91bFo0tT9qMH47ifgtn_ewZA0U2xjBiw1n00XIOQPkIeZ76MQR5o6SnZkCSiEAVzJLK7o_k4KCF1jTq0lBq2EdsTqKGebta-SdT13lDJqL-9lf-t3iwqDU8OXCitbD_uFChdSFPZ0', '1.17', 'ar', '2024-04-03 01:20:48', '2024-06-09 18:54:56'),
(136, 33, NULL, 'ios', 'eseuNjW5cUwPg1fVUS-8lx:APA91bGMHzdi4yL74URTNmw6yma_OOWQZ5RiU2hYcXpZz63ROpHBay2vOWcpkh5nrmMWquRk1Q9XfPTLzrylO-gXR1sCvY-r6NUhpgpTc2kAG5sGglfGcUhapP2TkRE6IGB6TfQqM1fr', '1.17', 'ar', '2024-04-06 19:10:10', '2024-06-09 18:54:56'),
(138, 34, NULL, 'ios', 'e4kp3GteQ0ylhm5eNq_Kij:APA91bFl2CuPubIO5oeaMuiH6ZcDfX9k8EazL3GuLmdzjNXastiKxcmBOWy3mvH4zy5VBq4PVImzoDLM-rVhIhtw9i67Pcr7MeeWXPERZX0txhzKsOEaaoku7jHW8rw69C9-g-cygem2', '1.17', 'ar', '2024-04-26 02:49:34', '2024-06-09 18:54:56'),
(139, 12, NULL, 'ios', 'cYlNmtYc1E0oo2eCx0Jvh3:APA91bGscgVpvpJrE-2Af-kQ8mL_Tt_5OQNHneV9NGAp3Hw5O4I2g_I3YSOZmk3bZ039KNXS-6e43wuygZhYiqsP3TABxmQMDLMy50EiIUhZ-dEOMos76Ow2ROdKLrthEtjXuLBF6qFZ', '1.17', 'ar', '2024-05-05 10:19:25', '2024-06-09 18:54:56'),
(141, 35, NULL, 'ios', '123456789', '1.17', 'ar', '2024-05-12 07:12:00', '2024-06-09 18:54:56'),
(151, 12, NULL, 'ios', 'dfHVWFqw5UUCgGAyxUIS5c:APA91bHIV-Oc9YRoHm-imnXS96EmLTn_NHGDuJ7Kb8PoTOdCDOK2rk9fMrhtujHs4JTGyGxkhHI8tRPxaJtaNHOfcchA7i68gG4I-jfFMMJyks7EL2y_IL0WgbUK46Yo1lyBl1nUoqaq', '1.17', 'ar', '2024-05-12 08:52:47', '2024-06-09 18:54:56'),
(235, 12, NULL, 'ios', 'co78IQyNSY6H2zgbhD9hCq:APA91bGbf1z3stwGkOUiIkg2i5WcGbfAtzJ0iY-dop66J17zilMKg19lA6Ra2swJe_aqgp43lT6cEBN4JpDYu3Zk5Hg17fjGCUAPTAJErGMfRIkFWOYJzA294R039b2M7tUY7L5DZqv0', '1.17', 'ar', '2024-05-16 04:39:13', '2024-06-09 18:54:56'),
(236, 12, NULL, 'ios', 'caHClyoGV08poGUdspiQB2:APA91bF-JiHNRV5W7uTZOdl9_E4iSfhB8VzMK_KwnITfPs0L9QN8qJhgqdb_nh7X18zePNIRjBbYhdD2ElWHtmiAO_beC02Vt2PVazad1oUtQmV9M9eCHlYl6cxOSMzXv_J_qGG8KtT7', '1.17', 'en', '2024-05-16 07:33:47', '2024-06-09 18:54:56'),
(287, 36, NULL, 'ios', 'fF47XpxIF0mBgM4OPHIwjm:APA91bGQhkcXJz3r_ysiriSPa4Rj3AoLAAEDYNTSgYchJH5m8UMiMFTPgEOGsOFVs_tMHS_FsaoUJ9A1uMJW1pZlZMJh2qUDYdhtNIlzP8T0hoPtFZFUSulaDByfDAHV2bDBScj1jlLf', '1.17', 'ar', '2024-05-22 07:10:03', '2024-06-09 18:54:56'),
(288, 36, NULL, 'ios', 'cINbgH1Q20Tulp9NylUZCK:APA91bEzn6FLd1CSajQeoup201ec1J7-wMcSb97QWLkZonCDf5TWc24ztz3ThbAWBO3Lu1PBMGgXS3FYS1lcCY2zbg2EgnVWhZywV3ch_CwPfxI3paAZvjuqCTcatnjYq96N7tdIJ2kX', '1.17', 'ar', '2024-05-22 07:47:12', '2024-06-09 18:54:56'),
(290, 36, NULL, 'ios', 'eSjY04-ROE5VpiHupz0HXX:APA91bHBRFvYOCVa68gtDrCfe19lKWtQL2oKi_SXLA_5xEaUZWxOzAHO4nxrMYBryYND-umW-nxE8RLr4R-OMVY2RlH2MMOAfPomVQAuuE8nLu0kBNA6wFM_8VsthJwZB2WASjG4KsPZ', '1.17', 'ar', '2024-05-22 07:50:05', '2024-06-09 18:54:56'),
(292, 37, NULL, 'ios', 'dYC9vIjpwkgDiMp-mQdcbC:APA91bGhj8ZFYF1qRLFYMkn2BmpE8HfyuU9B81GyWtjUcajpTDlTPPl1bGFKkPJD4DwTAFoCodY5Oi6oLug8HuaEA14aw1sSMltzoR_xY4NQwAEDgrqJlBRvte8GKBVFjHSWmrZCjloF', '1.17', 'ar', '2024-05-22 08:07:57', '2024-06-09 18:54:56'),
(306, NULL, 133, 'android', 'dA281aO4St-GfdJUZdjq4-:APA91bHxhS67nhfEMGBGKdYxQ-4I2X2eBqzt98Gr3tsqNjjv_teMjDmzeYykhueV7JBb1oDacfqw7Oerm2P4Ow3qNkfoKLEuuzqd6pLSReaJEtq9Bk3bDWcxtGA_wvqqG2QDryHJICLY', '1.5', 'en', '2024-05-25 09:22:57', '2024-05-25 09:22:57'),
(308, 12, NULL, 'ios', 'fopvQkHqxUtCh5NbgjW-1n:APA91bEpWz6XfnTmwJb7eU7dBJFGjFbC16AKTovXTVXHlet43pz_92wYLDU4_Tq0rUlZaZmNbogsl6A215lHfWRSdA-EbCipC8CAF_DbW3017zrCxF14NlR-LV1rTN2jeT7fq8x7nxSN', '1.17', 'en', '2024-05-25 13:39:45', '2024-06-09 18:54:56'),
(309, 12, NULL, 'ios', 'f3gJphTbwEuHuxu6bULCdy:APA91bGdwSESD-VIOGh-D0UxMj05R3ybNHeID5O5GfH--36E3uzg3c0MKyEejaH_wl0zqpl7_-RqJo-2LuPGc0jyG6qYheqwh-NS-FhC19ZT27UR0tJJ7BC2mcIbM8sqe4ssdDYoRNK2', '1.17', 'ar', '2024-05-25 13:56:43', '2024-06-09 18:54:56'),
(311, 12, NULL, 'ios', 'e2P5mrOhP03vunqMHf9FFB:APA91bH4mK2Y5BgUU082hgLy5QSRMd1w9gXpSy92jlFZAF1o21rcJH_qLsUJg6BPcdbKbpuumWMC5cuKTLCpk7lA4q96IVhWT073xQGpdETSsbCe5gAXki_QRhwrUCJbFJhhFc14hfoW', '1.17', 'ar', '2024-05-25 14:59:02', '2024-06-09 18:54:56'),
(317, NULL, 133, 'android', 'co78IQyNSY6H2zgbhD9hCq:APA91bGbf1z3stwGkOUiIkg2i5WcGbfAtzJ0iY-dop66J17zilMKg19lA6Ra2swJe_aqgp43lT6cEBN4JpDYu3Zk5Hg17fjGCUAPTAJErGMfRIkFWOYJzA294R039b2M7tUY7L5DZqv0', '1.4', 'en', '2024-05-27 03:10:47', '2024-05-27 03:10:47'),
(342, 14, NULL, 'ios', 'fHMnqnvM9k29pwrLfDa7y9:APA91bHX2l4QC-3uTjbGhNwake0i7R-vg5QDdyP7f7WQgU5y7msiE3KStNsVn9u8pCEhCmDde9-ZPbG-V51wl_U_KN0kW4BF0gls1qXmSDoozq9FwCSR6FR4nHVsitgCyoAK8cLQB4yI', '1.17', 'ar', '2024-05-28 08:51:13', '2024-06-09 18:54:56'),
(347, 26, NULL, 'android', 'fAZB8sfkSdeSkl1nJYOHE_:APA91bFM4t7AU_UhzVIRidSEEPP4Yv286ZsxuyD1LAbqXERgDtuy-ncb2IHXIfTz8a61BR0VwLr8KspxO97KXQyiNAckAxr76xULHu25vFiw5vI0n5__IcJ-vxIJTRjHZhJkZaGTWpZw', NULL, 'ar', '2024-05-28 11:00:41', '2024-05-28 11:00:41'),
(358, NULL, 146, 'android', 'dA281aO4St-GfdJUZdjq4-:APA91bHxhS67nhfEMGBGKdYxQ-4I2X2eBqzt98Gr3tsqNjjv_teMjDmzeYykhueV7JBb1oDacfqw7Oerm2P4Ow3qNkfoKLEuuzqd6pLSReaJEtq9Bk3bDWcxtGA_wvqqG2QDryHJICLY', '1.5', 'en', '2024-06-02 07:41:47', '2024-06-02 07:41:47'),
(369, NULL, 154, 'android', 'eHD-fNvVQYGKtng6BUlweE:APA91bHzxM-AkYr50i6Fo-HgjIUC-UpI_gbpXjahY5uJVK0PGc4fQVKOf1iVSDOLRQNphZMxFN2yXwZhTVS4UoeR4yCPN3-C_ki9kG6nfKlubCVLFsePOfSrj_zPSJSXQn-0QOxpLwoG', NULL, 'en', '2024-06-03 07:52:03', '2024-06-03 07:52:03'),
(372, 26, NULL, 'ios', 'cNG6_CwOjUzKlvye6F1YBk:APA91bEjyO4iqUWgJpmm4KJCEp6az0SrxrOixRRXVNpCrGRcM2FYa8tZepnPz8c-uH1p1HfMKfDl7AFShpZil8ETTZXpCAgLcqeFimWEvkLEVW3Z-9swh4JcvUUcTI2cAEopLjWYuUg1', '1.17', 'ar', '2024-06-03 08:15:51', '2024-06-09 18:54:56'),
(387, NULL, 148, 'android', 'eHD-fNvVQYGKtng6BUlweE:APA91bHzxM-AkYr50i6Fo-HgjIUC-UpI_gbpXjahY5uJVK0PGc4fQVKOf1iVSDOLRQNphZMxFN2yXwZhTVS4UoeR4yCPN3-C_ki9kG6nfKlubCVLFsePOfSrj_zPSJSXQn-0QOxpLwoG', NULL, 'en', '2024-06-03 09:39:40', '2024-06-03 09:39:40'),
(390, 39, NULL, 'ios', 'cy_JNCRYnUWVqZjSakeJJw:APA91bFxq9NZCHVe0cuyooFmnt1h-h1p3TZF7JU9Im7Oq5jV9Ydvz8NiOmUzv0zpuxRJvCv6o3kISnjlJLYDIkCCg2CYBVJ35HPg-5WyoRsh5Nvd2zhZTrskTYmUBZPUiZRBmABNVH_Z', '1.17', 'ar', '2024-06-03 14:26:42', '2024-06-09 18:54:56'),
(392, NULL, 155, 'ios', 'cy_JNCRYnUWVqZjSakeJJw:APA91bFxq9NZCHVe0cuyooFmnt1h-h1p3TZF7JU9Im7Oq5jV9Ydvz8NiOmUzv0zpuxRJvCv6o3kISnjlJLYDIkCCg2CYBVJ35HPg-5WyoRsh5Nvd2zhZTrskTYmUBZPUiZRBmABNVH_Z', '1.17', 'ar', '2024-06-03 14:34:47', '2024-06-09 18:54:56'),
(396, NULL, 148, 'android', 'fAZB8sfkSdeSkl1nJYOHE_:APA91bFM4t7AU_UhzVIRidSEEPP4Yv286ZsxuyD1LAbqXERgDtuy-ncb2IHXIfTz8a61BR0VwLr8KspxO97KXQyiNAckAxr76xULHu25vFiw5vI0n5__IcJ-vxIJTRjHZhJkZaGTWpZw', NULL, 'en', '2024-06-04 05:15:38', '2024-06-05 07:09:01'),
(397, NULL, 148, 'android', 'co78IQyNSY6H2zgbhD9hCq:APA91bGbf1z3stwGkOUiIkg2i5WcGbfAtzJ0iY-dop66J17zilMKg19lA6Ra2swJe_aqgp43lT6cEBN4JpDYu3Zk5Hg17fjGCUAPTAJErGMfRIkFWOYJzA294R039b2M7tUY7L5DZqv0', NULL, 'ar', '2024-06-04 05:58:41', '2024-06-04 05:58:41'),
(398, 26, NULL, 'ios', 'cGjbJyoOMEA0pJUXTgSI7o:APA91bEKeA_oHz1Wt7e7bG6OiQ8nVLILsJXrH0VSMfbsnYr3IDxSVEJdE-D6Szb-P0BtPt1rViVODQNVoJ4-YGGB_bvzXqZ9yqE2p9KniUxpLZ_Kz6OkL6e3Db0TtTYDK25J9KFUBRMs', '1.17', 'en', '2024-06-04 06:56:26', '2024-06-09 18:54:56'),
(401, 26, NULL, 'ios', 'dREyX5wl0klkv1nJYXCTgF:APA91bGT1W8oimEWqoKF-UCKA-F78msB3WhCNGP15kirhCB9b7Hi1w3ehdLreH2PtSV0gwPd2Od19X701dHJhaE7pFwLjfXhACOhhnHT-dZcd2sQnQ5QWX5QNuckbt8UPBQeJvdMNk99', '1.17', 'ar', '2024-06-04 07:07:11', '2024-06-09 18:54:56'),
(402, 26, NULL, 'ios', 'cUg42MuGJkVXjrdngZ-hCx:APA91bGfMZerfqSjIRz7XjpEl5GXwtm3moUdvnTBzACVKmZOiQ1UbZewqViZjntGl2ly2_ThgmfHgig8Mtk6WQxtmJqCvrMEQ5lY-A8N6OZZkKtrO4o4DMXrBYwFI6q1ftGzMxJoY5aE', '1.17', 'ar', '2024-06-04 07:12:33', '2024-06-09 18:54:56'),
(403, 26, NULL, 'ios', 'fnt7l3EL9E1mu574SICwG_:APA91bFyxtSuwL8N2SSLQSohWAoIf7SxFWObgy2JeuUGgy_fsPxkk4aSkn67bOGG_nq-tSR-gHJEYTQS0PQ9bmKfiIGxWfcGUtpIn11TSetObeN2k_btGKmAEGC4CcbzALvv5cV0uV4F', '1.17', 'en', '2024-06-04 07:23:15', '2024-06-09 18:54:56'),
(404, 26, NULL, 'ios', 'dqDBJE_A-EaBn3v3Lf0EkU:APA91bGcRWznrPTtqnJeTMpabx4kkh_PvLWdoc7tWMXW50bhfwOEG2Kcz-AVJXJfBFBCoKeSt9O2IoDRIwkV80s9zur4Va8ssrXdu3EfPTRcENVVOJBaRwa71MQ88QLyoqUOnPxp4Qsq', '1.17', 'ar', '2024-06-04 07:41:25', '2024-06-09 18:54:56'),
(406, 12, NULL, 'ios', 'd_pedniEZkjCic8Swj6jEW:APA91bEFf45CV2KpcOBQtjLpTud47tchLOm8XKmyEva9YwjkYUw6UbBirCgV2BUWB5vxwUxk0RH6NWeaYfuubGZaPumw3GuhosBr783u1NYjOQ7vWZcQPpwbjnOurSHn3m9bUveZLf37', '1.17', 'ar', '2024-06-04 08:08:19', '2024-06-09 18:54:56'),
(407, 12, NULL, 'ios', 'eSz0XrQn0EyajikohPQqqZ:APA91bHXxnm9J347N3i1lftQqF8xlXXdeYZr_GQbtjoZAWaJImsYJBNxdnLQxXy1e6qC6pOrmNpNuzt_8hahIw-HiY-OhKTDengQ9ET6muuON2APIf4NdyN2tTKlG_PM713eE_hsuWDb', '1.17', 'ar', '2024-06-04 08:46:14', '2024-06-09 18:54:56'),
(408, 12, NULL, 'ios', 'eaBpTPQYH0HcmWPW1fkFBw:APA91bErnTnkjGrkzyqIqFLFyOKF0x_3MVz9OwSnK3iZm5CwtJNMw8u5y0I6KmkK0nW4J8jUwDuDoYDmrh2D_TJDqRcxXL4UPE14GJxHG60BoDbdws6zsoJGn3UNNFGjKMbeYvof7rWP', '1.17', 'en', '2024-06-04 09:35:41', '2024-06-09 18:54:56'),
(409, 12, NULL, 'ios', 'fr4YaAP1Tkkapnmb5uJ2q9:APA91bFpqVQ9VHzcSBbSlBMDOoT9pJXwXrQRLMwCwyoY8oVurkJ-53bhHAwdSpnA_ayXEETE2go6w6Emm4j6LbzUYsGLhTybvbiVNui_8W96PwePwPJ0AGCgxQLUEpvNH39wSTXp8pjE', '1.17', 'en', '2024-06-04 09:44:22', '2024-06-09 18:54:56'),
(412, NULL, 148, 'ios', 'fc02rBv8y0udghzjpWM93C:APA91bGiLPhYE7vYwI6XjRepiYDVDyl-atZwu3zHO7ZYPlL7Xf024oSagriz7MBonH8Ta4qW4O51dn4DvS4JjwzVFU8aiCVUxNLVSiKaAsmZJS3omWpASvL0xAnZWv3I6i-vow7KVf5E', '1.17', 'en', '2024-06-05 06:47:30', '2024-06-09 18:54:56'),
(417, NULL, 134, 'android', 'eSqS1uY8QWOfGGZvmQlW0z:APA91bHOqW2VLtS0X6SjnYHfGJeBHAUVIzUjuTLBau9--sER2eOWAxR8B9ZOQ2KKUxMhWN0gdLBTgOxpmmysNE7WjoxoLAQEp9EVsDKkwPDXZ1b5-j1RzaB019qxB48q_opkqWgVKPbZ', NULL, 'ar', '2024-06-05 09:38:29', '2024-06-05 09:38:29'),
(418, NULL, 148, 'android', 'cXC2sdiSTJqL7EA91zni08:APA91bEC17zuwiYeKslZFiGa_gCeqDL0i8xGXKeBFB7eRNFhtdw7WNqC3ZKjVjrHnvru-RoPMt0SaNEGwIVihhbHRYiOJeqGp5wNHgCRApeNoyDJEb27MwFwZM2C7SEBLPdB0RR1PPDq', NULL, 'ar', '2024-06-05 10:16:09', '2024-06-05 10:16:09'),
(423, NULL, 148, 'ios', 'e163nWHHlkuFoBtjVxXiIS:APA91bF_3OAz_05ODWVXHqc8_xHqp1bgO-TSUMUxXR_7gbb8mBRJs10KUzVz8lKJEo2A6GZ1m0civDkT8_qLVVokjLZctpGI3TFMoUu8na_qTMzKA452mj41QzLFcwUs8ecvS-x3R_Vw', '1.17', 'ar', '2024-06-07 06:25:16', '2024-06-09 18:54:56'),
(424, 41, NULL, 'android', 'czIugzAXRNGHlFP5hJlcYl:APA91bEScv8mU46JH4oRmycT4OvX-UvyaxnWmbK98AWWv0jNtgzlYUoM-KpW-_PLoZdm8Hm0jZBXne3sgTKUTLJJNOLmwTj7bfxjkNkoiHaqlOyKgYfkDIOoVpfsx3vAsH8zMjh4w88m', NULL, 'ar', '2024-06-08 18:17:26', '2024-06-08 18:17:26'),
(425, NULL, 154, 'ios', 'cBlfYydw30xqjUnlp1F5iJ:APA91bHUMACzNdEU9NfH78g2FerJy0WwSnUexbhHZgaI8Pt6jRBjS81aJ5-X-31hvhVtKX7DVfxnGj3e3iZ8Zd1PkgUchUSrb9ZhUiBy7n-IXJy9nCjhC6Sj9qMmWFJ29aN1Op4okzRZ', '1.17', 'ar', '2024-06-09 06:39:34', '2024-06-09 18:54:56'),
(426, NULL, 154, 'ios', 'dBblHYOHw0P3jsFZjMCUPu:APA91bGH7MpEmTNuOJfGxPoca6zZrmTNLrPYqerXEHLcoh0FQfUNbt71V_ATc0bFVfTtBAA1WVnwq9VtFiEMQnuZRegwHpEKwYhN73pTm2ahA5MwNrGXxJAhZehMuEKQmB1FbG56EXJC', '1.17', 'en', '2024-06-09 06:57:23', '2024-06-09 18:54:56'),
(427, 12, NULL, 'ios', 'emcVi5E7k0PVu75A-J25Ee:APA91bF5stEjxpCpXjf8N0MOPkkIazUNXN2gOYMZ-_Ua99NZwShvjxkyoOXCyfn8GAkU0mENpTJ10kXJzafac8nik34sMHFLKNQpE7k72fqBTR0r0k1VObXRFK6z5YJvppYg1PqqcCTT', '1.17', 'ar', '2024-06-09 08:08:43', '2024-06-09 18:54:56'),
(428, 12, NULL, 'ios', 'd8IcR9IWqklSvBetUoisVb:APA91bGl_2b80SbaAOOobB9tMS4Do6kQQ62m6Z-VInseTPZcn7TMrUC02YxGvN-3Xy2d6Vn3eHuC3z8B1K_AbrsQ3K3AS9XImne2pfeXZnEEMM0VxA27_BA7dQeQuf65evDRwf384QDu', '1.17', 'ar', '2024-06-10 04:43:25', '2024-06-10 04:43:26');

-- --------------------------------------------------------

--
-- Table structure for table `transactions`
--

CREATE TABLE `transactions` (
  `id` bigint(20) UNSIGNED NOT NULL,
  `created_at` timestamp NULL DEFAULT NULL,
  `updated_at` timestamp NULL DEFAULT NULL
) ENGINE=InnoDB DEFAULT CHARSET=utf8mb4 COLLATE=utf8mb4_unicode_ci;

-- --------------------------------------------------------

--
-- Table structure for table `users`
--

CREATE TABLE `users` (
  `id` bigint(20) UNSIGNED NOT NULL,
  `name` varchar(255) NOT NULL,
  `email` varchar(255) DEFAULT NULL,
  `phone` varchar(255) NOT NULL,
  `is_verified` tinyint(1) NOT NULL DEFAULT 0,
  `password` varchar(255) NOT NULL,
  `remember_token` varchar(100) DEFAULT NULL,
  `created_at` timestamp NULL DEFAULT NULL,
  `updated_at` timestamp NULL DEFAULT NULL
) ENGINE=InnoDB DEFAULT CHARSET=utf8mb4 COLLATE=utf8mb4_unicode_ci;

--
-- Dumping data for table `users`
--

INSERT INTO `users` (`id`, `name`, `email`, `phone`, `is_verified`, `password`, `remember_token`, `created_at`, `updated_at`) VALUES
(4, 'Hola', 'hola@test.com', '+201559944996', 0, '$2y$10$9R1hAh1eQ2grgHAJ15ZnHOjGYuBnSBUQvsaTpp4N0TpQnhziA8tfi', NULL, '2023-12-10 07:05:07', '2023-12-10 07:05:07'),
(8, 'jjdj', NULL, '+201027068975', 0, '$2y$10$oujhoGkAKWrZApUz7Zkgqu9UHnFgHHV0xDSCjdbGt2j22Xdjdval6', NULL, '2023-12-24 17:04:14', '2023-12-24 17:04:14'),
(9, 'jjdj', NULL, '+201027068972', 0, '$2y$10$B/TGItoTAl.gHXNiWjy40Oq3pRuspK5CUg2s//xXnZOHaaCnaCX1e', NULL, '2023-12-24 17:04:57', '2023-12-24 17:04:57'),
(10, 'nayra', NULL, '+201123223320', 1, '$2y$10$3VfXp5aXBFtAc/7FbCNhEOYAr3/EU4bG5rxPcP65CoGdd2SWL5BWy', NULL, '2023-12-25 06:42:57', '2023-12-25 11:53:10'),
(11, 'mohamed Alhofy', NULL, '+201559944997', 1, '$2y$10$EE5rED9c1QBOKP9W56YyiOQz.MZ0lsyQmQJnWmI0RlbUKd.dGGfJ6', NULL, '2023-12-25 11:54:39', '2023-12-25 11:56:07'),
(12, 'donia', NULL, '+201019434345', 1, '$2y$10$Npq2ce.aE2utGhwTvULUx.ksKWnZdWvwgBbVfaDRB.dwxJlsWpJIK', NULL, '2023-12-25 12:55:49', '2023-12-25 12:56:05'),
(14, 'سلطان', NULL, '+966532244995', 1, '$2y$10$nbrMQzA290lvz3sDD90Avuufm/DRzda/UmRV0xHt4MNgSq42U/4zC', NULL, '2023-12-26 17:34:25', '2023-12-26 17:34:59'),
(15, 'hbvbv', NULL, '+97376406404', 0, '$2y$10$qWF3O71KFb8Arg2LMN3ms.dPNdCGPYnsfSg/kOa8kLihn48SIhNsO', NULL, '2023-12-28 05:49:51', '2023-12-28 05:49:51'),
(16, 'bdjdb', NULL, '+97354548848', 0, '$2y$10$0xJEtpZupNcD8Lo6Ci0BWOQL4XHe8X4tUhSiEUw5BhCQY3TJ.VE6O', NULL, '2023-12-28 13:07:01', '2023-12-28 13:07:01'),
(17, 'bjdbbd', NULL, '+97343845454', 0, '$2y$10$kziFhAcNQAvW8lzr/ACwyuzLyljrhAqjmA1id.4YlZ4WQT63RlxFG', NULL, '2023-12-28 13:08:59', '2023-12-28 13:08:59'),
(18, 'vdjdbbdb', NULL, '+97334845058', 0, '$2y$10$f3XMFWTgp/VKp3HMyJAcJuo7HFzOQF3KxuWhN55W0GtXM9/8N2OO.', NULL, '2023-12-28 13:10:25', '2023-12-28 13:10:25'),
(19, 'hdbbdhdbe', NULL, '+97361815818', 0, '$2y$10$Xck6sS1X6Nt5sbybF2LmEuwI3ayqR3KfMo6sXe95kOnSsP2B6.wvS', NULL, '2023-12-28 13:19:53', '2023-12-28 13:19:53'),
(20, 'bjbdbdb', NULL, '+97364855588', 0, '$2y$10$disc3oXnYdl5mkdZEOABjubAJa45rN7a0l9F3dNjnJTHgoxxJwMee', NULL, '2023-12-28 13:26:40', '2023-12-28 13:26:40'),
(21, 'njdjrb', NULL, '+97312345699', 0, '$2y$10$e2UlBjTE0KSXIK0PpJ3qh.AP3zTmd2wuNx/48ZDZt42iTVo62rcje', NULL, '2023-12-28 13:28:01', '2023-12-28 13:28:01'),
(22, 'dodo', NULL, '+201098614784', 1, '$2y$10$1h3UiL13DxY4232d.HesNuX6z2KlEk89J1CaWSbTiH5fs7Ere7iBO', NULL, '2023-12-31 09:14:53', '2023-12-31 09:15:24'),
(23, 'emcan', 'hola555@test.com', '+97312345678', 1, '$2y$10$icVdwUCwvhl3kf65n4x7Ouv5YTCvs.4guOkUger2xITI6ZdXZa6wy', NULL, '2024-01-08 07:58:55', '2024-01-08 07:58:55'),
(24, 'mero', NULL, '+201270563716', 1, '$2y$10$oLqoZsTiISCm.F5rNy1/TuHTGhHN288uaqhQw1GPvCrIdjZGF1PVW', NULL, '2024-01-11 11:47:55', '2024-01-18 12:20:40'),
(25, 'yyyyy', NULL, '+97399999999', 0, '$2y$10$21QUA/vTaMtW6WmWz3L8i.MNbWgwNiIU/lABmrcUYi93yqzEcr3SW', NULL, '2024-01-16 18:20:15', '2024-01-16 18:20:15'),
(26, 'rodaina', NULL, '+201090414929', 1, '$2y$10$dY5XK3j/Er.9.gDBQjFQbeizQKyP3lEoWgQ/l8NJ2HbzJkVBMqMvW', NULL, '2024-01-24 09:01:35', '2024-01-24 09:02:00'),
(27, 'sara alhumaidan', NULL, '+971501989900', 1, '$2y$10$VZ993kx.oEVnUsBcdgaZVeeF6FdK3r8lW94IUs9.DpgwMOWGrkjya', NULL, '2024-01-28 05:17:21', '2024-01-28 05:17:44'),
(28, 'test', NULL, '+97323456789', 0, '$2y$10$ZAgvns5j0i3tXltCyeewV.cf1Np5yDdIcABbSI/RSyIKCXgwliC6G', NULL, '2024-01-31 11:03:15', '2024-01-31 11:03:15'),
(29, 'test', NULL, '+201206721680', 1, '$2y$10$Pb4ay/Kn7pYFaVPCvgdZvuPLgx1ghlSetcXFybNZDpNWYo2LfoYG6', NULL, '2024-01-31 11:03:51', '2024-01-31 11:04:06'),
(30, 'نوره', NULL, '+966558282730', 0, '$2y$10$0pPEkltVm.ev5FccD8w8S.rHTciRngen4ag.HyNTzuBOsZGVaWSYa', NULL, '2024-02-26 03:37:48', '2024-02-26 03:37:48'),
(31, 'وفاء الغامدي', NULL, '+966558055711', 1, '$2y$10$XTU0qWHaihhxZssTwcYDne5QRY8OVnB1dMOfIr.c2c0b47O/NmFXG', NULL, '2024-03-22 21:58:48', '2024-03-22 22:00:10'),
(32, 'سلطان', NULL, '+966501605195', 1, '$2y$10$O4len1jsG1ddktahp69QpeVj76/hVmXet/8dW8NvIm193Sv0fktsa', NULL, '2024-04-03 01:20:48', '2024-04-03 01:21:25'),
(33, 'عبدالعزيز', NULL, '+966536044456', 1, '$2y$10$U/Qpy4nJ/3jGlRzcKalhq.0Rixv6hs2G8V6J8vhh/IYYxLYNFy1ky', NULL, '2024-04-06 19:10:10', '2024-04-06 19:10:39'),
(34, 'rashid', NULL, '+97339020903', 1, '$2y$10$oAaYJb3oiuqEr.gHYS5yEumENCBHHyieyQdvlj9o0hvWC/HqQ1/oC', NULL, '2024-04-26 02:49:34', '2024-04-26 02:50:11'),
(35, 'Hola', 'holahh@test.com', '+201019434344', 0, '$2y$10$MTHCcXsUHA7VVLHXmvdFJeXN2ZfIDdx6MXaZM7JaQu7E9nHs8VtAe', NULL, '2024-05-12 07:12:00', '2024-05-12 07:12:00'),
(36, 'اسامه سامي الريحان', NULL, '+966598980294', 0, '$2y$10$do1AhFrUc9NC9s1ELtr9Y..brY/x6BbrPiRrczWfgNwaC7Z6wclCe', NULL, '2024-05-22 07:10:03', '2024-05-22 07:10:03'),
(37, 'احمد بوسبيت', NULL, '+966561117408', 1, '$2y$10$VP6TlCeYWx6FpS9VRULvDONqPxjM47Btnzbc1yzYb.X9I.P/SGLGG', NULL, '2024-05-22 08:07:57', '2024-05-22 08:08:35'),
(39, 'ابراهيم', NULL, '+966204814992', 0, '$2y$10$xKwU/Z2cujW22Nt2WIKAmesMIPIIO4eV30bKB8RTfqqcO4Agkk0Ai', NULL, '2024-06-03 14:26:42', '2024-06-03 14:26:42'),
(41, 'Hatem', NULL, '+97366331066', 1, '$2y$10$Cy1KbUNS4MjkVUoFSKCfFePvnXE6lxR1zWGgbfTNwvEHIhA0ZwI9G', NULL, '2024-06-08 18:17:26', '2024-06-08 18:18:12');

-- --------------------------------------------------------

--
-- Table structure for table `user_notifications`
--

CREATE TABLE `user_notifications` (
  `id` bigint(20) UNSIGNED NOT NULL,
  `user_id` bigint(20) UNSIGNED NOT NULL,
  `order_id` bigint(20) UNSIGNED DEFAULT NULL,
  `body_ar` varchar(255) NOT NULL,
  `body_en` varchar(255) NOT NULL,
  `created_at` timestamp NULL DEFAULT NULL,
  `updated_at` timestamp NULL DEFAULT NULL
) ENGINE=InnoDB DEFAULT CHARSET=utf8mb4 COLLATE=utf8mb4_unicode_ci;

--
-- Dumping data for table `user_notifications`
--

INSERT INTO `user_notifications` (`id`, `user_id`, `order_id`, `body_ar`, `body_en`, `created_at`, `updated_at`) VALUES
(61, 14, 45, 'تمت الموافقة على طلبك', 'Your order has been approved', '2024-06-05 07:06:48', '2024-06-05 07:06:48'),
(62, 14, 45, 'طلبك في الطريق اليك', 'Your order is on way', '2024-06-05 07:06:51', '2024-06-05 07:06:51'),
(63, 14, 45, 'يتم العمل على طلبك', 'Your order is under processing', '2024-06-05 07:06:56', '2024-06-05 07:06:56'),
(64, 14, 45, 'تم الانتهاء من الخدمة', 'Your order has been completed', '2024-06-05 07:07:00', '2024-06-05 07:07:00'),
(65, 14, 46, 'تمت الموافقة على طلبك', 'Your order has been approved', '2024-06-05 07:07:15', '2024-06-05 07:07:15'),
(66, 14, 46, 'طلبك في الطريق اليك', 'Your order is on way', '2024-06-05 07:07:23', '2024-06-05 07:07:23'),
(67, 14, 46, 'يتم العمل على طلبك', 'Your order is under processing', '2024-06-05 07:07:41', '2024-06-05 07:07:41'),
(68, 14, 46, 'تم الانتهاء من الخدمة', 'Your order has been completed', '2024-06-05 07:07:54', '2024-06-05 07:07:54'),
(69, 14, 48, 'تمت الموافقة على طلبك', 'Your order has been approved', '2024-06-05 07:10:47', '2024-06-05 07:10:47'),
(70, 14, 48, 'طلبك في الطريق اليك', 'Your order is on way', '2024-06-05 07:10:56', '2024-06-05 07:10:56'),
(71, 14, 47, 'تمت الموافقة على طلبك', 'Your order has been approved', '2024-06-05 07:19:35', '2024-06-05 07:19:35'),
(72, 14, 47, 'طلبك في الطريق اليك', 'Your order is on way', '2024-06-05 07:20:10', '2024-06-05 07:20:10'),
(73, 14, 48, 'يتم العمل على طلبك', 'Your order is under processing', '2024-06-05 16:12:11', '2024-06-05 16:12:11'),
(74, 14, 48, 'تم الانتهاء من الخدمة', 'Your order has been completed', '2024-06-05 16:12:28', '2024-06-05 16:12:28'),
(75, 14, 47, 'يتم العمل على طلبك', 'Your order is under processing', '2024-06-05 16:13:11', '2024-06-05 16:13:11'),
(76, 14, 47, 'تم الانتهاء من الخدمة', 'Your order has been completed', '2024-06-05 16:13:12', '2024-06-05 16:13:12'),
(77, 26, 49, 'تمت الموافقة على طلبك', 'Your order has been approved', '2024-06-05 16:13:23', '2024-06-05 16:13:23'),
(78, 26, 49, 'طلبك في الطريق اليك', 'Your order is on way', '2024-06-05 16:13:25', '2024-06-05 16:13:25'),
(79, 26, 49, 'يتم العمل على طلبك', 'Your order is under processing', '2024-06-05 16:13:27', '2024-06-05 16:13:27'),
(80, 26, 49, 'تم الانتهاء من الخدمة', 'Your order has been completed', '2024-06-05 16:13:29', '2024-06-05 16:13:29'),
(81, 26, 50, 'تمت الموافقة على طلبك', 'Your order has been approved', '2024-06-07 06:25:31', '2024-06-07 06:25:31'),
(82, 26, 50, 'طلبك في الطريق اليك', 'Your order is on way', '2024-06-07 06:25:42', '2024-06-07 06:25:42'),
(83, 26, 50, 'يتم العمل على طلبك', 'Your order is under processing', '2024-06-07 06:25:49', '2024-06-07 06:25:49'),
(84, 26, 50, 'تم الانتهاء من الخدمة', 'Your order has been completed', '2024-06-07 06:25:52', '2024-06-07 06:25:52'),
(85, 26, 51, 'تمت الموافقة على طلبك', 'Your order has been approved', '2024-06-07 06:30:41', '2024-06-07 06:30:41'),
(86, 26, 51, 'طلبك في الطريق اليك', 'Your order is on way', '2024-06-07 06:30:43', '2024-06-07 06:30:43'),
(87, 26, 51, 'يتم العمل على طلبك', 'Your order is under processing', '2024-06-07 06:30:45', '2024-06-07 06:30:45'),
(88, 26, 51, 'تم الانتهاء من الخدمة', 'Your order has been completed', '2024-06-07 06:30:46', '2024-06-07 06:30:46'),
(89, 14, 56, 'تمت الموافقة على طلبك', 'Your order has been approved', '2024-06-07 06:31:02', '2024-06-07 06:31:02'),
(90, 14, 56, 'طلبك في الطريق اليك', 'Your order is on way', '2024-06-07 06:31:03', '2024-06-07 06:31:03'),
(91, 14, 56, 'يتم العمل على طلبك', 'Your order is under processing', '2024-06-07 06:31:05', '2024-06-07 06:31:05'),
(92, 14, 56, 'تم الانتهاء من الخدمة', 'Your order has been completed', '2024-06-07 06:31:07', '2024-06-07 06:31:07'),
(93, 26, 52, 'تمت الموافقة على طلبك', 'Your order has been approved', '2024-06-07 06:31:16', '2024-06-07 06:31:16'),
(94, 26, 52, 'طلبك في الطريق اليك', 'Your order is on way', '2024-06-07 06:31:17', '2024-06-07 06:31:17'),
(95, 26, 52, 'يتم العمل على طلبك', 'Your order is under processing', '2024-06-07 06:31:19', '2024-06-07 06:31:19'),
(96, 26, 52, 'تم الانتهاء من الخدمة', 'Your order has been completed', '2024-06-07 06:31:22', '2024-06-07 06:31:22'),
(97, 14, 55, 'تمت الموافقة على طلبك', 'Your order has been approved', '2024-06-07 06:31:35', '2024-06-07 06:31:35'),
(98, 14, 55, 'طلبك في الطريق اليك', 'Your order is on way', '2024-06-07 06:31:36', '2024-06-07 06:31:36'),
(99, 14, 55, 'يتم العمل على طلبك', 'Your order is under processing', '2024-06-07 06:31:41', '2024-06-07 06:31:41'),
(100, 14, 55, 'تم الانتهاء من الخدمة', 'Your order has been completed', '2024-06-09 18:55:19', '2024-06-09 18:55:19');

-- --------------------------------------------------------

--
-- Table structure for table `user_otps`
--

CREATE TABLE `user_otps` (
  `id` bigint(20) UNSIGNED NOT NULL,
  `user_id` bigint(20) UNSIGNED NOT NULL,
  `otp` varchar(255) NOT NULL,
  `type` varchar(255) NOT NULL,
  `created_at` timestamp NULL DEFAULT NULL,
  `updated_at` timestamp NULL DEFAULT NULL
) ENGINE=InnoDB DEFAULT CHARSET=utf8mb4 COLLATE=utf8mb4_unicode_ci;

-- --------------------------------------------------------

--
-- Table structure for table `work_times`
--

CREATE TABLE `work_times` (
  `id` bigint(20) UNSIGNED NOT NULL,
  `company_id` bigint(20) UNSIGNED NOT NULL,
  `day` varchar(255) NOT NULL,
  `day_num` int(11) NOT NULL,
  `from` time DEFAULT NULL,
  `to` time DEFAULT NULL,
  `created_at` timestamp NULL DEFAULT NULL,
  `updated_at` timestamp NULL DEFAULT NULL
) ENGINE=InnoDB DEFAULT CHARSET=utf8mb4 COLLATE=utf8mb4_unicode_ci;

--
-- Dumping data for table `work_times`
--

INSERT INTO `work_times` (`id`, `company_id`, `day`, `day_num`, `from`, `to`, `created_at`, `updated_at`) VALUES
(45, 129, 'Sunday', 2, '09:00:00', '18:00:00', '2024-05-27 03:32:16', '2024-05-27 03:32:16'),
(47, 129, 'Monday', 3, '09:00:00', '18:00:00', '2024-05-27 03:53:27', '2024-05-27 03:53:27'),
(50, 135, 'Monday', 3, '14:23:00', '16:23:00', '2024-05-27 07:23:32', '2024-05-27 07:23:32'),
(51, 135, 'Tuesday', 4, '12:21:00', '15:21:00', '2024-05-27 07:24:05', '2024-05-27 07:24:05'),
(56, 147, 'Monday', 3, '13:19:00', '14:45:00', '2024-06-03 07:45:58', '2024-06-04 10:19:47'),
(57, 147, 'Tuesday', 4, '14:47:00', '15:47:00', '2024-06-03 07:48:03', '2024-06-03 07:48:03'),
(58, 147, 'Wednesday', 5, '13:53:00', '17:49:00', '2024-06-03 07:49:41', '2024-06-03 07:49:41'),
(59, 147, 'Friday', 7, '15:18:00', '17:30:00', '2024-06-03 07:52:54', '2024-06-03 07:52:54'),
(60, 147, 'Saturday', 1, '12:19:00', '13:18:00', '2024-06-03 07:53:41', '2024-06-04 04:19:51'),
(63, 147, 'Thursday', 6, '16:29:00', '19:29:00', '2024-06-03 08:29:19', '2024-06-03 08:29:19'),
(79, 130, 'Tuesday', 4, '15:31:00', '15:31:00', '2024-06-03 09:31:36', '2024-06-03 09:31:36'),
(81, 130, 'Wednesday', 5, '17:31:00', '18:31:00', '2024-06-03 09:31:49', '2024-06-03 09:31:49'),
(82, 130, 'Saturday', 1, '17:31:00', '19:31:00', '2024-06-03 09:32:01', '2024-06-05 09:47:01'),
(83, 130, 'Friday', 7, '15:31:00', '17:31:00', '2024-06-03 09:33:16', '2024-06-03 09:33:16'),
(84, 130, 'Thursday', 6, '16:31:00', '18:31:00', '2024-06-03 09:33:31', '2024-06-03 09:33:31'),
(85, 130, 'Monday', 3, '15:31:00', '16:31:00', '2024-06-03 09:34:10', '2024-06-03 09:34:10'),
(86, 130, 'Sunday', 2, '17:31:00', '19:31:00', '2024-06-03 09:34:25', '2024-06-05 09:47:29'),
(102, 143, 'Saturday', 1, '12:16:00', '14:16:00', '2024-06-04 06:16:59', '2024-06-04 06:16:59'),
(103, 143, 'Sunday', 2, '14:23:00', '15:23:00', '2024-06-04 06:24:11', '2024-06-04 06:24:11'),
(104, 143, 'Monday', 3, '14:25:00', '18:25:00', '2024-06-04 06:26:02', '2024-06-04 06:26:02'),
(105, 143, 'Tuesday', 4, '12:48:00', '18:29:00', '2024-06-04 06:29:48', '2024-06-05 06:49:24'),
(106, 143, 'Wednesday', 5, '14:48:00', '17:31:00', '2024-06-04 06:31:20', '2024-06-05 06:49:02'),
(112, 129, 'Saturday', 1, '06:00:00', '18:00:00', '2024-06-04 07:14:55', '2024-06-04 07:23:48'),
(113, 129, 'Saturday', 1, '05:00:00', '06:00:00', '2024-06-04 10:10:05', '2024-06-04 10:10:05'),
(115, 143, 'Thursday', 6, '22:48:00', '23:48:00', '2024-06-05 06:54:40', '2024-06-05 06:54:40');

--
-- Indexes for dumped tables
--

--
-- Indexes for table `addresses`
--
ALTER TABLE `addresses`
  ADD PRIMARY KEY (`id`),
  ADD KEY `addresses_user_id_foreign` (`user_id`),
  ADD KEY `addresses_region_id_foreign` (`region_id`);

--
-- Indexes for table `admins`
--
ALTER TABLE `admins`
  ADD PRIMARY KEY (`id`);

--
-- Indexes for table `admin_notifications`
--
ALTER TABLE `admin_notifications`
  ADD PRIMARY KEY (`id`),
  ADD KEY `admin_notifications_admin_id_foreign` (`admin_id`);

--
-- Indexes for table `cards`
--
ALTER TABLE `cards`
  ADD PRIMARY KEY (`id`),
  ADD KEY `cards_category_id_foreign` (`category_id`);

--
-- Indexes for table `card_group`
--
ALTER TABLE `card_group`
  ADD PRIMARY KEY (`id`),
  ADD KEY `card_group_card_id_foreign` (`card_id`),
  ADD KEY `card_group_group_id_foreign` (`group_id`);

--
-- Indexes for table `carts`
--
ALTER TABLE `carts`
  ADD PRIMARY KEY (`id`),
  ADD KEY `carts_user_id_foreign` (`user_id`),
  ADD KEY `carts_company_service_id_foreign` (`company_service_id`);

--
-- Indexes for table `categories`
--
ALTER TABLE `categories`
  ADD PRIMARY KEY (`id`),
  ADD KEY `categories_parent_id_foreign` (`parent_id`);

--
-- Indexes for table `change_password_tokens`
--
ALTER TABLE `change_password_tokens`
  ADD PRIMARY KEY (`id`),
  ADD KEY `change_password_tokens_user_id_foreign` (`user_id`);

--
-- Indexes for table `cities`
--
ALTER TABLE `cities`
  ADD PRIMARY KEY (`id`),
  ADD KEY `cities_region_id_foreign` (`region_id`);

--
-- Indexes for table `companies`
--
ALTER TABLE `companies`
  ADD PRIMARY KEY (`id`),
  ADD KEY `companies_user_id_foreign` (`user_id`);

--
-- Indexes for table `company_services`
--
ALTER TABLE `company_services`
  ADD PRIMARY KEY (`id`),
  ADD KEY `company_services_company_id_foreign` (`company_id`),
  ADD KEY `company_services_service_id_foreign` (`service_id`),
  ADD KEY `company_services_standard_id_foreign` (`standard_id`);

--
-- Indexes for table `contacts`
--
ALTER TABLE `contacts`
  ADD PRIMARY KEY (`id`);

--
-- Indexes for table `contactuses`
--
ALTER TABLE `contactuses`
  ADD PRIMARY KEY (`id`);

--
-- Indexes for table `countries`
--
ALTER TABLE `countries`
  ADD PRIMARY KEY (`id`);

--
-- Indexes for table `days`
--
ALTER TABLE `days`
  ADD PRIMARY KEY (`id`);

--
-- Indexes for table `failed_jobs`
--
ALTER TABLE `failed_jobs`
  ADD PRIMARY KEY (`id`),
  ADD UNIQUE KEY `failed_jobs_uuid_unique` (`uuid`);

--
-- Indexes for table `favorates`
--
ALTER TABLE `favorates`
  ADD PRIMARY KEY (`id`),
  ADD KEY `favorates_user_id_foreign` (`user_id`),
  ADD KEY `favorates_company_service_id_foreign` (`company_service_id`);

--
-- Indexes for table `groups`
--
ALTER TABLE `groups`
  ADD PRIMARY KEY (`id`);

--
-- Indexes for table `migrations`
--
ALTER TABLE `migrations`
  ADD PRIMARY KEY (`id`);

--
-- Indexes for table `notifications`
--
ALTER TABLE `notifications`
  ADD PRIMARY KEY (`id`);

--
-- Indexes for table `orders`
--
ALTER TABLE `orders`
  ADD PRIMARY KEY (`id`),
  ADD KEY `orders_company_id_foreign` (`company_id`),
  ADD KEY `orders_user_id_foreign` (`user_id`),
  ADD KEY `orders_payment_method_id_foreign` (`payment_method_id`),
  ADD KEY `address_id` (`address_id`);

--
-- Indexes for table `order_details`
--
ALTER TABLE `order_details`
  ADD PRIMARY KEY (`id`),
  ADD KEY `order_details_order_id_foreign` (`order_id`),
  ADD KEY `order_details_company_service_id_foreign` (`company_service_id`),
  ADD KEY `order_details_standard_id_foreign` (`standard_id`);

--
-- Indexes for table `password_reset_tokens`
--
ALTER TABLE `password_reset_tokens`
  ADD PRIMARY KEY (`email`);

--
-- Indexes for table `payment_methods`
--
ALTER TABLE `payment_methods`
  ADD PRIMARY KEY (`id`);

--
-- Indexes for table `personal_access_tokens`
--
ALTER TABLE `personal_access_tokens`
  ADD PRIMARY KEY (`id`),
  ADD UNIQUE KEY `personal_access_tokens_token_unique` (`token`),
  ADD KEY `personal_access_tokens_tokenable_type_tokenable_id_index` (`tokenable_type`,`tokenable_id`);

--
-- Indexes for table `promo_codes`
--
ALTER TABLE `promo_codes`
  ADD PRIMARY KEY (`id`);

--
-- Indexes for table `promo_code_user`
--
ALTER TABLE `promo_code_user`
  ADD PRIMARY KEY (`id`),
  ADD KEY `promo_code_user_user_id_foreign` (`user_id`),
  ADD KEY `promo_code_user_promo_code_id_foreign` (`promo_code_id`);

--
-- Indexes for table `regions`
--
ALTER TABLE `regions`
  ADD PRIMARY KEY (`id`),
  ADD KEY `regions_country_id_foreign` (`country_id`);

--
-- Indexes for table `reviews`
--
ALTER TABLE `reviews`
  ADD PRIMARY KEY (`id`),
  ADD KEY `reviews_company_id_foreign` (`company_id`),
  ADD KEY `reviews_user_id_foreign` (`user_id`);

--
-- Indexes for table `serials`
--
ALTER TABLE `serials`
  ADD PRIMARY KEY (`id`),
  ADD KEY `serials_card_id_foreign` (`card_id`),
  ADD KEY `serials_user_id_foreign` (`user_id`);

--
-- Indexes for table `services`
--
ALTER TABLE `services`
  ADD PRIMARY KEY (`id`);

--
-- Indexes for table `settings`
--
ALTER TABLE `settings`
  ADD PRIMARY KEY (`id`);

--
-- Indexes for table `sidepages`
--
ALTER TABLE `sidepages`
  ADD PRIMARY KEY (`id`);

--
-- Indexes for table `slides`
--
ALTER TABLE `slides`
  ADD PRIMARY KEY (`id`);

--
-- Indexes for table `socials`
--
ALTER TABLE `socials`
  ADD PRIMARY KEY (`id`);

--
-- Indexes for table `standards`
--
ALTER TABLE `standards`
  ADD PRIMARY KEY (`id`);

--
-- Indexes for table `tokens`
--
ALTER TABLE `tokens`
  ADD PRIMARY KEY (`id`),
  ADD KEY `tokens_user_id_foreign` (`user_id`),
  ADD KEY `tokens_admin_id_foreign` (`admin_id`);

--
-- Indexes for table `transactions`
--
ALTER TABLE `transactions`
  ADD PRIMARY KEY (`id`);

--
-- Indexes for table `users`
--
ALTER TABLE `users`
  ADD PRIMARY KEY (`id`),
  ADD UNIQUE KEY `users_phone_unique` (`phone`),
  ADD UNIQUE KEY `users_email_unique` (`email`);

--
-- Indexes for table `user_notifications`
--
ALTER TABLE `user_notifications`
  ADD PRIMARY KEY (`id`),
  ADD KEY `user_notifications_user_id_foreign` (`user_id`),
  ADD KEY `user_notifications_order_id_foreign` (`order_id`);

--
-- Indexes for table `user_otps`
--
ALTER TABLE `user_otps`
  ADD PRIMARY KEY (`id`);

--
-- Indexes for table `work_times`
--
ALTER TABLE `work_times`
  ADD PRIMARY KEY (`id`),
  ADD KEY `work_times_company_id_foreign` (`company_id`);

--
-- AUTO_INCREMENT for dumped tables
--

--
-- AUTO_INCREMENT for table `addresses`
--
ALTER TABLE `addresses`
  MODIFY `id` bigint(20) UNSIGNED NOT NULL AUTO_INCREMENT, AUTO_INCREMENT=41;

--
-- AUTO_INCREMENT for table `admins`
--
ALTER TABLE `admins`
  MODIFY `id` bigint(20) UNSIGNED NOT NULL AUTO_INCREMENT, AUTO_INCREMENT=156;

--
-- AUTO_INCREMENT for table `admin_notifications`
--
ALTER TABLE `admin_notifications`
  MODIFY `id` bigint(20) UNSIGNED NOT NULL AUTO_INCREMENT, AUTO_INCREMENT=131;

--
-- AUTO_INCREMENT for table `cards`
--
ALTER TABLE `cards`
  MODIFY `id` bigint(20) UNSIGNED NOT NULL AUTO_INCREMENT, AUTO_INCREMENT=2;

--
-- AUTO_INCREMENT for table `card_group`
--
ALTER TABLE `card_group`
  MODIFY `id` bigint(20) UNSIGNED NOT NULL AUTO_INCREMENT, AUTO_INCREMENT=6;

--
-- AUTO_INCREMENT for table `carts`
--
ALTER TABLE `carts`
  MODIFY `id` bigint(20) UNSIGNED NOT NULL AUTO_INCREMENT, AUTO_INCREMENT=162;

--
-- AUTO_INCREMENT for table `categories`
--
ALTER TABLE `categories`
  MODIFY `id` bigint(20) UNSIGNED NOT NULL AUTO_INCREMENT, AUTO_INCREMENT=7;

--
-- AUTO_INCREMENT for table `change_password_tokens`
--
ALTER TABLE `change_password_tokens`
  MODIFY `id` bigint(20) UNSIGNED NOT NULL AUTO_INCREMENT, AUTO_INCREMENT=21;

--
-- AUTO_INCREMENT for table `cities`
--
ALTER TABLE `cities`
  MODIFY `id` bigint(20) UNSIGNED NOT NULL AUTO_INCREMENT, AUTO_INCREMENT=4215;

--
-- AUTO_INCREMENT for table `companies`
--
ALTER TABLE `companies`
  MODIFY `id` bigint(20) UNSIGNED NOT NULL AUTO_INCREMENT, AUTO_INCREMENT=149;

--
-- AUTO_INCREMENT for table `company_services`
--
ALTER TABLE `company_services`
  MODIFY `id` bigint(20) UNSIGNED NOT NULL AUTO_INCREMENT, AUTO_INCREMENT=80;

--
-- AUTO_INCREMENT for table `contacts`
--
ALTER TABLE `contacts`
  MODIFY `id` bigint(20) UNSIGNED NOT NULL AUTO_INCREMENT;

--
-- AUTO_INCREMENT for table `contactuses`
--
ALTER TABLE `contactuses`
  MODIFY `id` bigint(20) UNSIGNED NOT NULL AUTO_INCREMENT, AUTO_INCREMENT=13;

--
-- AUTO_INCREMENT for table `countries`
--
ALTER TABLE `countries`
  MODIFY `id` bigint(20) UNSIGNED NOT NULL AUTO_INCREMENT, AUTO_INCREMENT=8;

--
-- AUTO_INCREMENT for table `days`
--
ALTER TABLE `days`
  MODIFY `id` bigint(20) NOT NULL AUTO_INCREMENT, AUTO_INCREMENT=8;

--
-- AUTO_INCREMENT for table `failed_jobs`
--
ALTER TABLE `failed_jobs`
  MODIFY `id` bigint(20) UNSIGNED NOT NULL AUTO_INCREMENT;

--
-- AUTO_INCREMENT for table `favorates`
--
ALTER TABLE `favorates`
  MODIFY `id` bigint(20) UNSIGNED NOT NULL AUTO_INCREMENT, AUTO_INCREMENT=16;

--
-- AUTO_INCREMENT for table `groups`
--
ALTER TABLE `groups`
  MODIFY `id` bigint(20) UNSIGNED NOT NULL AUTO_INCREMENT, AUTO_INCREMENT=6;

--
-- AUTO_INCREMENT for table `migrations`
--
ALTER TABLE `migrations`
  MODIFY `id` int(10) UNSIGNED NOT NULL AUTO_INCREMENT, AUTO_INCREMENT=59;

--
-- AUTO_INCREMENT for table `notifications`
--
ALTER TABLE `notifications`
  MODIFY `id` bigint(20) UNSIGNED NOT NULL AUTO_INCREMENT, AUTO_INCREMENT=64;

--
-- AUTO_INCREMENT for table `orders`
--
ALTER TABLE `orders`
  MODIFY `id` bigint(20) UNSIGNED NOT NULL AUTO_INCREMENT, AUTO_INCREMENT=57;

--
-- AUTO_INCREMENT for table `order_details`
--
ALTER TABLE `order_details`
  MODIFY `id` bigint(20) UNSIGNED NOT NULL AUTO_INCREMENT, AUTO_INCREMENT=66;

--
-- AUTO_INCREMENT for table `payment_methods`
--
ALTER TABLE `payment_methods`
  MODIFY `id` bigint(20) UNSIGNED NOT NULL AUTO_INCREMENT, AUTO_INCREMENT=6;

--
-- AUTO_INCREMENT for table `personal_access_tokens`
--
ALTER TABLE `personal_access_tokens`
  MODIFY `id` bigint(20) UNSIGNED NOT NULL AUTO_INCREMENT, AUTO_INCREMENT=985;

--
-- AUTO_INCREMENT for table `promo_codes`
--
ALTER TABLE `promo_codes`
  MODIFY `id` bigint(20) UNSIGNED NOT NULL AUTO_INCREMENT;

--
-- AUTO_INCREMENT for table `promo_code_user`
--
ALTER TABLE `promo_code_user`
  MODIFY `id` bigint(20) UNSIGNED NOT NULL AUTO_INCREMENT;

--
-- AUTO_INCREMENT for table `regions`
--
ALTER TABLE `regions`
  MODIFY `id` bigint(20) UNSIGNED NOT NULL AUTO_INCREMENT, AUTO_INCREMENT=27;

--
-- AUTO_INCREMENT for table `reviews`
--
ALTER TABLE `reviews`
  MODIFY `id` bigint(20) UNSIGNED NOT NULL AUTO_INCREMENT, AUTO_INCREMENT=14;

--
-- AUTO_INCREMENT for table `serials`
--
ALTER TABLE `serials`
  MODIFY `id` bigint(20) UNSIGNED NOT NULL AUTO_INCREMENT, AUTO_INCREMENT=2;

--
-- AUTO_INCREMENT for table `services`
--
ALTER TABLE `services`
  MODIFY `id` bigint(20) UNSIGNED NOT NULL AUTO_INCREMENT, AUTO_INCREMENT=8;

--
-- AUTO_INCREMENT for table `settings`
--
ALTER TABLE `settings`
  MODIFY `id` bigint(20) UNSIGNED NOT NULL AUTO_INCREMENT, AUTO_INCREMENT=15;

--
-- AUTO_INCREMENT for table `sidepages`
--
ALTER TABLE `sidepages`
  MODIFY `id` bigint(20) UNSIGNED NOT NULL AUTO_INCREMENT, AUTO_INCREMENT=6;

--
-- AUTO_INCREMENT for table `slides`
--
ALTER TABLE `slides`
  MODIFY `id` bigint(20) UNSIGNED NOT NULL AUTO_INCREMENT, AUTO_INCREMENT=4;

--
-- AUTO_INCREMENT for table `socials`
--
ALTER TABLE `socials`
  MODIFY `id` bigint(20) UNSIGNED NOT NULL AUTO_INCREMENT, AUTO_INCREMENT=14;

--
-- AUTO_INCREMENT for table `standards`
--
ALTER TABLE `standards`
  MODIFY `id` bigint(20) UNSIGNED NOT NULL AUTO_INCREMENT, AUTO_INCREMENT=2;

--
-- AUTO_INCREMENT for table `tokens`
--
ALTER TABLE `tokens`
  MODIFY `id` bigint(20) UNSIGNED NOT NULL AUTO_INCREMENT, AUTO_INCREMENT=429;

--
-- AUTO_INCREMENT for table `transactions`
--
ALTER TABLE `transactions`
  MODIFY `id` bigint(20) UNSIGNED NOT NULL AUTO_INCREMENT;

--
-- AUTO_INCREMENT for table `users`
--
ALTER TABLE `users`
  MODIFY `id` bigint(20) UNSIGNED NOT NULL AUTO_INCREMENT, AUTO_INCREMENT=42;

--
-- AUTO_INCREMENT for table `user_notifications`
--
ALTER TABLE `user_notifications`
  MODIFY `id` bigint(20) UNSIGNED NOT NULL AUTO_INCREMENT, AUTO_INCREMENT=101;

--
-- AUTO_INCREMENT for table `user_otps`
--
ALTER TABLE `user_otps`
  MODIFY `id` bigint(20) UNSIGNED NOT NULL AUTO_INCREMENT;

--
-- AUTO_INCREMENT for table `work_times`
--
ALTER TABLE `work_times`
  MODIFY `id` bigint(20) UNSIGNED NOT NULL AUTO_INCREMENT, AUTO_INCREMENT=116;

--
-- Constraints for dumped tables
--

--
-- Constraints for table `addresses`
--
ALTER TABLE `addresses`
  ADD CONSTRAINT `addresses_region_id_foreign` FOREIGN KEY (`region_id`) REFERENCES `regions` (`id`) ON DELETE CASCADE,
  ADD CONSTRAINT `addresses_user_id_foreign` FOREIGN KEY (`user_id`) REFERENCES `users` (`id`) ON DELETE CASCADE;

--
-- Constraints for table `admin_notifications`
--
ALTER TABLE `admin_notifications`
  ADD CONSTRAINT `admin_notifications_admin_id_foreign` FOREIGN KEY (`admin_id`) REFERENCES `admins` (`id`) ON DELETE CASCADE ON UPDATE CASCADE;

--
-- Constraints for table `cards`
--
ALTER TABLE `cards`
  ADD CONSTRAINT `cards_category_id_foreign` FOREIGN KEY (`category_id`) REFERENCES `categories` (`id`) ON DELETE CASCADE;

--
-- Constraints for table `card_group`
--
ALTER TABLE `card_group`
  ADD CONSTRAINT `card_group_card_id_foreign` FOREIGN KEY (`card_id`) REFERENCES `cards` (`id`) ON DELETE CASCADE,
  ADD CONSTRAINT `card_group_group_id_foreign` FOREIGN KEY (`group_id`) REFERENCES `groups` (`id`) ON DELETE CASCADE;

--
-- Constraints for table `carts`
--
ALTER TABLE `carts`
  ADD CONSTRAINT `carts_company_service_id_foreign` FOREIGN KEY (`company_service_id`) REFERENCES `company_services` (`id`) ON DELETE CASCADE,
  ADD CONSTRAINT `carts_user_id_foreign` FOREIGN KEY (`user_id`) REFERENCES `users` (`id`) ON DELETE CASCADE;

--
-- Constraints for table `categories`
--
ALTER TABLE `categories`
  ADD CONSTRAINT `categories_parent_id_foreign` FOREIGN KEY (`parent_id`) REFERENCES `categories` (`id`) ON DELETE CASCADE;

--
-- Constraints for table `change_password_tokens`
--
ALTER TABLE `change_password_tokens`
  ADD CONSTRAINT `change_password_tokens_user_id_foreign` FOREIGN KEY (`user_id`) REFERENCES `users` (`id`) ON DELETE CASCADE;

--
-- Constraints for table `cities`
--
ALTER TABLE `cities`
  ADD CONSTRAINT `cities_region_id_foreign` FOREIGN KEY (`region_id`) REFERENCES `regions` (`id`) ON DELETE CASCADE;

--
-- Constraints for table `companies`
--
ALTER TABLE `companies`
  ADD CONSTRAINT `companies_user_id_foreign` FOREIGN KEY (`user_id`) REFERENCES `users` (`id`) ON DELETE CASCADE;

--
-- Constraints for table `company_services`
--
ALTER TABLE `company_services`
  ADD CONSTRAINT `company_services_company_id_foreign` FOREIGN KEY (`company_id`) REFERENCES `companies` (`id`) ON DELETE CASCADE,
  ADD CONSTRAINT `company_services_service_id_foreign` FOREIGN KEY (`service_id`) REFERENCES `services` (`id`) ON DELETE CASCADE,
  ADD CONSTRAINT `company_services_standard_id_foreign` FOREIGN KEY (`standard_id`) REFERENCES `standards` (`id`) ON DELETE CASCADE;

--
-- Constraints for table `favorates`
--
ALTER TABLE `favorates`
  ADD CONSTRAINT `favorates_company_service_id_foreign` FOREIGN KEY (`company_service_id`) REFERENCES `company_services` (`id`) ON DELETE CASCADE,
  ADD CONSTRAINT `favorates_user_id_foreign` FOREIGN KEY (`user_id`) REFERENCES `users` (`id`) ON DELETE CASCADE;

--
-- Constraints for table `orders`
--
ALTER TABLE `orders`
  ADD CONSTRAINT `orders_company_id_foreign` FOREIGN KEY (`company_id`) REFERENCES `companies` (`id`) ON DELETE CASCADE,
  ADD CONSTRAINT `orders_ibfk_1` FOREIGN KEY (`address_id`) REFERENCES `addresses` (`id`) ON DELETE SET NULL,
  ADD CONSTRAINT `orders_payment_method_id_foreign` FOREIGN KEY (`payment_method_id`) REFERENCES `payment_methods` (`id`) ON DELETE CASCADE,
  ADD CONSTRAINT `orders_user_id_foreign` FOREIGN KEY (`user_id`) REFERENCES `users` (`id`) ON DELETE CASCADE;

--
-- Constraints for table `order_details`
--
ALTER TABLE `order_details`
  ADD CONSTRAINT `order_details_company_service_id_foreign` FOREIGN KEY (`company_service_id`) REFERENCES `company_services` (`id`) ON DELETE CASCADE,
  ADD CONSTRAINT `order_details_order_id_foreign` FOREIGN KEY (`order_id`) REFERENCES `orders` (`id`) ON DELETE CASCADE,
  ADD CONSTRAINT `order_details_standard_id_foreign` FOREIGN KEY (`standard_id`) REFERENCES `standards` (`id`) ON DELETE CASCADE;

--
-- Constraints for table `promo_code_user`
--
ALTER TABLE `promo_code_user`
  ADD CONSTRAINT `promo_code_user_promo_code_id_foreign` FOREIGN KEY (`promo_code_id`) REFERENCES `promo_codes` (`id`) ON DELETE CASCADE,
  ADD CONSTRAINT `promo_code_user_user_id_foreign` FOREIGN KEY (`user_id`) REFERENCES `users` (`id`) ON DELETE CASCADE;

--
-- Constraints for table `regions`
--
ALTER TABLE `regions`
  ADD CONSTRAINT `regions_country_id_foreign` FOREIGN KEY (`country_id`) REFERENCES `countries` (`id`) ON DELETE CASCADE;

--
-- Constraints for table `reviews`
--
ALTER TABLE `reviews`
  ADD CONSTRAINT `reviews_company_id_foreign` FOREIGN KEY (`company_id`) REFERENCES `companies` (`id`) ON DELETE CASCADE,
  ADD CONSTRAINT `reviews_user_id_foreign` FOREIGN KEY (`user_id`) REFERENCES `users` (`id`) ON DELETE CASCADE;

--
-- Constraints for table `serials`
--
ALTER TABLE `serials`
  ADD CONSTRAINT `serials_card_id_foreign` FOREIGN KEY (`card_id`) REFERENCES `cards` (`id`) ON DELETE CASCADE,
  ADD CONSTRAINT `serials_user_id_foreign` FOREIGN KEY (`user_id`) REFERENCES `users` (`id`);

--
-- Constraints for table `tokens`
--
ALTER TABLE `tokens`
  ADD CONSTRAINT `tokens_admin_id_foreign` FOREIGN KEY (`admin_id`) REFERENCES `admins` (`id`) ON DELETE CASCADE ON UPDATE CASCADE,
  ADD CONSTRAINT `tokens_user_id_foreign` FOREIGN KEY (`user_id`) REFERENCES `users` (`id`) ON DELETE CASCADE;

--
-- Constraints for table `user_notifications`
--
ALTER TABLE `user_notifications`
  ADD CONSTRAINT `user_notifications_order_id_foreign` FOREIGN KEY (`order_id`) REFERENCES `orders` (`id`) ON DELETE CASCADE,
  ADD CONSTRAINT `user_notifications_user_id_foreign` FOREIGN KEY (`user_id`) REFERENCES `users` (`id`) ON DELETE CASCADE;

--
-- Constraints for table `work_times`
--
ALTER TABLE `work_times`
  ADD CONSTRAINT `work_times_company_id_foreign` FOREIGN KEY (`company_id`) REFERENCES `companies` (`id`) ON DELETE CASCADE;
COMMIT;

/*!40101 SET CHARACTER_SET_CLIENT=@OLD_CHARACTER_SET_CLIENT */;
/*!40101 SET CHARACTER_SET_RESULTS=@OLD_CHARACTER_SET_RESULTS */;
/*!40101 SET COLLATION_CONNECTION=@OLD_COLLATION_CONNECTION */;
